date,ticker,held,close,state,zone_lo,zone_hi,poc,pct_in_profit,wk_circle,wk_score,wk_weeks,monthly_up,vh_status,whale,absorption,divergence,shelf_stable,conv_score,conv_tier,gates_ok,gates_failed,ftag,rs12_rank,origin,whale_rank,candle,rs6_rank
2026-07-09,0700,0,473,CAUTION,457.38,480.71,466.711,48.08,WHITE,0,21,0,,1,1,0,1,10,fails,0,G1 size;G2 trend;G3 leader,F:—,,,,,
2026-07-09,1810,0,25.14,CAUTION,22.68,23.84,32.0016,18.12,WHITE,0,39,0,BREAKDOWN,0,1,0,0,9,fails,0,G2 trend;G3 leader;G4 basis,F:—,,,,,
2026-07-09,3690,0,78.9,CAUTION,76.6,80.51,78.1637,32.42,WHITE,0,64,0,,1,1,0,1,14,fails,0,G2 trend;G3 leader,F:—,,,,,
2026-07-09,9992,1,150.8,CAUTION,,,154.259,8.18,WHITE,0,19,0,BREAKDOWN,0,0,0,0,13,fails,0,G2 trend;G3 leader;G4 basis,F:—,,,,,
2026-07-09,AAPL,1,313.39,ACCUMULATE,305.53,321.12,311.764,99.09,RED,4,15,1,BREAKOUT,0,1,0,1,65,fails,0,G1 size,F:2/3,,,,,
2026-07-09,ADBE,0,220.94,CAUTION,213.36,224.24,243.185,24.77,WHITE,0,83,0,,1,1,0,1,13,fails,0,G2 trend;G3 leader;G4 basis,F:3/3,,,,,
2026-07-09,ALAB,0,393.16,ACCUMULATE,377.88,397.16,123.076,86,RED,4,12,1,,0,0,0,1,83,CONVICTION,1,,F:3/3,,,,,
2026-07-09,AMAT,0,570.5,HOLD,432.78,454.86,391.467,75.81,RED,4,43,1,BREAKOUT,0,0,0,0,65,fails,0,G1 size,F:2/3,,,,,
2026-07-09,AMD,1,517.41,ACCUMULATE,501.6,527.19,215.827,89.71,RED,4,17,1,BREAKOUT,0,0,0,1,70,fails,0,G1 size,F:3/3,,,,,
2026-07-09,AMZN,0,243.62,ACCUMULATE,233.55,245.46,230.099,67.08,RED,3,2,1,BREAKDOWN,1,1,1,1,40,fails,0,G1 size;G3 leader,F:3/3,,,,,
2026-07-09,ANET,0,181.05,HOLD,166.54,175.04,143.276,100,RED,4,13,1,BREAKOUT,0,0,0,0,72,STARTER,1,,F:3/3,,,,,
2026-07-09,APP,0,522.18,HOLD,457.04,480.36,466.365,68.83,RED,3,2,1,BREAKOUT,0,1,0,0,53,fails,1,,F:2/2,,,,,
2026-07-09,ARM,0,300.24,HOLD,206.46,216.99,210.673,62.02,RED,4,14,1,,0,0,0,0,69,STARTER,1,,F:3/3,,,,,
2026-07-09,ASML,0,1768.65,ACCUMULATE,1712.67,1800.05,1379.34,78.84,RED,4,47,1,,0,0,0,1,74,STARTER,1,,F:1/1,,,,,
2026-07-09,ASTS,0,74.95,BOTTOMING,68.17,71.65,86.0499,23.68,AMBER,2,1,0,BREAKOUT,0,0,0,0,23,fails,0,G2 trend;G4 basis,F:0/2,,,,,
2026-07-09,AVGO,1,388.69,ACCUMULATE,383.25,402.81,379.737,66.52,RED,3,1,1,INSIDE,0,0,0,1,55,fails,0,G1 size,F:3/3,,,,,
2026-07-09,AXON,0,599.8,CAUTION,589.34,619.41,393.819,85.11,WHITE,1,35,1,,0,0,0,1,37,fails,0,G2 trend;G3 leader,F:3/3,,,,,
2026-07-09,CAVA,0,67.59,CAUTION,66.52,69.92,79.8304,24.04,AMBER,2,2,0,,0,0,0,1,25,fails,0,G2 trend;G3 leader;G4 basis,F:3/3,,,,,
2026-07-09,COST,0,953.13,CAUTION,936.12,983.88,955.223,33.15,WHITE,1,1,0,BREAKDOWN,1,1,0,1,13,fails,0,G2 trend;G3 leader;G4 basis,F:2/3,,,,,
2026-07-09,CRDO,0,258.69,ACCUMULATE,247.1,259.71,111.455,89.74,RED,4,12,1,,0,0,0,1,83,CONVICTION,1,,F:3/3,,,,,
2026-07-09,CRM,0,166.58,CAUTION,162.46,170.75,183.972,22.37,WHITE,0,69,0,,1,1,0,1,13,fails,0,G2 trend;G3 leader;G4 basis,F:2/3,,,,,
2026-07-09,CRWD,0,191.12,ACCUMULATE,184.76,194.18,104.629,95.2,RED,4,9,1,BREAKOUT,0,0,0,1,68,STARTER,1,,F:2/2,,,,,
2026-07-09,CSPX,1,805.96,ACCUMULATE,781.79,821.67,797.742,88.14,RED,4,14,1,BREAKOUT,0,1,0,1,60,fails,0,G3 leader,F:—,,,,,
2026-07-09,DDOG,0,261.09,HOLD,227.86,239.49,127.455,95.34,RED,4,10,1,BREAKOUT,1,1,1,0,82,CONVICTION,1,,F:2/2,,,,,
2026-07-09,DRAM,1,62.04,CAUTION,59.2,62.22,60.41,48.88,RED,3,14,0,,0,0,0,0,59,fails,0,G2 trend;G5 data,F:—,,,,,
2026-07-09,DUOL,0,127.57,CAUTION,96.87,101.82,98.8507,70.14,WHITE,0,48,0,,0,0,0,0,30,fails,0,G2 trend;G3 leader,F:2/2,,,,,
2026-07-09,GOOG,1,358.71,ACCUMULATE,353.12,371.14,360.33,72.72,RED,3,15,1,,1,1,0,1,55,fails,0,G1 size;G4 basis,F:2/2,,,,,
2026-07-09,GRAB,0,3.81,BOTTOMING,3.55,3.73,3.6237,49.95,WHITE,0,27,0,BREAKOUT,0,0,0,0,25,fails,0,G2 trend;G3 leader,F:2/2,,,,,
2026-07-09,HIMS,0,36.07,HOLD,33.94,35.67,24.0908,78.97,RED,3,2,1,BREAKOUT,0,0,0,0,47,fails,0,G3 leader,F:2/2,,,,,
2026-07-09,HOOD,0,113.53,HOLD,103.35,108.62,76.046,82.84,RED,3,2,1,BREAKOUT,0,0,0,0,49,fails,0,G3 leader,F:2/2,,,,,
2026-07-09,INTC,0,110.24,ACCUMULATE,107.43,112.91,45.2035,65.46,RED,4,47,1,,0,0,0,1,70,fails,0,G1 size,F:1/3,,,,,
2026-07-09,IOT,0,36.44,HOLD,32.93,34.61,31.8175,78.78,RED,3,1,1,,0,1,0,0,50,fails,0,G3 leader,F:2/2,,,,,
2026-07-09,JPM,0,330.62,ACCUMULATE,325.7,342.32,310.152,88.24,RED,4,6,1,BREAKOUT,0,0,0,1,44,fails,0,G3 leader,F:2/3,,,,,
2026-07-09,KLAC,0,221.18,HOLD,184.78,194.2,146.195,74.4,RED,4,61,1,BREAKOUT,0,0,0,0,69,STARTER,1,,F:3/3,,,,,
2026-07-09,LLY,0,1215.83,HOLD,1127.8,1185.34,919.232,96.84,RED,4,9,1,,0,0,0,0,54,fails,1,,F:3/3,,,,,
2026-07-09,LRCX,0,333.15,HOLD,314.62,330.68,222.314,75.69,RED,4,58,1,BREAKOUT,0,1,0,0,65,fails,0,G1 size,F:3/3,,,,,
2026-07-09,MA,0,519.86,BOTTOMING,511.46,537.56,494.824,64.35,WHITE,1,26,0,BREAKOUT,0,0,0,1,33,fails,0,G2 trend;G3 leader,F:3/3,,,,,
2026-07-09,MDB,0,359.4,ACCUMULATE,346.04,363.69,322.776,81.03,RED,3,5,1,INSIDE,1,1,1,1,72,STARTER,1,,F:3/3,,,,,
2026-07-09,META,0,603.12,CAUTION,557.67,586.12,610.358,32.38,WHITE,0,35,0,INSIDE,0,1,0,0,10,fails,0,G1 size;G2 trend;G3 leader;G4 basis,F:2/2,,,,,
2026-07-09,MRVL,0,231.71,HOLD,198.74,208.87,89.2744,53.34,RED,4,20,1,,0,0,1,0,60,fails,0,G1 size,F:3/3,,,,,
2026-07-09,MSFT,0,383.34,CAUTION,378.15,397.44,371.614,27.56,WHITE,0,26,0,,1,1,0,1,10,fails,0,G1 size;G2 trend;G3 leader,F:3/3,,,,,
2026-07-09,MU,1,948.8,ACCUMULATE,909.66,956.07,415.428,74.05,RED,4,57,1,,0,0,0,1,70,fails,0,G1 size,F:3/3,,,,,
2026-07-09,NBIS,0,216.48,HOLD,199.34,209.51,96.2489,71.01,RED,4,23,1,BREAKOUT,0,0,0,0,74,STARTER,1,,F:2/2,,,,,
2026-07-09,NET,0,273.4,ACCUMULATE,260.52,273.82,197.998,99.77,RED,4,13,1,,0,0,0,1,72,STARTER,1,,F:2/2,,,,,
2026-07-09,NFLX,0,75.59,CAUTION,72.25,75.93,93.3606,10.76,WHITE,0,34,0,BREAKDOWN,1,1,0,1,9,fails,0,G2 trend;G3 leader;G4 basis,F:2/3,,,,,
2026-07-09,NOW,1,107.78,CAUTION,99.1,104.16,101.126,62.67,WHITE,0,50,0,,0,0,0,0,23,fails,0,G2 trend;G3 leader,F:2/3,,,,,
2026-07-09,NVDA,1,204.12,HOLD,194.02,203.92,182.93,72.56,RED,3,2,1,BREAKOUT,0,0,0,0,35,fails,0,G1 size;G3 leader,F:3/3,,,,,
2026-07-09,NVO,0,48.89,BOTTOMING,46.88,49.27,44.0682,73.16,WHITE,1,93,0,BREAKOUT,0,0,0,1,37,fails,0,G2 trend;G3 leader,F:—,,,,,
2026-07-09,ONON,0,36.38,BOTTOMING,35.18,36.97,35.8967,35.14,WHITE,0,19,0,BREAKOUT,1,1,0,1,25,fails,0,G2 trend;G3 leader,F:1/1,,,,,
2026-07-09,ORCL,0,140.49,CAUTION,139.85,146.98,142.7,6.37,WHITE,0,3,0,BREAKDOWN,1,1,0,1,5,fails,0,G1 size;G2 trend;G3 leader;G4 basis,F:3/3,,,,,
2026-07-09,PANW,0,320.59,HOLD,281.46,295.82,166.398,92.61,RED,4,9,1,,0,0,0,0,63,STARTER,1,,F:2/3,,,,,
2026-07-09,PLTR,1,132.22,CAUTION,113.64,119.44,136.12,28.46,WHITE,0,22,0,,0,1,0,0,5,fails,0,G1 size;G2 trend;G3 leader;G4 basis,F:2/2,,,,,
2026-07-09,QCOM,0,186.56,ACCUMULATE,179.02,188.16,131.179,48.46,RED,4,10,1,BREAKOUT,0,0,0,1,44,fails,0,G3 leader,F:3/3,,,,,
2026-07-09,RBLX,0,55.12,CAUTION,45.96,48.31,46.9007,47.35,WHITE,0,31,0,,0,0,0,0,22,fails,0,G2 trend;G3 leader,F:2/2,,,,,
2026-07-09,RDDT,1,195.31,HOLD,167.98,176.55,142.753,78.47,RED,3,1,1,BREAKOUT,0,0,0,0,52,fails,0,G3 leader,F:2/2,,,,,
2026-07-09,RKLB,0,83.35,PULLBACK,82.32,86.52,70.4732,48.16,AMBER,2,1,1,BREAKOUT,1,1,0,1,43,fails,0,G2 trend,F:1/3,,,,,
2026-07-09,SE,0,105.31,BOTTOMING,104.12,109.44,89.3319,61.07,WHITE,1,34,0,BREAKOUT,0,0,0,1,30,fails,0,G2 trend;G3 leader,F:2/2,,,,,
2026-07-09,SHOP,0,119.22,CAUTION,115.74,121.65,112.82,57.02,WHITE,0,22,0,INSIDE,1,1,0,1,27,fails,0,G2 trend;G3 leader,F:2/2,,,,,
2026-07-09,SNOW,0,261.31,ACCUMULATE,254.59,267.58,237.448,93.21,RED,4,5,1,INSIDE,1,1,1,1,53,fails,0,G3 leader,F:3/3,,,,,
2026-07-09,SOFI,0,17.73,BOTTOMING,17.53,18.43,17.8915,49.11,WHITE,0,21,0,BREAKOUT,1,0,1,1,17,fails,0,G2 trend;G3 leader;G4 basis,F:2/3,,,,,
2026-07-09,TMDX,0,70.44,CAUTION,67.89,71.36,69.2769,25.57,WHITE,0,16,0,BREAKDOWN,0,0,0,1,25,fails,0,G2 trend;G3 leader,F:3/3,,,,,
2026-07-09,TOST,0,28.57,CAUTION,27.55,28.95,28.1072,60.34,WHITE,0,40,0,BREAKDOWN,0,0,0,1,30,fails,0,G2 trend;G3 leader,F:2/2,,,,,
2026-07-09,TSLA,1,394.06,CAUTION,370.51,389.41,397.921,38.42,WHITE,0,3,0,BREAKDOWN,0,0,0,0,5,fails,0,G1 size;G2 trend;G3 leader;G4 basis,F:1/3,,,,,
2026-07-09,TSM,1,436.98,ACCUMULATE,426.59,448.35,435.295,85.23,RED,4,58,1,,0,0,0,1,65,fails,0,G1 size,F:3/3,,,,,
2026-07-09,UBER,0,73.6,BOTTOMING,72.8,76.51,74.2829,45.08,WHITE,0,30,0,BREAKOUT,0,0,0,1,23,fails,0,G2 trend;G3 leader;G4 basis,F:3/3,,,,,
2026-07-09,V,0,347.53,ACCUMULATE,340.93,358.32,329.468,86.78,RED,4,2,1,,0,0,0,1,44,fails,0,G3 leader,F:2/2,,,,,
2026-07-09,VRT,0,317.81,ACCUMULATE,306.99,322.65,313.254,78.85,RED,3,57,1,,0,0,0,1,78,CONVICTION,1,,F:3/3,,,,,
2026-07-09,VST,1,154.82,CAUTION,138.22,145.27,161.368,34.83,WHITE,0,30,0,BREAKDOWN,0,0,0,0,17,fails,0,G2 trend;G3 leader;G4 basis,F:3/3,,,,,
2026-07-09,ZETA,1,21.66,HOLD,20.58,21.63,18.4446,87.59,RED,4,7,1,,0,1,0,0,60,STARTER,1,,F:2/2,,,,,
2026-07-09,ZS,0,143.55,CAUTION,131.98,138.71,127.394,51.49,WHITE,0,31,0,,1,1,1,0,22,fails,0,G2 trend;G3 leader,F:3/3,,,,,
2026-07-10,0700,0,467.2,CAUTION,457.38,480.71,466.711,43.42,WHITE,0,21,0,,1,1,0,1,10,fails,0,G1 size;G2 trend;G3 leader,F:—,,,,,
2026-07-10,1810,0,26.16,CAUTION,25.29,26.58,32.0016,22.89,WHITE,0,39,0,BREAKDOWN,1,1,0,1,9,fails,0,G2 trend;G3 leader;G4 basis,F:—,,,,,
2026-07-10,3690,0,79.7,CAUTION,76.6,80.51,78.1637,32.52,WHITE,0,64,0,,1,1,0,1,14,fails,0,G2 trend;G3 leader,F:—,,,,,
2026-07-10,9992,1,150.8,CAUTION,,,154.259,8.56,WHITE,0,19,0,BREAKDOWN,0,0,0,0,13,fails,0,G2 trend;G3 leader;G4 basis,F:—,,,,,
2026-07-10,AAPL,1,316.22,ACCUMULATE,305.53,321.12,311.764,99.82,RED,4,15,1,BREAKOUT,0,1,0,1,70,fails,0,G1 size,F:2/3,,,,,
2026-07-10,ADBE,0,222.65,CAUTION,221.68,232.99,243.185,27.59,WHITE,0,83,0,,1,1,0,1,13,fails,0,G2 trend;G3 leader;G4 basis,F:3/3,,,,,
2026-07-10,ALAB,0,417.45,HOLD,396.8,417.04,123.076,93.73,RED,4,12,1,,0,0,0,0,78,CONVICTION,1,,F:3/3,,,,,
2026-07-10,AMAT,0,588.66,ACCUMULATE,574.73,604.05,391.467,78.27,RED,4,43,1,BREAKOUT,0,0,0,1,70,fails,0,G1 size,F:2/3,,,,,
2026-07-10,AMD,1,546.72,HOLD,501.6,527.19,215.827,96.31,RED,4,17,1,BREAKOUT,0,0,0,0,65,fails,0,G1 size,F:3/3,,,,,
2026-07-10,AMZN,0,247.04,ACCUMULATE,239.99,252.23,230.099,73.94,RED,3,2,1,BREAKDOWN,1,1,1,1,40,fails,0,G1 size;G3 leader,F:3/3,,,,,
2026-07-10,ANET,0,184.69,HOLD,161.94,170.2,142.771,99.36,RED,4,13,1,BREAKOUT,0,0,0,0,72,STARTER,1,,F:3/3,,,,,
2026-07-10,APP,0,520.43,ACCUMULATE,505.15,530.93,466.365,66.66,RED,3,2,1,BREAKOUT,1,1,1,1,58,fails,1,,F:2/2,,,,,
2026-07-10,ARM,0,327.87,HOLD,305.98,321.59,210.673,69.57,RED,4,14,1,,0,0,0,0,74,STARTER,1,,F:3/3,,,,,
2026-07-10,ASML,0,1804.25,ACCUMULATE,1752.77,1842.19,1379.34,83.91,RED,4,47,1,,0,0,0,1,74,STARTER,1,,F:1/1,,,,,
2026-07-10,ASTS,0,73.88,CAUTION,72.48,76.18,86.0499,21.7,AMBER,2,1,0,INSIDE,0,0,0,1,28,fails,0,G2 trend;G4 basis,F:0/2,,,,,
2026-07-10,AXON,0,582,CAUTION,569.66,598.72,393.819,82.08,WHITE,1,35,1,,0,0,0,1,37,fails,0,G2 trend;G3 leader,F:3/3,,,,,
2026-07-10,CAVA,0,68.2,CAUTION,66.52,69.92,79.8304,27.73,AMBER,2,2,0,,0,0,0,1,25,fails,0,G2 trend;G3 leader;G4 basis,F:3/3,,,,,
2026-07-10,COST,0,912.97,CAUTION,868.31,912.61,955.223,11.01,WHITE,1,1,0,BREAKDOWN,0,1,0,0,13,fails,0,G2 trend;G3 leader;G4 basis,F:2/3,,,,,
2026-07-10,CRDO,0,265.65,HOLD,247.1,259.71,111.455,93.13,RED,4,12,1,,0,0,0,0,78,CONVICTION,1,,F:3/3,,,,,
2026-07-10,CRM,0,162.5,CAUTION,148.58,156.17,183.972,17.22,WHITE,0,69,0,,0,1,0,0,13,fails,0,G2 trend;G3 leader;G4 basis,F:2/3,,,,,
2026-07-10,CRWD,0,198.4,HOLD,184.76,194.18,104.629,99.37,RED,4,9,1,BREAKOUT,0,0,0,0,63,STARTER,1,,F:2/2,,,,,
2026-07-10,CSPX,1,800.12,ACCUMULATE,781.79,821.67,797.742,78.34,RED,4,14,1,BREAKOUT,0,1,0,1,60,fails,0,G3 leader,F:—,,,,,
2026-07-10,D05,0,70.15,ACCUMULATE,68.45,71.95,57.421,99.52,RED,4,64,1,BREAKOUT,0,0,0,0,75,CONVICTION,1,,F:—,,,,,
2026-07-10,DDOG,0,269,ACCUMULATE,258.04,271.21,127.455,99.19,RED,4,10,1,BREAKOUT,0,1,0,1,87,CONVICTION,1,,F:2/2,,,,,
2026-07-10,DRAM,1,64.36,CAUTION,61.91,65.07,60.41,53.84,RED,3,14,0,,0,0,0,0,59,fails,0,G2 trend;G5 data,F:—,,,,,
2026-07-10,DUOL,0,129.95,CAUTION,96.87,101.82,98.8507,70.18,WHITE,0,48,0,,0,0,0,0,30,fails,0,G2 trend;G3 leader,F:2/2,,,,,
2026-07-10,ETHA,0,13.19,CAUTION,12.98,13.65,16.0445,16.37,WHITE,0,32,0,BREAKDOWN,0,0,0,1,25,fails,0,G2 trend;G3 leader;G4 basis,F:0/2,,,,,
2026-07-10,GOOG,1,356.24,HOLD,332.15,349.1,360.33,69.94,RED,3,15,1,,0,1,0,0,50,fails,0,G1 size;G4 basis,F:2/2,,,,,
2026-07-10,GRAB,0,3.88,BOTTOMING,3.55,3.73,3.6237,59.1,WHITE,0,27,0,BREAKOUT,0,0,0,0,25,fails,0,G2 trend;G3 leader,F:2/2,,,,,
2026-07-10,HIMS,0,35.45,ACCUMULATE,33.94,35.67,24.0908,77.6,RED,3,2,1,BREAKOUT,0,0,0,1,52,fails,0,G3 leader,F:2/2,,,,,
2026-07-10,HOOD,0,115.11,ACCUMULATE,112.95,118.72,76.046,84.02,RED,3,2,1,BREAKOUT,0,0,0,1,54,fails,0,G3 leader,F:2/2,,,,,
2026-07-10,IBIT,0,35.81,CAUTION,35.2,37,35.9225,16.27,WHITE,0,34,0,BREAKDOWN,1,1,0,1,18,fails,0,G2 trend;G3 leader;G4 basis,F:0/2,,,,,
2026-07-10,INTC,0,112.54,ACCUMULATE,110.48,116.12,45.2035,67.94,RED,4,47,1,,0,0,0,1,70,fails,0,G1 size,F:1/3,,,,,
2026-07-10,IOT,0,36.99,ACCUMULATE,36.42,38.28,31.8175,81.47,RED,3,1,1,,0,1,0,1,55,fails,0,G3 leader,F:2/2,,,,,
2026-07-10,JPM,0,335.47,ACCUMULATE,325.7,342.32,310.152,94.9,RED,4,6,1,BREAKOUT,0,0,0,1,44,fails,0,G3 leader,F:2/3,,,,,
2026-07-10,KLAC,0,229.52,HOLD,184.78,194.2,146.195,75.61,RED,4,61,1,BREAKOUT,0,0,0,0,69,STARTER,1,,F:3/3,,,,,
2026-07-10,LLY,0,1216.95,HOLD,1127.8,1185.34,919.232,96.5,RED,4,9,1,,0,0,0,0,54,fails,1,,F:3/3,,,,,
2026-07-10,LRCX,0,353.17,HOLD,314.62,330.68,222.314,78.38,RED,4,58,1,BREAKOUT,0,1,0,0,65,fails,0,G1 size,F:3/3,,,,,
2026-07-10,MA,0,523.2,BOTTOMING,511.46,537.56,494.824,67.42,WHITE,1,26,0,BREAKOUT,0,0,0,1,33,fails,0,G2 trend;G3 leader,F:3/3,,,,,
2026-07-10,MDB,0,362.87,ACCUMULATE,346.04,363.69,322.776,82.96,RED,3,5,1,INSIDE,1,1,1,1,72,STARTER,1,,F:3/3,,,,,
2026-07-10,META,0,631.48,BOTTOMING,598.15,628.67,610.358,63.91,WHITE,1,35,1,BREAKOUT,0,1,0,0,35,fails,0,G1 size;G2 trend;G3 leader,F:2/2,,,,,
2026-07-10,MRVL,0,243.27,HOLD,198.74,208.87,89.2744,54.04,RED,4,20,1,,0,0,1,0,60,fails,0,G1 size,F:3/3,,,,,
2026-07-10,MSFT,0,384.36,CAUTION,375.35,394.51,371.614,28.19,WHITE,0,26,0,,1,1,0,1,10,fails,0,G1 size;G2 trend;G3 leader,F:3/3,,,,,
2026-07-10,MU,0,991.64,HOLD,909.66,956.07,415.428,77.06,RED,4,57,1,,0,0,0,0,65,fails,0,G1 size,F:3/3,,,,,
2026-07-10,NBIS,0,216.2,HOLD,199.34,209.51,96.2489,70.56,RED,4,23,1,BREAKOUT,0,0,0,0,74,STARTER,1,,F:2/2,,,,,
2026-07-10,NET,0,275.8,HOLD,260.48,273.77,197.37,99.77,RED,4,13,1,,0,0,0,0,67,STARTER,1,,F:2/2,,,,,
2026-07-10,NFLX,0,75.47,CAUTION,72.25,75.93,93.3606,11.41,WHITE,0,34,0,BREAKDOWN,1,1,0,1,9,fails,0,G2 trend;G3 leader;G4 basis,F:2/3,,,,,
2026-07-10,NVDA,1,202.78,ACCUMULATE,195.86,205.86,182.93,70,RED,3,2,1,BREAKOUT,0,0,0,1,40,fails,0,G1 size;G3 leader,F:3/3,,,,,
2026-07-10,NVO,0,48.88,BOTTOMING,46.88,49.27,44.0682,73.07,WHITE,1,93,0,BREAKOUT,0,0,0,1,37,fails,0,G2 trend;G3 leader,F:—,,,,,
2026-07-10,ONON,0,36.77,BOTTOMING,35.18,36.97,35.8967,39.92,WHITE,0,19,0,BREAKOUT,1,1,0,1,25,fails,0,G2 trend;G3 leader,F:1/1,,,,,
2026-07-10,ORCL,0,144.22,CAUTION,139.85,146.98,142.7,11.44,WHITE,0,3,0,BREAKDOWN,1,1,0,1,10,fails,0,G1 size;G2 trend;G3 leader,F:3/3,,,,,
2026-07-10,PANW,0,338.31,HOLD,281.46,295.82,166.398,95.24,RED,4,9,1,,0,0,0,0,63,STARTER,1,,F:2/3,,,,,
2026-07-10,PLTR,1,129.04,CAUTION,113.64,119.44,136.12,20.6,WHITE,0,22,0,,0,1,0,0,5,fails,0,G1 size;G2 trend;G3 leader;G4 basis,F:2/2,,,,,
2026-07-10,QCOM,0,191.11,HOLD,179.02,188.16,131.179,52.34,RED,4,10,1,BREAKOUT,0,0,0,0,39,fails,0,G3 leader,F:3/3,,,,,
2026-07-10,RBLX,0,56.43,CAUTION,55.44,58.27,46.9007,51.75,WHITE,0,31,0,,1,0,1,1,22,fails,0,G2 trend;G3 leader,F:2/2,,,,,
2026-07-10,RKLB,0,82.55,PULLBACK,69.06,72.59,70.4732,45.64,AMBER,2,1,1,BREAKOUT,0,1,0,0,43,fails,0,G2 trend,F:1/3,,,,,
2026-07-10,SE,0,109.11,BOTTOMING,104.12,109.44,89.3319,69.51,WHITE,1,34,0,BREAKOUT,0,0,0,1,30,fails,0,G2 trend;G3 leader,F:2/2,,,,,
2026-07-10,SHOP,0,123.17,BOTTOMING,120.92,127.09,112.82,66.98,WHITE,1,22,0,BREAKOUT,1,1,0,1,27,fails,0,G2 trend;G3 leader,F:2/2,,,,,
2026-07-10,SNOW,0,267.49,ACCUMULATE,254.59,267.58,237.448,97.68,RED,4,5,1,BREAKOUT,0,1,0,1,58,fails,0,G3 leader,F:3/3,,,,,
2026-07-10,SOFI,0,18.62,BOTTOMING,17.53,18.43,17.8915,68.43,WHITE,0,21,0,BREAKOUT,0,0,0,0,27,fails,0,G2 trend;G3 leader,F:2/3,,,,,
2026-07-10,TMDX,0,72.19,CAUTION,67.89,71.36,69.2769,35.9,WHITE,0,16,0,BREAKDOWN,0,0,0,0,25,fails,0,G2 trend;G3 leader,F:3/3,,,,,
2026-07-10,TOST,0,28.85,CAUTION,27.55,28.95,28.1072,67.77,WHITE,1,40,0,INSIDE,0,0,0,1,35,fails,0,G2 trend;G3 leader,F:2/2,,,,,
2026-07-10,TSLA,1,406.55,CAUTION,389.96,409.86,397.921,55.26,WHITE,1,3,1,BREAKDOWN,1,0,1,1,20,fails,0,G1 size;G2 trend;G3 leader,F:1/3,,,,,
2026-07-10,TSM,1,436.96,ACCUMULATE,430.02,451.95,438.791,84.5,RED,4,58,1,,0,0,0,1,60,fails,0,G1 size;G4 basis,F:3/3,,,,,
2026-07-10,UBER,0,74.35,BOTTOMING,72.8,76.51,74.2829,53.76,WHITE,0,30,0,BREAKOUT,0,0,0,1,28,fails,0,G2 trend;G3 leader,F:3/3,,,,,
2026-07-10,V,0,348.2,ACCUMULATE,339.29,356.6,329.468,89.49,RED,4,2,1,,0,0,0,1,44,fails,0,G3 leader,F:2/2,,,,,
2026-07-10,VRT,0,323.92,ACCUMULATE,319.15,335.43,313.254,83.77,RED,3,57,1,,0,0,0,1,78,CONVICTION,1,,F:3/3,,,,,
2026-07-10,ZS,0,147.12,CAUTION,143.87,151.21,127.394,59.73,WHITE,0,31,0,,1,1,1,1,22,fails,0,G2 trend;G3 leader,F:3/3,,,,,
2026-07-13,0700,0,459.6,CAUTION,429.12,451.01,466.711,33.01,WHITE,0,22,0,,0,1,0,0,5,fails,0,G1 size;G2 trend;G3 leader;G4 basis,F:—,,owner-request,,,
2026-07-13,1810,0,25.92,CAUTION,25.29,26.58,32.0016,23.61,WHITE,0,40,0,BREAKDOWN,1,1,0,1,9,fails,0,G2 trend;G3 leader;G4 basis,F:—,,owner-request,,,
2026-07-13,3690,0,77.1,CAUTION,76.6,80.51,78.1637,23.15,WHITE,0,65,0,,1,1,0,1,9,fails,0,G2 trend;G3 leader;G4 basis,F:—,,owner-request,,,
2026-07-13,9992,1,153.6,CAUTION,151.17,158.89,154.259,15.73,WHITE,0,20,0,INSIDE,0,0,0,1,18,fails,0,G2 trend;G3 leader;G4 basis,F:—,,holding,,,
2026-07-13,AAL,0,16.95,HOLD,15.51,16.3,15.829,81.85,RED,4,7,1,BREAKOUT,0,0,0,0,53,fails,1,,F:2/3,,shadow-screen,,,
2026-07-13,AAOI,0,119.92,ACCUMULATE,116.17,122.1,170.785,36.84,RED,3,33,1,BREAKDOWN,1,1,0,1,68,fails,0,G4 basis,F:1/3,,shadow-screen,,,
2026-07-13,AAPL,1,315.32,ACCUMULATE,305.53,321.12,311.764,99.71,RED,4,15,1,BREAKOUT,0,1,0,1,70,fails,0,G1 size,F:2/3,12,holding,3,,
2026-07-13,ABBV,0,248.08,ACCUMULATE,244.3,256.76,225.872,86.4,RED,4,5,1,BREAKOUT,0,0,0,1,48,fails,0,G3 leader,F:2/3,,shadow-screen,,,
2026-07-13,ABT,0,93.93,CAUTION,92.46,97.18,88.2856,49.21,WHITE,0,37,0,,0,0,0,1,22,fails,0,G2 trend;G3 leader,F:2/3,,shadow-screen,,,
2026-07-13,ACN,0,135.23,CAUTION,124.34,130.68,126.877,28.85,WHITE,0,24,0,BREAKDOWN,0,1,0,0,18,fails,0,G2 trend;G3 leader,F:1/2,,shadow-screen,,,
2026-07-13,ADBE,0,223.64,CAUTION,221.68,232.99,243.185,27.55,WHITE,0,83,0,,1,1,0,1,13,fails,0,G2 trend;G3 leader;G4 basis,F:3/3,,owner-request,,,
2026-07-13,ADI,0,395.65,ACCUMULATE,384.69,404.31,392.536,62.96,RED,3,35,1,BREAKOUT,1,1,0,1,68,STARTER,1,,F:3/3,,shadow-screen,,,
2026-07-13,ALAB,0,412.97,ACCUMULATE,396.8,417.04,123.076,92.7,RED,4,12,1,,0,0,0,1,83,CONVICTION,1,,F:3/3,3,owner-request,8,,
2026-07-13,AMAT,0,602.5,ACCUMULATE,574.73,604.05,391.467,80.61,RED,4,43,1,BREAKOUT,0,0,0,1,70,fails,0,G1 size,F:2/3,5,owner-request,10,,
2026-07-13,AMD,1,557.89,ACCUMULATE,536.23,563.59,215.827,98.71,RED,4,17,1,BREAKOUT,0,0,0,1,70,fails,0,G1 size,F:3/3,4,holding,9,,
2026-07-13,AMZN,0,245.34,ACCUMULATE,241.6,253.92,230.099,70.05,RED,3,2,1,BREAKDOWN,1,1,1,1,40,fails,0,G1 size;G3 leader,F:3/3,20,owner-request,2,,
2026-07-13,ANET,0,186.96,ACCUMULATE,181.2,190.45,142.771,99.74,RED,4,13,1,BREAKOUT,0,0,0,0,77,CONVICTION,1,,F:3/3,10,owner-request,21,,
2026-07-13,APH,0,159.06,ACCUMULATE,156.26,164.23,147.137,85.05,RED,4,7,1,BREAKOUT,0,0,0,1,62,STARTER,1,,F:3/3,,shadow-screen,,,
2026-07-13,APP,0,506.98,HOLD,457.04,480.36,466.365,60.96,RED,3,2,1,BREAKOUT,0,1,0,0,53,fails,1,,F:2/2,,owner-request,,,
2026-07-13,ARM,0,323.39,HOLD,305.98,321.59,210.673,68.34,RED,4,14,1,,0,0,0,0,69,STARTER,1,,F:3/3,,owner-request,,,
2026-07-13,ASML,0,1797.32,ACCUMULATE,1752.77,1842.19,1379.34,81.89,RED,4,47,1,,0,0,0,1,74,STARTER,1,,F:1/1,8,owner-request,13,,
2026-07-13,ASTS,0,73.32,CAUTION,72.48,76.18,86.0499,21.96,AMBER,2,1,0,INSIDE,0,0,0,1,33,fails,0,G2 trend;G4 basis,F:0/2,,owner-request,,,
2026-07-13,AVGO,1,399.97,ACCUMULATE,390.66,410.59,379.737,74.66,RED,3,1,1,INSIDE,0,0,0,1,55,fails,0,G1 size,F:3/3,14,holding,16,,
2026-07-13,AXON,0,565.8,CAUTION,523.73,550.45,393.819,75.75,WHITE,1,35,1,,0,0,0,0,37,fails,0,G2 trend;G3 leader,F:3/3,,owner-request,,,
2026-07-13,AXP,0,350.58,ACCUMULATE,334.64,351.72,313.649,83.27,RED,3,2,1,BREAKOUT,0,0,0,1,52,fails,0,G3 leader,F:2/3,,shadow-screen,,,
2026-07-13,AXTI,0,57.21,PULLBACK,43.44,45.66,66.8189,33.02,AMBER,2,2,1,,0,1,0,0,52,fails,0,G2 trend;G4 basis,F:0/3,,shadow-screen,,,
2026-07-13,AZO,0,3072.64,CAUTION,3016.37,3170.26,3077.93,20.61,WHITE,0,21,0,BREAKDOWN,1,1,1,1,13,fails,0,G2 trend;G3 leader;G4 basis,F:2/3,,shadow-screen,,,
2026-07-13,BA,0,222.28,ACCUMULATE,218.65,229.81,217.965,55.03,RED,3,2,1,,0,0,0,1,47,fails,0,G3 leader,F:2/3,,shadow-screen,,,
2026-07-13,BAC,0,59.67,ACCUMULATE,58.3,61.27,52.3109,98.48,RED,4,6,1,BREAKOUT,0,0,0,1,48,fails,0,G3 leader,F:2/3,,shadow-screen,,,
2026-07-13,BE,0,244.61,HOLD,230.85,242.63,278.421,55.76,RED,3,57,1,BREAKOUT,0,1,0,0,59,fails,0,G4 basis,F:2/3,,shadow-screen,,,
2026-07-13,BKNG,0,178.39,BOTTOMING,173.04,181.87,168.127,62.78,WHITE,0,25,0,BREAKOUT,1,0,1,1,23,fails,0,G2 trend;G3 leader,F:2/3,,shadow-screen,,,
2026-07-13,BSX,0,44.77,CAUTION,43.71,45.94,44.6055,14.7,WHITE,0,32,0,,1,1,0,1,22,fails,0,G2 trend;G3 leader,F:3/3,,shadow-screen,,,
2026-07-13,C,0,140.79,HOLD,130.21,136.85,142.928,84.95,RED,4,17,1,BREAKOUT,0,0,0,0,53,fails,0,G4 basis,F:2/3,,shadow-screen,,,
2026-07-13,CAT,0,952.41,HOLD,891.71,937.2,909.906,79.06,RED,4,55,1,BREAKOUT,0,0,0,0,69,STARTER,1,,F:2/3,,shadow-screen,,,
2026-07-13,CAVA,0,72.18,CAUTION,71.21,74.84,79.8304,35.62,AMBER,2,2,0,,0,0,0,1,25,fails,0,G2 trend;G3 leader;G4 basis,F:3/3,,owner-request,,,
2026-07-13,CBRS,0,215.08,CAUTION,200.88,211.13,218.132,40.6,WHITE,0,9,0,,0,0,0,0,18,fails,0,G2 trend;G3 leader;G4 basis;G5 data,F:—,,shadow-screen,,,
2026-07-13,CEG,0,251.38,CAUTION,240.73,253.02,270.626,14.52,WHITE,0,24,0,INSIDE,0,0,0,1,27,fails,0,G2 trend;G3 leader;G4 basis,F:2/3,,shadow-screen,,,
2026-07-13,CIEN,0,460.72,HOLD,431.47,453.49,440.28,66.31,RED,3,61,1,BREAKDOWN,0,0,1,0,77,CONVICTION,1,,F:3/3,,shadow-screen,,,
2026-07-13,COHR,0,324.5,ACCUMULATE,314.64,330.69,252.107,55.67,RED,3,54,1,BREAKDOWN,1,0,1,1,73,STARTER,1,,F:2/3,,shadow-screen,,,
2026-07-13,COIN,0,159.07,CAUTION,154.06,161.92,201.954,13.95,WHITE,0,32,0,BREAKDOWN,0,0,0,1,17,fails,0,G2 trend;G3 leader;G4 basis,F:1/2,,shadow-screen,,,
2026-07-13,COST,0,916.25,CAUTION,896.56,942.3,955.223,14.38,WHITE,1,1,0,BREAKDOWN,1,1,0,1,13,fails,0,G2 trend;G3 leader;G4 basis,F:2/3,,owner-request,,,
2026-07-13,CRCL,0,66.14,CAUTION,62.12,65.29,82.0741,10.01,WHITE,0,5,0,BREAKDOWN,0,0,0,0,22,fails,0,G2 trend;G3 leader;G4 basis,F:2/2,,shadow-screen,,,
2026-07-13,CRDO,0,257.79,ACCUMULATE,247.1,259.71,111.455,88.38,RED,4,12,1,,0,0,0,1,83,CONVICTION,1,,F:3/3,6,owner-request,11,,
2026-07-13,CRM,0,163.32,CAUTION,160.48,168.66,183.972,17.26,WHITE,0,69,0,,1,1,0,1,13,fails,0,G2 trend;G3 leader;G4 basis,F:2/3,,owner-request,,,
2026-07-13,CRWD,0,187.18,ACCUMULATE,184.76,194.18,104.629,91.6,RED,4,9,1,BREAKOUT,0,0,0,1,68,STARTER,1,,F:2/2,13,owner-request,15,,
2026-07-13,CRWV,0,88.88,CAUTION,86.12,90.51,117.292,28.23,AMBER,2,2,0,BREAKDOWN,1,1,0,1,14,fails,0,G2 trend;G3 leader;G4 basis,F:2/2,,shadow-screen,,,
2026-07-13,CSCO,0,121.31,ACCUMULATE,116.9,122.86,77.9846,92.49,RED,4,63,1,,0,0,0,1,69,STARTER,1,,F:2/3,,shadow-screen,,,
2026-07-13,CSPX,1,813.67,ACCUMULATE,788.92,829.17,805.023,97.52,RED,4,14,1,BREAKOUT,0,1,0,1,60,fails,0,G3 leader,F:—,16,holding,4,,
2026-07-13,CVX,0,176.4,PULLBACK,171.11,179.84,189.832,40.82,AMBER,2,4,1,BREAKDOWN,0,0,0,1,23,fails,0,G2 trend;G3 leader;G4 basis,F:1/3,,shadow-screen,,,
2026-07-13,D05,0,70.72,ACCUMULATE,68.48,71.97,57.3337,100,RED,4,65,1,BREAKOUT,0,0,0,0,75,CONVICTION,1,,F:—,11,owner-request,22,,
2026-07-13,DDOG,0,257.54,HOLD,227.86,239.49,127.455,91.56,RED,4,10,1,BREAKOUT,1,1,1,0,82,CONVICTION,1,,F:2/2,,owner-request,,,
2026-07-13,DELL,0,434.97,HOLD,404.82,425.47,118.395,94.37,RED,4,19,1,BREAKOUT,0,0,1,0,69,STARTER,1,,F:2/2,,shadow-screen,,,
2026-07-13,DRAM,1,63.04,CAUTION,61,64.12,60.41,50.64,RED,3,14,0,,0,0,0,0,59,fails,0,G2 trend;G5 data,F:—,,holding,,,
2026-07-13,DUOL,0,124.76,CAUTION,96.87,101.82,98.8507,65.77,WHITE,0,48,0,,0,0,0,0,30,fails,0,G2 trend;G3 leader,F:2/2,,owner-request,,,
2026-07-13,ETHA,0,13.53,CAUTION,12.98,13.65,16.0445,20.99,WHITE,0,32,0,BREAKDOWN,0,0,0,1,25,fails,0,G2 trend;G3 leader;G4 basis,F:0/2,,owner-request,,,
2026-07-13,ETN,0,407.28,ACCUMULATE,398.49,418.82,406.625,78.48,RED,3,18,1,,0,0,0,1,62,fails,0,G3 leader,F:3/3,,shadow-screen,,,
2026-07-13,FCX,0,61.52,HOLD,56.29,59.17,62.1905,56.72,RED,3,32,1,BREAKDOWN,0,1,0,0,42,fails,0,G3 leader;G4 basis,F:2/3,,shadow-screen,,,
2026-07-13,GE,0,359.27,ACCUMULATE,351.32,369.24,283.601,88.44,RED,4,7,1,BREAKDOWN,0,0,0,1,58,fails,1,,F:3/3,,shadow-screen,,,
2026-07-13,GEV,0,1091.57,ACCUMULATE,1044.02,1097.29,1065.33,86.55,RED,3,66,1,BREAKOUT,0,0,0,1,74,STARTER,1,,F:2/3,,shadow-screen,,,
2026-07-13,GLW,0,190.89,ACCUMULATE,184.81,194.24,188.579,70.34,RED,3,60,1,BREAKOUT,0,0,0,1,74,STARTER,1,,F:3/3,,shadow-screen,,,
2026-07-13,GOOG,1,355.03,HOLD,332.15,349.1,360.33,70.12,RED,3,15,1,,0,1,0,0,50,fails,0,G1 size;G4 basis,F:2/2,,holding,,,
2026-07-13,GOOGL,0,357.18,HOLD,332.7,349.67,363.885,69.73,RED,3,15,1,,1,1,1,0,50,fails,0,G1 size;G4 basis,F:2/2,,shadow-screen,,,
2026-07-13,GRAB,0,3.93,BOTTOMING,3.55,3.73,3.6237,59.04,WHITE,0,27,0,BREAKOUT,0,0,0,0,25,fails,0,G2 trend;G3 leader,F:2/2,,owner-request,,,
2026-07-13,GS,0,1055.18,ACCUMULATE,1036.77,1089.67,930.859,86.54,RED,4,15,1,BREAKOUT,0,0,0,1,63,STARTER,1,,F:2/2,,shadow-screen,,,
2026-07-13,HD,0,343.3,CAUTION,328.48,345.24,348.297,55.62,WHITE,0,19,0,BREAKDOWN,0,0,0,1,13,fails,0,G2 trend;G3 leader;G4 basis,F:2/3,,shadow-screen,,,
2026-07-13,HIMS,0,34.38,ACCUMULATE,33.94,35.67,24.0908,74.09,RED,3,2,1,BREAKOUT,0,0,0,1,52,fails,0,G3 leader,F:2/2,23,owner-request,20,,
2026-07-13,HON,0,226.42,CAUTION,219.56,230.77,224.045,38.38,AMBER,2,2,0,,0,0,0,1,22,fails,0,G2 trend;G3 leader,F:2/3,,shadow-screen,,,
2026-07-13,HOOD,0,111.97,HOLD,103.35,108.62,76.046,80.66,RED,3,2,1,BREAKOUT,0,0,0,0,49,fails,0,G3 leader,F:2/2,,owner-request,,,
2026-07-13,IBIT,0,36.23,CAUTION,35.2,37,35.9225,19.65,WHITE,0,34,0,BREAKDOWN,1,1,0,1,23,fails,0,G2 trend;G3 leader,F:0/2,,owner-request,,,
2026-07-13,IBM,0,287.56,HOLD,269.76,283.52,248.024,69.97,RED,3,2,1,,0,0,1,0,43,fails,0,G3 leader,F:2/3,,shadow-screen,,,
2026-07-13,INTC,0,109.84,ACCUMULATE,107.43,112.91,45.2035,64.97,RED,4,47,1,,0,0,0,1,70,fails,0,G1 size,F:1/3,2,owner-request,7,,
2026-07-13,INTU,0,274.96,CAUTION,259.23,272.46,264.525,21.17,WHITE,0,40,0,,0,1,0,0,22,fails,0,G2 trend;G3 leader,F:3/3,,shadow-screen,,,
2026-07-13,IONQ,0,42.86,BOTTOMING,36.63,38.5,50.3,29.28,AMBER,2,1,0,BREAKOUT,0,0,0,0,17,fails,0,G2 trend;G3 leader;G4 basis,F:1/3,,shadow-screen,,,
2026-07-13,IOT,0,36.72,ACCUMULATE,36.42,38.28,31.8175,81.16,RED,3,1,1,,0,1,0,1,55,fails,0,G3 leader,F:2/2,22,owner-request,5,,
2026-07-13,IREN,0,41.14,CAUTION,34.14,35.88,41.7894,18.24,AMBER,2,2,0,BREAKDOWN,0,0,0,0,33,fails,0,G2 trend;G4 basis,F:2/2,,shadow-screen,,,
2026-07-13,ISRG,0,406.78,CAUTION,395.41,415.59,403.484,9.09,WHITE,0,23,0,,1,1,0,1,22,fails,0,G2 trend;G3 leader,F:3/3,,shadow-screen,,,
2026-07-13,JNJ,0,256.98,ACCUMULATE,253,265.91,230.268,93.79,RED,4,52,1,BREAKOUT,0,0,0,0,68,STARTER,1,,F:2/3,,shadow-screen,,,
2026-07-13,JPM,0,336.47,ACCUMULATE,325.7,342.32,310.152,97.2,RED,4,6,1,BREAKOUT,0,0,0,1,44,fails,0,G3 leader,F:2/3,18,owner-request,18,,
2026-07-13,KLAC,0,231.52,HOLD,184.78,194.2,146.195,76.23,RED,4,61,1,BREAKOUT,0,0,0,0,69,STARTER,1,,F:3/3,,owner-request,,,
2026-07-13,KO,0,83.49,HOLD,79.37,83.42,78.9962,96.31,RED,4,27,1,BREAKOUT,0,1,0,0,53,fails,0,G3 leader,F:2/3,,shadow-screen,,,
2026-07-13,LIN,0,529.79,HOLD,503.4,529.08,497.007,95.5,RED,4,22,1,,0,0,0,0,57,fails,0,G3 leader,F:2/3,,shadow-screen,,,
2026-07-13,LITE,0,802.01,ACCUMULATE,785.19,825.25,871.238,50.61,RED,3,58,1,INSIDE,1,1,1,1,69,fails,0,G4 basis,F:2/3,,shadow-screen,,,
2026-07-13,LLY,0,1188.58,HOLD,1127.8,1185.34,919.232,91.87,RED,4,9,1,,0,0,0,0,54,fails,1,,F:3/3,,owner-request,,,
2026-07-13,LRCX,0,350.33,HOLD,314.62,330.68,222.314,77.75,RED,4,58,1,BREAKOUT,0,1,0,0,65,fails,0,G1 size,F:3/3,,owner-request,,,
2026-07-13,MA,0,526.74,BOTTOMING,511.46,537.56,494.824,69.97,WHITE,1,26,1,BREAKOUT,0,0,0,1,43,fails,0,G2 trend;G3 leader,F:3/3,,owner-request,,,
2026-07-13,MCD,0,274.6,CAUTION,264.49,277.99,276.096,13.74,WHITE,0,15,0,,1,1,0,1,17,fails,0,G2 trend;G3 leader;G4 basis,F:2/3,,shadow-screen,,,
2026-07-13,MCHP,0,88.59,HOLD,82.4,86.6,90.0586,55.06,RED,3,13,1,,0,0,0,0,47,fails,0,G3 leader;G4 basis,F:2/3,,shadow-screen,,,
2026-07-13,MDB,0,342.08,HOLD,316.32,332.46,322.776,70.99,RED,3,5,1,BREAKDOWN,1,1,1,0,57,fails,1,,F:3/3,,owner-request,,,
2026-07-13,META,0,669.21,BOTTOMING,655.98,689.45,610.358,81.71,WHITE,1,35,1,BREAKOUT,0,1,0,1,25,fails,0,G1 size;G2 trend;G3 leader,F:2/2,,owner-request,,,
2026-07-13,MPWR,0,1352.74,ACCUMULATE,1328,1395.76,1555.19,52.22,RED,3,56,1,INSIDE,1,1,0,1,68,fails,0,G4 basis,F:3/3,,shadow-screen,,,
2026-07-13,MRK,0,123.54,ACCUMULATE,118.14,124.17,120.554,89.17,RED,4,36,1,,0,1,0,0,67,STARTER,1,,F:2/3,,shadow-screen,,,
2026-07-13,MRVL,0,235.81,HOLD,198.74,208.87,89.2744,53.69,RED,4,20,1,,0,0,1,0,60,fails,0,G1 size,F:3/3,,owner-request,,,
2026-07-13,MS,0,222.28,HOLD,209.42,220.1,190.879,92.4,RED,4,15,1,BREAKOUT,0,0,0,0,67,STARTER,1,,F:2/3,,shadow-screen,,,
2026-07-13,MSFT,0,385.1,CAUTION,378.15,397.44,371.614,28.23,WHITE,0,26,0,,1,1,1,1,10,fails,0,G1 size;G2 trend;G3 leader,F:3/3,,owner-request,,,
2026-07-13,MSTR,0,94.64,CAUTION,93.03,97.77,125.827,9.6,WHITE,0,40,0,BREAKDOWN,1,1,0,1,13,fails,0,G2 trend;G3 leader;G4 basis,F:0/2,,shadow-screen,,,
2026-07-13,MU,1,979.3,HOLD,909.66,956.07,415.428,75.97,RED,4,57,1,,0,0,0,0,65,fails,0,G1 size,F:3/3,,holding,,,
2026-07-13,NBIS,0,219.65,ACCUMULATE,215.68,226.69,96.2489,72.41,RED,4,23,1,BREAKOUT,0,0,0,1,79,CONVICTION,1,,F:2/2,1,owner-request,6,,
2026-07-13,NEE,0,87.96,ACCUMULATE,86.03,90.42,87.785,55.04,RED,3,3,1,INSIDE,1,1,1,1,52,fails,0,G3 leader,F:2/3,,shadow-screen,,,
2026-07-13,NET,0,268.4,HOLD,237.86,249.99,198.205,96.48,RED,4,13,1,,0,0,0,0,57,fails,0,G3 leader,F:2/2,,owner-request,,,
2026-07-13,NFLX,0,73.37,CAUTION,72.25,75.93,93.3606,5.59,WHITE,0,34,0,BREAKDOWN,1,1,0,1,9,fails,0,G2 trend;G3 leader;G4 basis,F:2/3,,owner-request,,,
2026-07-13,NKE,0,44.37,CAUTION,42.04,44.18,42.8979,46.26,WHITE,0,40,0,INSIDE,0,1,0,0,27,fails,0,G2 trend;G3 leader,F:2/3,,shadow-screen,,,
2026-07-13,NOW,0,107.71,CAUTION,99.1,104.16,101.126,62.64,WHITE,0,50,0,,0,0,0,0,23,fails,0,G2 trend;G3 leader,F:2/3,,shadow-screen,,,
2026-07-13,NVDA,1,210.96,ACCUMULATE,205.08,215.54,182.93,80.76,RED,3,2,1,BREAKOUT,0,0,0,0,40,fails,0,G1 size;G3 leader,F:3/3,15,holding,23,,
2026-07-13,NVO,0,49.48,BOTTOMING,46.88,49.27,44.0682,72.97,WHITE,1,93,0,BREAKOUT,0,0,0,0,37,fails,0,G2 trend;G3 leader,F:—,,owner-request,,,
2026-07-13,NXPI,0,292.26,HOLD,274.58,288.59,294.045,64.3,RED,4,11,1,,0,0,0,0,52,fails,0,G3 leader;G4 basis,F:2/3,,shadow-screen,,,
2026-07-13,ON,0,95.96,ACCUMULATE,91.92,96.61,60.9055,57.61,RED,3,31,1,BREAKOUT,1,1,0,1,67,STARTER,1,,F:2/3,,shadow-screen,,,
2026-07-13,ONON,0,38.54,BOTTOMING,35.18,36.97,35.8967,54.96,WHITE,0,19,0,BREAKOUT,0,1,0,0,25,fails,0,G2 trend;G3 leader,F:1/1,,owner-request,,,
2026-07-13,ORCL,0,140.64,CAUTION,139.85,146.98,142.7,6.62,WHITE,0,3,0,BREAKDOWN,1,1,0,1,5,fails,0,G1 size;G2 trend;G3 leader;G4 basis,F:3/3,,owner-request,,,
2026-07-13,PANW,0,325.91,HOLD,281.46,295.82,166.398,92.57,RED,4,9,1,,0,0,0,0,63,STARTER,1,,F:2/3,,owner-request,,,
2026-07-13,PEP,0,137.38,CAUTION,133.82,140.65,142.322,7.87,WHITE,0,7,0,BREAKDOWN,1,1,0,1,17,fails,0,G2 trend;G3 leader;G4 basis,F:2/3,,shadow-screen,,,
2026-07-13,PFE,0,24.17,CAUTION,23.67,24.87,25.8488,15.83,WHITE,0,4,0,BREAKDOWN,1,1,0,1,17,fails,0,G2 trend;G3 leader;G4 basis,F:2/3,,shadow-screen,,,
2026-07-13,PG,0,147.04,CAUTION,141.38,148.59,144.267,44.86,WHITE,1,1,0,,0,0,0,0,22,fails,0,G2 trend;G3 leader,F:2/3,,shadow-screen,,,
2026-07-13,PLTR,1,126.79,CAUTION,113.64,119.44,136.12,17.69,WHITE,0,22,0,,0,1,0,0,5,fails,0,G1 size;G2 trend;G3 leader;G4 basis,F:2/2,,holding,,,
2026-07-13,QCOM,0,189.16,ACCUMULATE,185.49,194.96,131.179,50.12,RED,4,10,1,BREAKOUT,0,0,0,1,44,fails,0,G3 leader,F:3/3,17,owner-request,17,,
2026-07-13,RBLX,0,55.35,CAUTION,45.96,48.31,46.9007,46.96,WHITE,0,31,0,,0,0,1,0,22,fails,0,G2 trend;G3 leader,F:2/2,,owner-request,,,
2026-07-13,RDDT,1,195.34,HOLD,167.98,176.55,142.753,77.78,RED,3,1,1,BREAKOUT,0,0,0,0,52,fails,0,G3 leader,F:2/2,,holding,,,
2026-07-13,RKLB,0,81.04,PULLBACK,69.06,72.59,70.4732,43.81,AMBER,2,1,1,BREAKOUT,0,1,0,0,43,fails,0,G2 trend,F:1/3,,owner-request,,,
2026-07-13,RTX,0,195.93,ACCUMULATE,192.93,202.77,176.191,73.01,RED,4,4,1,BREAKOUT,0,0,0,1,52,fails,0,G3 leader,F:2/3,,shadow-screen,,,
2026-07-13,SCHW,0,103.12,ACCUMULATE,99.99,105.09,92.6562,96.13,RED,4,1,1,,0,1,0,1,52,fails,0,G3 leader,F:3/3,,shadow-screen,,,
2026-07-13,SE,0,111.14,BOTTOMING,104.12,109.44,89.3319,68.13,WHITE,1,34,1,BREAKOUT,0,0,0,0,40,fails,0,G2 trend;G3 leader,F:2/2,,owner-request,,,
2026-07-13,SHOP,0,122.54,CAUTION,115.74,121.65,112.82,66.59,WHITE,1,22,0,INSIDE,0,1,0,0,32,fails,0,G2 trend;G3 leader,F:2/2,,owner-request,,,
2026-07-13,SMCI,0,28.31,CAUTION,21.29,22.38,30.6991,20,WHITE,0,4,0,,0,1,0,0,13,fails,0,G2 trend;G3 leader;G4 basis,F:3/3,,shadow-screen,,,
2026-07-13,SNDK,0,1915.92,HOLD,1613.81,1696.15,638.592,88.25,RED,4,56,1,BREAKOUT,0,0,1,0,70,fails,0,G1 size,F:3/3,,shadow-screen,,,
2026-07-13,SNOW,0,261.45,ACCUMULATE,254.59,267.58,237.448,92.51,RED,4,5,1,INSIDE,1,1,1,1,53,fails,0,G3 leader,F:3/3,19,owner-request,1,,
2026-07-13,SOFI,0,18.78,BOTTOMING,17.53,18.43,17.8915,67.52,WHITE,0,21,0,BREAKOUT,0,0,0,0,23,fails,0,G2 trend;G3 leader,F:2/3,,owner-request,,,
2026-07-13,SPCX,0,145.3,CAUTION,,,158.834,0,WHITE,0,1,0,,0,0,0,0,10,fails,0,G1 size;G2 trend;G3 leader;G4 basis;G5 data,F:—,,shadow-screen,,,
2026-07-13,STX,0,910.34,ACCUMULATE,893.54,939.13,408.74,81.04,RED,4,60,1,BREAKOUT,0,0,0,1,74,STARTER,1,,F:3/3,,shadow-screen,,,
2026-07-13,T,0,21.13,CAUTION,20.44,21.49,22.6325,12.92,WHITE,0,12,0,BREAKDOWN,1,1,0,1,13,fails,0,G2 trend;G3 leader;G4 basis,F:2/3,,shadow-screen,,,
2026-07-13,TER,0,359.6,HOLD,338.53,355.8,429.866,58.16,RED,3,48,1,INSIDE,0,0,0,0,68,fails,0,G4 basis,F:2/3,,shadow-screen,,,
2026-07-13,TMDX,0,71.23,CAUTION,67.89,71.36,69.2769,31.27,WHITE,0,16,0,BREAKDOWN,0,0,0,1,25,fails,0,G2 trend;G3 leader,F:3/3,,owner-request,,,
2026-07-13,TMO,0,527.05,BOTTOMING,514.81,541.07,472.719,78.2,WHITE,1,12,1,BREAKOUT,0,0,0,1,47,fails,0,G2 trend;G3 leader,F:2/3,,shadow-screen,,,
2026-07-13,TMUS,0,187.61,CAUTION,183.08,192.42,186.813,34.24,WHITE,0,43,0,,0,0,0,0,22,fails,0,G2 trend;G3 leader,F:2/3,,shadow-screen,,,
2026-07-13,TOST,0,29.32,CAUTION,27.55,28.95,28.1072,73.65,WHITE,1,40,0,INSIDE,0,0,0,0,35,fails,0,G2 trend;G3 leader,F:2/2,,owner-request,,,
2026-07-13,TSLA,1,407.76,CAUTION,389.96,409.86,397.921,55.12,WHITE,1,3,1,BREAKDOWN,1,0,1,1,20,fails,0,G1 size;G2 trend;G3 leader,F:1/3,,holding,,,
2026-07-13,TSM,1,434.11,ACCUMULATE,426.59,448.35,435.295,80.95,RED,4,58,1,,0,0,0,1,60,fails,0,G1 size;G4 basis,F:3/3,9,holding,14,,
2026-07-13,TXN,0,311.46,ACCUMULATE,297.96,313.16,292.688,90.83,RED,4,14,1,,1,1,0,1,64,STARTER,1,,F:3/3,,shadow-screen,,,
2026-07-13,UBER,0,74.54,BOTTOMING,72.8,76.51,74.2829,53.54,WHITE,0,30,0,BREAKOUT,0,0,0,1,28,fails,0,G2 trend;G3 leader,F:3/3,,owner-request,,,
2026-07-13,UNH,0,424.62,ACCUMULATE,415.92,437.14,289.068,95.94,RED,4,10,1,BREAKOUT,0,0,0,1,78,CONVICTION,1,,F:3/3,,shadow-screen,,,
2026-07-13,V,0,348.97,ACCUMULATE,340.93,358.32,329.468,89.34,RED,4,2,1,,0,0,0,1,44,fails,0,G3 leader,F:2/2,21,owner-request,19,,
2026-07-13,VRT,0,318.86,ACCUMULATE,306.99,322.65,313.254,78.06,RED,3,57,1,,0,0,0,1,78,CONVICTION,1,,F:3/3,7,owner-request,12,,
2026-07-13,VZ,0,42.12,CAUTION,41.21,43.31,47.3902,23.94,WHITE,1,1,0,BREAKDOWN,1,1,0,1,13,fails,0,G2 trend;G3 leader;G4 basis,F:2/3,,shadow-screen,,,
2026-07-13,WDC,0,582.59,HOLD,520.4,546.95,284.844,79.37,RED,4,58,1,BREAKOUT,0,0,0,0,65,fails,0,G1 size,F:3/3,,shadow-screen,,,
2026-07-13,WFC,0,87.16,ACCUMULATE,84.83,89.16,81.3511,85.73,RED,3,1,1,BREAKOUT,0,0,0,1,52,fails,0,G3 leader,F:2/3,,shadow-screen,,,
2026-07-13,WMT,0,113.9,CAUTION,111.67,117.36,118.748,25.04,WHITE,1,1,0,BREAKDOWN,1,1,0,1,13,fails,0,G2 trend;G3 leader;G4 basis,F:2/3,,shadow-screen,,,
2026-07-13,XOM,0,138.88,PULLBACK,133.8,140.62,151.03,37.19,AMBER,2,4,1,INSIDE,1,1,0,1,28,fails,0,G2 trend;G3 leader;G4 basis,F:—,,shadow-screen,,,
2026-07-13,ZETA,0,21.49,ACCUMULATE,20.86,21.93,18.4446,84.05,RED,4,7,1,,1,1,0,1,55,fails,0,G3 leader,F:2/2,,shadow-screen,,,
2026-07-13,ZS,0,139.27,CAUTION,131.98,138.71,127.394,43.69,WHITE,0,31,0,,1,1,1,0,22,fails,0,G2 trend;G3 leader,F:3/3,,owner-request,,,
2026-07-14,0700,0,447.6,CAUTION,429.12,451.01,466.711,23.12,WHITE,0,22,0,,1,1,0,1,5,fails,0,G1 size;G2 trend;G3 leader;G4 basis,F:—,,owner-request,,NEUTRAL,
2026-07-14,1810,0,25.5,CAUTION,25.29,26.58,32.0016,20.94,WHITE,0,40,0,BREAKDOWN,1,1,0,1,9,fails,0,G2 trend;G3 leader;G4 basis,F:—,,owner-request,,RED,
2026-07-14,3690,0,77.85,CAUTION,76.32,80.22,77.8804,21.62,WHITE,0,65,0,,1,1,0,1,9,fails,0,G2 trend;G3 leader;G4 basis,F:—,,owner-request,,RED,
2026-07-14,9992,1,152,CAUTION,151.17,158.89,154.259,15.87,WHITE,0,20,0,INSIDE,0,0,0,1,18,fails,0,G2 trend;G3 leader;G4 basis,F:—,,holding,,YELLOW,
2026-07-14,AAL,0,16.31,HOLD,15.51,16.3,15.829,75.22,RED,4,8,1,BREAKOUT,0,0,0,0,48,fails,0,G3 leader,F:2/3,,shadow-screen,,YELLOW,
2026-07-14,AAOI,0,111.88,PULLBACK,95.31,100.18,170.785,32.51,AMBER,2,1,1,BREAKDOWN,0,1,0,0,48,fails,0,G2 trend;G4 basis,F:1/3,,shadow-screen,,YELLOW,
2026-07-14,AAPL,1,317.31,ACCUMULATE,304.78,320.32,310.995,98.96,RED,4,16,1,BREAKOUT,0,1,0,1,70,fails,0,G1 size,F:2/3,10,holding,3,RED,
2026-07-14,ABBV,0,248,ACCUMULATE,244.3,256.76,225.872,86.42,RED,4,6,1,BREAKOUT,0,0,0,1,48,fails,0,G3 leader,F:2/3,,shadow-screen,,YELLOW,
2026-07-14,ABT,0,92.11,CAUTION,89,93.54,88.2856,40.42,WHITE,0,38,0,,0,0,0,0,22,fails,0,G2 trend;G3 leader,F:2/3,,shadow-screen,,NEUTRAL,
2026-07-14,ACN,0,138.52,CAUTION,124.34,130.68,126.877,31.08,WHITE,0,25,0,BREAKDOWN,0,1,0,0,18,fails,0,G2 trend;G3 leader,F:1/2,,shadow-screen,,RED,
2026-07-14,ADBE,0,230.61,CAUTION,221.68,232.99,243.185,33.03,WHITE,0,84,0,,1,1,0,1,13,fails,0,G2 trend;G3 leader;G4 basis,F:3/3,,owner-request,,RED,
2026-07-14,ADI,0,386.01,HOLD,343.86,361.41,392.536,50.49,RED,3,36,1,BREAKOUT,0,1,0,0,53,fails,0,G4 basis,F:3/3,,shadow-screen,,YELLOW,
2026-07-14,ALAB,0,362.05,HOLD,207.63,218.22,123.076,77.46,RED,4,13,1,,0,0,0,0,78,CONVICTION,1,,F:3/3,,owner-request,,YELLOW,
2026-07-14,AMAT,0,575.39,HOLD,432.78,454.86,391.467,74.14,RED,4,44,1,BREAKOUT,0,0,0,0,65,fails,0,G1 size,F:2/3,,owner-request,,YELLOW,
2026-07-14,AMD,1,534.39,ACCUMULATE,523.24,549.94,215.827,93.42,RED,4,18,1,BREAKOUT,0,0,0,1,70,fails,0,G1 size,F:3/3,2,holding,7,YELLOW,
2026-07-14,AMZN,0,247.31,ACCUMULATE,241.6,253.92,230.099,73.45,RED,3,3,1,BREAKDOWN,1,1,1,1,40,fails,0,G1 size;G3 leader,F:3/3,17,owner-request,1,RED,
2026-07-14,ANET,0,181.15,HOLD,161.94,170.2,142.771,97.1,RED,4,14,1,BREAKOUT,0,0,0,0,67,STARTER,1,,F:3/3,,owner-request,,RED,
2026-07-14,APH,0,155.99,HOLD,144.19,151.55,147.137,82.53,RED,4,8,1,BREAKOUT,0,0,0,0,62,STARTER,1,,F:3/3,,shadow-screen,,YELLOW,
2026-07-14,APP,0,442.85,CAUTION,378.85,398.18,466.365,25.98,WHITE,0,1,0,BREAKDOWN,0,1,0,0,13,fails,0,G2 trend;G3 leader;G4 basis,F:2/2,,owner-request,,YELLOW,
2026-07-14,ARM,0,298.99,HOLD,206.46,216.99,210.673,61.13,RED,4,15,1,,0,0,0,0,69,STARTER,1,,F:3/3,,owner-request,,YELLOW,
2026-07-14,ASML,0,1726.04,HOLD,1485.42,1561.21,1379.34,71.04,RED,4,48,1,,0,0,0,0,64,STARTER,1,,F:1/1,,owner-request,,YELLOW,
2026-07-14,ASTS,0,67.58,CAUTION,,,86.0499,12.37,WHITE,1,1,0,BREAKDOWN,0,0,0,0,23,fails,0,G2 trend;G4 basis,F:0/2,,owner-request,,YELLOW,
2026-07-14,AVGO,1,384.05,ACCUMULATE,372.14,391.13,379.737,62.33,RED,3,2,1,BREAKDOWN,0,0,0,1,40,fails,0,G1 size;G3 leader,F:3/3,12,holding,12,NEUTRAL,
2026-07-14,AXON,0,547.03,CAUTION,536.85,564.24,393.819,70.57,WHITE,1,36,1,,0,0,0,1,37,fails,0,G2 trend;G3 leader,F:3/3,,owner-request,,NEUTRAL,
2026-07-14,AXP,0,354.43,HOLD,334.64,351.72,313.649,86.49,RED,3,3,1,BREAKOUT,0,0,0,0,47,fails,0,G3 leader,F:2/3,,shadow-screen,,RED,
2026-07-14,AXTI,0,50.46,PULLBACK,50.4,52.98,66.8189,28.41,AMBER,2,3,1,,1,1,0,1,52,fails,0,G2 trend;G4 basis,F:0/3,,shadow-screen,,YELLOW,
2026-07-14,AZO,0,3078.98,CAUTION,3016.37,3170.26,3077.93,29.48,WHITE,0,22,0,BREAKDOWN,1,1,1,1,18,fails,0,G2 trend;G3 leader,F:2/3,,shadow-screen,,RED,
2026-07-14,BA,0,215.51,CAUTION,204.77,215.22,217.965,31.94,AMBER,2,1,0,,0,0,0,0,17,fails,0,G2 trend;G3 leader;G4 basis,F:2/3,,shadow-screen,,YELLOW,
2026-07-14,BAC,0,59.5,ACCUMULATE,58.3,61.27,52.3109,98.22,RED,4,7,1,BREAKOUT,0,0,0,1,48,fails,0,G3 leader,F:2/3,,shadow-screen,,NEUTRAL,
2026-07-14,BE,0,233.49,ACCUMULATE,230.85,242.63,278.421,52.28,RED,3,58,1,INSIDE,1,1,0,1,69,fails,0,G4 basis,F:2/3,,shadow-screen,,YELLOW,
2026-07-14,BKNG,0,175.8,BOTTOMING,173.04,181.87,168.127,55.47,WHITE,0,26,0,BREAKOUT,1,0,1,1,18,fails,0,G2 trend;G3 leader,F:2/3,,shadow-screen,,YELLOW,
2026-07-14,BSX,0,44.65,CAUTION,43.71,45.94,44.6055,14.99,WHITE,0,33,0,,0,0,0,1,22,fails,0,G2 trend;G3 leader,F:3/3,,shadow-screen,,NEUTRAL,
2026-07-14,C,0,140.71,HOLD,130.21,136.85,142.928,85,RED,4,18,1,BREAKOUT,0,0,0,0,53,fails,0,G4 basis,F:2/3,,shadow-screen,,NEUTRAL,
2026-07-14,CAT,0,931.47,ACCUMULATE,891.71,937.2,909.906,73.99,RED,3,56,1,BREAKOUT,0,0,0,0,74,STARTER,1,,F:2/3,,shadow-screen,,YELLOW,
2026-07-14,CAVA,0,72.54,CAUTION,71.21,74.84,79.8304,35.75,AMBER,2,3,0,,0,0,0,1,25,fails,0,G2 trend;G3 leader;G4 basis,F:3/3,,owner-request,,YELLOW,
2026-07-14,CBRS,0,204.62,CAUTION,195.35,205.32,218.132,27.29,WHITE,0,10,0,,0,0,0,0,18,fails,0,G2 trend;G3 leader;G4 basis;G5 data,F:—,,shadow-screen,,RED,
2026-07-14,CEG,0,257.57,CAUTION,252.97,265.88,270.626,19.65,WHITE,0,25,0,INSIDE,0,0,0,1,27,fails,0,G2 trend;G3 leader;G4 basis,F:2/3,,shadow-screen,,RED,
2026-07-14,CIEN,0,445.44,ACCUMULATE,431.47,453.49,440.28,59.54,RED,3,62,1,BREAKDOWN,1,0,1,1,77,CONVICTION,1,,F:3/3,,shadow-screen,,NEUTRAL,
2026-07-14,COHR,0,307.39,HOLD,247.06,259.67,252.107,50.4,RED,3,55,1,BREAKDOWN,0,0,1,0,68,STARTER,1,,F:2/3,,shadow-screen,,YELLOW,
2026-07-14,COIN,0,157.37,CAUTION,154.06,161.92,201.954,14.34,WHITE,0,33,0,BREAKDOWN,0,0,0,1,17,fails,0,G2 trend;G3 leader;G4 basis,F:1/2,,shadow-screen,,NEUTRAL,
2026-07-14,COST,0,926.43,CAUTION,897.07,942.84,955.627,17.27,WHITE,1,2,0,BREAKDOWN,1,1,0,1,13,fails,0,G2 trend;G3 leader;G4 basis,F:2/3,,owner-request,,YELLOW,
2026-07-14,CRCL,0,63,CAUTION,62.12,65.29,82.0741,4.4,WHITE,0,6,0,BREAKDOWN,0,0,0,1,22,fails,0,G2 trend;G3 leader;G4 basis,F:2/2,,shadow-screen,,NEUTRAL,
2026-07-14,CRDO,0,236.88,ACCUMULATE,229.87,241.59,247.119,71.34,RED,4,13,1,,0,0,0,1,78,fails,0,G4 basis,F:3/3,4,owner-request,8,YELLOW,
2026-07-14,CRM,0,171.22,CAUTION,162.46,170.75,183.972,29.4,WHITE,0,70,0,,0,1,0,0,13,fails,0,G2 trend;G3 leader;G4 basis,F:2/3,,owner-request,,RED,
2026-07-14,CRWD,0,187.91,ACCUMULATE,184.76,194.18,104.629,91.61,RED,4,10,1,BREAKOUT,0,0,0,1,68,STARTER,1,,F:2/2,8,owner-request,10,YELLOW,
2026-07-14,CRWV,0,83.31,CAUTION,81.1,85.24,117.292,19.23,WHITE,1,1,0,BREAKDOWN,1,1,0,1,18,fails,0,G2 trend;G3 leader;G4 basis,F:2/2,,shadow-screen,,YELLOW,
2026-07-14,CSCO,0,119.25,ACCUMULATE,116.15,122.07,77.9846,81.88,RED,4,64,1,,0,0,0,1,73,STARTER,1,,F:2/3,,shadow-screen,,NEUTRAL,
2026-07-14,CSPX,1,813.67,ACCUMULATE,788.92,829.17,805.023,97.52,RED,4,14,1,BREAKOUT,0,1,0,1,60,fails,0,G3 leader,F:—,14,holding,4,RED,
2026-07-14,CVX,0,182.2,ACCUMULATE,178.07,187.16,189.832,50.24,RED,3,1,1,BREAKDOWN,0,0,0,0,38,fails,0,G3 leader;G4 basis,F:1/3,,shadow-screen,,RED,
2026-07-14,D05,0,71.01,ACCUMULATE,68.32,71.81,57.3773,99.9,RED,4,65,1,BREAKOUT,0,0,0,0,75,CONVICTION,1,,F:—,7,owner-request,19,RED,
2026-07-14,DDOG,0,260.24,HOLD,227.86,239.49,127.455,93.47,RED,4,11,1,BREAKOUT,0,0,1,0,72,STARTER,1,,F:2/2,,owner-request,,RED,
2026-07-14,DELL,0,427.11,HOLD,404.82,425.47,118.395,90.23,RED,4,20,1,BREAKOUT,0,0,0,0,69,STARTER,1,,F:2/2,,shadow-screen,,NEUTRAL,
2026-07-14,DRAM,1,57.3,CAUTION,56.5,59.38,60.41,25.67,RED,3,15,0,,0,0,0,0,49,fails,0,G2 trend;G4 basis;G5 data,F:—,,holding,,YELLOW,
2026-07-14,DUOL,0,132.34,CAUTION,96.87,101.82,98.8507,73.13,WHITE,0,49,0,,0,0,0,0,30,fails,0,G2 trend;G3 leader,F:2/2,,owner-request,,RED,
2026-07-14,ETHA,0,13.37,CAUTION,12.98,13.65,16.0445,18.93,WHITE,0,33,0,BREAKDOWN,0,0,0,1,25,fails,0,G2 trend;G3 leader;G4 basis,F:0/2,,owner-request,,RED,
2026-07-14,ETN,0,402.85,ACCUMULATE,395.93,416.13,404.007,67.98,RED,3,19,1,,0,0,0,1,57,fails,0,G3 leader;G4 basis,F:3/3,,shadow-screen,,YELLOW,
2026-07-14,FCX,0,59.97,HOLD,56.29,59.17,61.3992,43.51,RED,3,33,1,BREAKDOWN,0,1,0,0,42,fails,0,G3 leader;G4 basis,F:2/3,,shadow-screen,,YELLOW,
2026-07-14,GE,0,353.42,HOLD,334.38,351.44,283.601,84.76,RED,4,8,1,BREAKDOWN,0,0,0,0,48,fails,0,G3 leader,F:3/3,,shadow-screen,,YELLOW,
2026-07-14,GEV,0,1042.6,HOLD,982.23,1032.34,1065.33,70.78,RED,3,67,1,BREAKOUT,0,0,0,0,64,fails,0,G4 basis,F:2/3,,shadow-screen,,YELLOW,
2026-07-14,GLW,0,183.11,HOLD,156.62,164.61,188.579,58.09,RED,3,61,1,BREAKOUT,0,0,0,0,59,fails,0,G4 basis,F:3/3,,shadow-screen,,YELLOW,
2026-07-14,GOOG,1,350.67,HOLD,332.15,349.1,360.33,65.13,RED,3,16,1,,0,1,0,0,50,fails,0,G1 size;G4 basis,F:2/2,,holding,,NEUTRAL,
2026-07-14,GOOGL,0,352.51,HOLD,332.7,349.67,363.885,65.33,RED,3,16,1,,1,1,1,0,50,fails,0,G1 size;G4 basis,F:2/2,,shadow-screen,,NEUTRAL,
2026-07-14,GRAB,0,3.94,BOTTOMING,3.55,3.73,3.6237,58.97,WHITE,0,28,0,BREAKOUT,0,0,0,0,25,fails,0,G2 trend;G3 leader,F:2/2,,owner-request,,RED,
2026-07-14,GS,0,1045.91,ACCUMULATE,1029.86,1082.4,930.859,84.19,RED,4,16,1,BREAKOUT,0,0,0,1,63,STARTER,1,,F:2/2,,shadow-screen,,NEUTRAL,
2026-07-14,HD,0,337.11,CAUTION,328.48,345.24,348.297,48.52,WHITE,0,20,0,BREAKDOWN,0,0,0,1,13,fails,0,G2 trend;G3 leader;G4 basis,F:2/3,,shadow-screen,,YELLOW,
2026-07-14,HIMS,0,34.38,ACCUMULATE,33.94,35.67,24.0908,73.99,RED,3,3,1,BREAKOUT,0,0,0,1,52,fails,0,G3 leader,F:2/2,20,owner-request,17,YELLOW,
2026-07-14,HON,0,222.25,CAUTION,210.2,220.92,224.045,25.36,AMBER,2,3,0,,0,0,0,0,17,fails,0,G2 trend;G3 leader;G4 basis,F:2/3,,shadow-screen,,YELLOW,
2026-07-14,HOOD,0,109.86,HOLD,103.35,108.62,76.046,78.09,RED,3,3,1,BREAKOUT,0,0,0,0,39,fails,0,G3 leader,F:2/2,,owner-request,,RED,
2026-07-14,IBIT,0,35.22,CAUTION,34.39,36.15,35.9225,13.7,WHITE,0,35,0,BREAKDOWN,1,1,0,1,18,fails,0,G2 trend;G3 leader;G4 basis,F:0/2,,owner-request,,NEUTRAL,
2026-07-14,IBM,0,290.23,HOLD,269.76,283.52,248.024,73.23,RED,3,3,1,,0,0,1,0,43,fails,0,G3 leader,F:2/3,,shadow-screen,,RED,
2026-07-14,INTC,0,103.12,HOLD,44.3,46.56,45.2035,55.17,RED,3,48,1,,0,0,0,0,60,fails,0,G1 size,F:1/3,,owner-request,,YELLOW,
2026-07-14,INTU,0,289.76,CAUTION,259.23,272.46,264.525,29.09,WHITE,0,41,0,,0,1,0,0,22,fails,0,G2 trend;G3 leader,F:3/3,,shadow-screen,,RED,
2026-07-14,IONQ,0,38.88,BOTTOMING,36.63,38.5,50.3,20.05,WHITE,1,1,0,BREAKOUT,0,0,0,0,17,fails,0,G2 trend;G3 leader;G4 basis,F:1/3,,shadow-screen,,YELLOW,
2026-07-14,IOT,0,36.83,ACCUMULATE,36.42,38.28,31.8175,80.5,RED,3,2,1,,0,1,0,1,55,fails,0,G3 leader,F:2/2,19,owner-request,5,RED,
2026-07-14,IREN,0,38.98,CAUTION,34.14,35.88,41.7894,12.08,WHITE,1,1,0,BREAKDOWN,0,0,0,0,33,fails,0,G2 trend;G4 basis,F:2/2,,shadow-screen,,YELLOW,
2026-07-14,ISRG,0,407.12,CAUTION,395.41,415.59,403.484,14.4,WHITE,0,24,0,,1,1,0,1,22,fails,0,G2 trend;G3 leader,F:3/3,,shadow-screen,,NEUTRAL,
2026-07-14,JNJ,0,257.77,ACCUMULATE,253,265.91,230.268,94.34,RED,4,53,1,BREAKOUT,0,0,0,1,68,STARTER,1,,F:2/3,,shadow-screen,,RED,
2026-07-14,JPM,0,334.53,ACCUMULATE,325.7,342.32,310.152,93.91,RED,4,7,1,BREAKOUT,0,0,0,1,44,fails,0,G3 leader,F:2/3,15,owner-request,14,NEUTRAL,
2026-07-14,KLAC,0,222.25,ACCUMULATE,217.06,228.13,146.195,73.61,RED,4,62,1,BREAKOUT,0,0,0,1,74,STARTER,1,,F:3/3,5,owner-request,9,YELLOW,
2026-07-14,KO,0,84.25,HOLD,79.37,83.42,78.9962,98.45,RED,4,28,1,BREAKOUT,0,0,0,0,53,fails,0,G3 leader,F:2/3,,shadow-screen,,RED,
2026-07-14,LIN,0,524.06,ACCUMULATE,503.4,529.08,497.007,92.92,RED,4,23,1,,0,0,0,0,62,fails,0,G3 leader,F:2/3,,shadow-screen,,YELLOW,
2026-07-14,LITE,0,768.15,HOLD,699.41,735.1,871.238,44.5,RED,3,59,1,INSIDE,1,1,1,0,64,fails,0,G4 basis,F:2/3,,shadow-screen,,YELLOW,
2026-07-14,LLY,0,1181.87,ACCUMULATE,1127.8,1185.34,919.232,90.73,RED,4,10,1,,0,0,0,0,59,fails,1,,F:3/3,9,owner-request,20,YELLOW,
2026-07-14,LRCX,0,329.92,ACCUMULATE,314.62,330.68,222.314,72.51,RED,4,59,1,BREAKOUT,1,1,0,1,70,fails,0,G1 size,F:3/3,3,owner-request,2,YELLOW,
2026-07-14,MA,0,537.7,BOTTOMING,524.73,551.5,494.824,77.87,WHITE,1,27,1,BREAKOUT,0,0,0,1,43,fails,0,G2 trend;G3 leader,F:3/3,,owner-request,,RED,
2026-07-14,MCD,0,272.61,CAUTION,264.49,277.99,276.096,9.17,WHITE,0,16,0,,1,1,0,1,17,fails,0,G2 trend;G3 leader;G4 basis,F:2/3,,shadow-screen,,NEUTRAL,
2026-07-14,MCHP,0,84.23,HOLD,79.46,83.52,90.0586,46.59,RED,3,14,1,,0,0,0,0,42,fails,0,G3 leader;G4 basis,F:2/3,,shadow-screen,,YELLOW,
2026-07-14,MDB,0,337.97,HOLD,316.32,332.46,322.776,68.91,RED,3,6,1,BREAKDOWN,1,1,1,0,57,fails,1,,F:3/3,,owner-request,,YELLOW,
2026-07-14,META,0,656.73,BOTTOMING,598.15,628.67,610.358,73.22,WHITE,1,36,1,BREAKOUT,0,0,0,0,25,fails,0,G1 size;G2 trend;G3 leader,F:2/2,,owner-request,,RED,
2026-07-14,MPWR,0,1291.38,PULLBACK,1143.45,1201.79,1555.19,41.75,AMBER,2,1,1,BREAKDOWN,0,1,0,0,43,fails,0,G2 trend;G4 basis,F:3/3,,shadow-screen,,YELLOW,
2026-07-14,MRK,0,124.03,ACCUMULATE,118.14,124.17,120.554,89.84,RED,4,37,1,,0,0,0,0,67,STARTER,1,,F:2/3,,shadow-screen,,YELLOW,
2026-07-14,MRVL,0,217.53,HOLD,198.74,208.87,89.2744,50.74,RED,4,21,1,,0,0,1,0,60,fails,0,G1 size,F:3/3,,owner-request,,YELLOW,
2026-07-14,MS,0,221.09,ACCUMULATE,217.31,228.4,190.879,90.25,RED,4,16,1,BREAKOUT,0,0,0,1,72,STARTER,1,,F:2/3,,shadow-screen,,NEUTRAL,
2026-07-14,MSFT,0,390.99,CAUTION,378.15,397.44,371.614,34.82,WHITE,0,27,0,,1,1,1,1,10,fails,0,G1 size;G2 trend;G3 leader,F:3/3,,owner-request,,RED,
2026-07-14,MSTR,0,92.1,CAUTION,93.03,97.77,125.827,9.89,WHITE,0,41,0,BREAKDOWN,1,1,0,1,13,fails,0,G2 trend;G3 leader;G4 basis,F:0/2,,shadow-screen,,NEUTRAL,
2026-07-14,MU,1,937,ACCUMULATE,909.66,956.07,415.428,69.31,RED,4,58,1,,0,0,0,1,70,fails,0,G1 size,F:3/3,1,holding,6,YELLOW,
2026-07-14,NBIS,0,210.51,HOLD,157.34,165.36,96.2489,65.42,RED,4,24,1,BREAKOUT,0,0,0,0,74,STARTER,1,,F:2/2,,owner-request,,YELLOW,
2026-07-14,NEE,0,88.38,ACCUMULATE,86.03,90.42,87.785,60.27,RED,3,4,1,INSIDE,1,0,1,1,57,fails,0,G3 leader,F:2/3,,shadow-screen,,RED,
2026-07-14,NET,0,269.53,HOLD,237.86,249.99,198.205,97.28,RED,4,14,1,,0,0,0,0,67,STARTER,1,,F:2/2,,owner-request,,RED,
2026-07-14,NFLX,0,73.83,CAUTION,72.25,75.93,93.3606,9.35,WHITE,0,35,0,BREAKDOWN,1,1,0,1,9,fails,0,G2 trend;G3 leader;G4 basis,F:2/3,,owner-request,,NEUTRAL,
2026-07-14,NKE,0,43.76,CAUTION,42.04,44.18,42.8979,31.07,WHITE,0,41,0,BREAKDOWN,1,1,0,1,22,fails,0,G2 trend;G3 leader,F:2/3,,shadow-screen,,RED,
2026-07-14,NOW,0,111.26,CAUTION,99.1,104.16,101.126,70.09,WHITE,0,51,0,,0,0,0,0,23,fails,0,G2 trend;G3 leader,F:2/3,,shadow-screen,,RED,
2026-07-14,NVDA,1,203.53,ACCUMULATE,195.86,205.86,182.93,68.86,RED,3,3,1,BREAKOUT,0,0,0,1,40,fails,0,G1 size;G3 leader,F:3/3,13,holding,13,RED,
2026-07-14,NVO,0,49.28,BOTTOMING,46.88,49.27,44.0682,72.86,AMBER,2,1,0,BREAKOUT,0,0,0,0,37,fails,0,G2 trend;G3 leader,F:—,,owner-request,,RED,
2026-07-14,NXPI,0,278.39,HOLD,232.14,243.99,294.045,50.4,RED,3,12,1,,0,0,0,0,42,fails,0,G3 leader;G4 basis,F:2/3,,shadow-screen,,YELLOW,
2026-07-14,ON,0,90.37,HOLD,59.69,62.73,60.9055,46.4,RED,3,32,1,BREAKOUT,0,1,0,0,62,STARTER,1,,F:2/3,,shadow-screen,,YELLOW,
2026-07-14,ONON,0,37.92,BOTTOMING,35.18,36.97,35.8967,47.79,WHITE,0,20,0,BREAKOUT,0,1,0,0,25,fails,0,G2 trend;G3 leader,F:1/1,,owner-request,,RED,
2026-07-14,ORCL,0,131.54,CAUTION,,,142.7,0.43,WHITE,0,4,0,BREAKDOWN,0,1,0,0,5,fails,0,G1 size;G2 trend;G3 leader;G4 basis,F:3/3,,owner-request,,YELLOW,
2026-07-14,PANW,0,330.3,HOLD,281.46,295.82,166.398,93.27,RED,4,10,1,,0,0,0,0,68,STARTER,1,,F:2/3,,owner-request,,NEUTRAL,
2026-07-14,PEP,0,138.49,CAUTION,133.82,140.65,142.322,10.14,WHITE,0,8,0,BREAKDOWN,1,1,0,1,17,fails,0,G2 trend;G3 leader;G4 basis,F:2/3,,shadow-screen,,YELLOW,
2026-07-14,PFE,0,24.48,CAUTION,23.67,24.87,25.8488,15.9,WHITE,0,5,0,BREAKDOWN,1,1,0,1,17,fails,0,G2 trend;G3 leader;G4 basis,F:2/3,,shadow-screen,,RED,
2026-07-14,PG,0,148.37,CAUTION,145.66,153.09,144.267,54.33,WHITE,1,2,0,,0,0,0,1,22,fails,0,G2 trend;G3 leader,F:2/3,,shadow-screen,,YELLOW,
2026-07-14,PLTR,1,130.04,CAUTION,113.64,119.44,136.12,25.34,WHITE,0,23,0,,0,1,0,0,5,fails,0,G1 size;G2 trend;G3 leader;G4 basis,F:2/2,,holding,,RED,
2026-07-14,QCOM,0,183.98,ACCUMULATE,179.02,188.16,131.179,45.32,RED,3,11,1,BREAKOUT,0,0,0,1,44,fails,0,G3 leader,F:3/3,16,owner-request,15,YELLOW,
2026-07-14,RBLX,0,55.03,CAUTION,45.96,48.31,46.9007,46.64,WHITE,0,32,0,,0,0,0,0,22,fails,0,G2 trend;G3 leader,F:2/2,,owner-request,,RED,
2026-07-14,RDDT,1,200.93,ACCUMULATE,198.06,208.17,142.753,81.68,RED,3,2,1,BREAKOUT,0,0,0,1,57,fails,0,G3 leader,F:2/2,11,holding,11,RED,
2026-07-14,RKLB,0,76.73,BOTTOMING,69.06,72.59,70.4732,39.34,AMBER,2,2,0,BREAKOUT,0,0,0,0,33,fails,0,G2 trend,F:1/3,,owner-request,,YELLOW,
2026-07-14,RTX,0,196.39,ACCUMULATE,192.93,202.77,176.191,72.62,RED,4,5,1,BREAKOUT,0,0,0,1,52,fails,0,G3 leader,F:2/3,,shadow-screen,,RED,
2026-07-14,SCHW,0,102.38,HOLD,90.8,95.44,92.6562,92.35,RED,4,2,1,,0,1,0,0,47,fails,0,G3 leader,F:3/3,,shadow-screen,,RED,
2026-07-14,SE,0,110.66,BOTTOMING,109.65,115.25,89.3319,67.11,WHITE,1,35,1,BREAKOUT,0,0,0,1,40,fails,0,G2 trend;G3 leader,F:2/2,,owner-request,,RED,
2026-07-14,SHOP,0,124.74,BOTTOMING,122.22,128.45,112.82,72.36,WHITE,1,23,0,BREAKOUT,1,1,0,1,27,fails,0,G2 trend;G3 leader,F:2/2,,owner-request,,RED,
2026-07-14,SMCI,0,27.66,CAUTION,21.31,22.39,30.7106,14.18,WHITE,0,5,0,,0,0,0,0,13,fails,0,G2 trend;G3 leader;G4 basis,F:3/3,,shadow-screen,,YELLOW,
2026-07-14,SNDK,0,1673.97,ACCUMULATE,1632.81,1716.12,638.592,78.57,RED,4,57,1,BREAKOUT,0,0,0,1,75,fails,0,G1 size,F:3/3,,shadow-screen,,YELLOW,
2026-07-14,SNOW,0,268.65,HOLD,254.59,267.58,237.448,97.18,RED,4,6,1,BREAKOUT,0,1,0,0,58,fails,0,G3 leader,F:3/3,,owner-request,,NEUTRAL,
2026-07-14,SOFI,0,18.13,BOTTOMING,17.53,18.43,17.8915,58.42,WHITE,0,22,0,BREAKOUT,1,0,1,1,18,fails,0,G2 trend;G3 leader,F:2/3,,owner-request,,NEUTRAL,
2026-07-14,SPCX,0,139.14,CAUTION,,,158.625,0.48,WHITE,0,2,0,,0,0,0,0,10,fails,0,G1 size;G2 trend;G3 leader;G4 basis;G5 data,F:—,,shadow-screen,,YELLOW,
2026-07-14,STX,0,860.66,ACCUMULATE,848.72,892.03,408.74,73.36,RED,4,61,1,BREAKOUT,0,0,0,1,74,STARTER,1,,F:3/3,,shadow-screen,,YELLOW,
2026-07-14,T,0,21.55,CAUTION,20.44,21.49,22.6325,18.13,WHITE,0,13,0,BREAKDOWN,0,1,0,0,13,fails,0,G2 trend;G3 leader;G4 basis,F:2/3,,shadow-screen,,RED,
2026-07-14,TER,0,341.11,ACCUMULATE,335.08,352.18,429.866,46.21,RED,3,49,1,BREAKDOWN,0,0,0,1,68,fails,0,G4 basis,F:2/3,,shadow-screen,,YELLOW,
2026-07-14,TMDX,0,75.74,CAUTION,73.36,77.1,69.2769,46.12,WHITE,0,17,0,BREAKDOWN,0,0,0,0,25,fails,0,G2 trend;G3 leader,F:3/3,,owner-request,,RED,
2026-07-14,TMO,0,528.51,BOTTOMING,514.81,541.07,472.719,79.31,WHITE,1,13,1,BREAKOUT,0,0,0,1,47,fails,0,G2 trend;G3 leader,F:2/3,,shadow-screen,,RED,
2026-07-14,TMUS,0,188.41,CAUTION,183.08,192.42,186.813,38.4,WHITE,0,44,0,,0,0,0,1,22,fails,0,G2 trend;G3 leader,F:2/3,,shadow-screen,,RED,
2026-07-14,TOST,0,29.96,BOTTOMING,27.55,28.95,28.1072,76.77,WHITE,1,41,0,BREAKOUT,0,0,0,0,30,fails,0,G2 trend;G3 leader,F:2/2,,owner-request,,RED,
2026-07-14,TSLA,1,394.76,CAUTION,389.96,409.86,397.921,41.88,WHITE,0,4,0,BREAKDOWN,1,0,1,1,5,fails,0,G1 size;G2 trend;G3 leader;G4 basis,F:1/3,,holding,,NEUTRAL,
2026-07-14,TSM,1,421.58,ACCUMULATE,406.03,426.75,435.295,72.78,RED,3,59,1,,0,0,0,0,60,fails,0,G1 size;G4 basis,F:3/3,6,holding,18,YELLOW,
2026-07-14,TXN,0,298.57,ACCUMULATE,286.83,301.47,304.037,73.15,RED,4,15,1,,1,1,0,1,53,fails,0,G3 leader;G4 basis,F:3/3,,shadow-screen,,YELLOW,
2026-07-14,UBER,0,74.26,BOTTOMING,72.8,76.51,74.2829,44.8,WHITE,0,31,0,BREAKOUT,0,0,0,1,23,fails,0,G2 trend;G3 leader;G4 basis,F:3/3,,owner-request,,RED,
2026-07-14,UNH,0,429.09,ACCUMULATE,415.92,437.14,289.068,97.27,RED,4,11,1,BREAKOUT,0,0,0,1,78,CONVICTION,1,,F:3/3,,shadow-screen,,NEUTRAL,
2026-07-14,V,0,357.75,ACCUMULATE,340.93,358.32,329.468,97.09,RED,4,3,1,,0,0,0,1,44,fails,0,G3 leader,F:2/2,18,owner-request,16,RED,
2026-07-14,VRT,0,305.87,HOLD,258.36,271.54,313.254,64.06,RED,3,58,1,,0,0,0,0,68,fails,0,G4 basis,F:3/3,,owner-request,,YELLOW,
2026-07-14,VZ,0,42.68,CAUTION,41.86,44,47.3902,28.38,WHITE,1,2,0,BREAKDOWN,1,1,0,1,13,fails,0,G2 trend;G3 leader;G4 basis,F:2/3,,shadow-screen,,YELLOW,
2026-07-14,WDC,0,555.55,HOLD,520.4,546.95,284.844,76.43,RED,4,59,1,BREAKOUT,0,0,0,0,65,fails,0,G1 size,F:3/3,,shadow-screen,,YELLOW,
2026-07-14,WFC,0,87.67,ACCUMULATE,84.83,89.16,81.3511,87.69,RED,3,2,1,BREAKOUT,0,0,0,1,52,fails,0,G3 leader,F:2/3,,shadow-screen,,RED,
2026-07-14,WMT,0,114.78,CAUTION,111.67,117.36,118.748,30.48,WHITE,0,2,0,BREAKDOWN,1,1,0,1,13,fails,0,G2 trend;G3 leader;G4 basis,F:2/3,,shadow-screen,,RED,
2026-07-14,XOM,0,144.51,ACCUMULATE,137.86,144.89,151.03,45.69,RED,3,1,1,BREAKOUT,1,1,0,1,48,fails,0,G3 leader;G4 basis,F:—,,shadow-screen,,RED,
2026-07-14,ZETA,0,21.87,ACCUMULATE,21.14,22.22,18.4446,88.03,RED,4,8,1,,1,1,0,1,70,STARTER,1,,F:2/2,,shadow-screen,,RED,
2026-07-14,ZS,0,141.82,CAUTION,131.98,138.71,127.394,48.12,WHITE,0,32,0,,0,0,1,0,25,fails,0,G2 trend;G3 leader,F:3/3,,owner-request,,NEUTRAL,
2026-07-15,0700,0,472.8,CAUTION,457.38,480.71,466.711,50.1,WHITE,0,22,0,,1,1,0,1,10,fails,0,G1 size;G2 trend;G3 leader,F:—,,owner-request,,RED,
2026-07-15,1810,0,25.94,CAUTION,25.29,26.58,25.8019,24.87,WHITE,0,40,0,BREAKDOWN,1,1,0,1,10,fails,0,G1 size;G2 trend;G3 leader,F:—,,owner-request,,RED,
2026-07-15,3690,0,83.05,CAUTION,76.32,80.22,77.8804,49.89,WHITE,0,65,0,,0,1,0,0,14,fails,0,G2 trend;G3 leader,F:—,,owner-request,,RED,
2026-07-15,9992,1,156.8,CAUTION,151.17,158.89,154.259,25.28,WHITE,0,20,0,INSIDE,0,0,0,1,23,fails,0,G2 trend;G3 leader,F:—,,holding,,RED,
2026-07-15,AAL,0,15.67,HOLD,14.49,15.23,15.9444,63.23,RED,4,8,1,BREAKOUT,0,0,0,0,43,fails,0,G3 leader;G4 basis,F:2/3,,shadow-screen,,YELLOW,
2026-07-15,AAOI,0,125.45,ACCUMULATE,119.96,126.08,170.785,40.89,RED,3,34,1,BREAKDOWN,1,1,0,1,68,fails,0,G4 basis,F:1/3,,shadow-screen,,YELLOW,
2026-07-15,AAPL,1,314.86,ACCUMULATE,304.78,320.32,310.995,97.91,RED,4,16,1,BREAKOUT,0,1,0,1,60,fails,0,G1 size,F:2/3,9,holding,4,RED,
2026-07-15,ABBV,0,244.78,HOLD,221.35,232.65,225.872,81.4,RED,4,6,1,BREAKOUT,0,0,0,0,43,fails,0,G3 leader,F:2/3,,shadow-screen,,YELLOW,
2026-07-15,ABT,0,88.96,CAUTION,86.52,90.93,88.2856,24.25,WHITE,0,38,0,,0,0,0,0,22,fails,0,G2 trend;G3 leader,F:2/3,,shadow-screen,,YELLOW,
2026-07-15,ACN,0,134.56,CAUTION,124.34,130.68,126.877,29.24,WHITE,0,25,0,BREAKDOWN,0,0,0,0,18,fails,0,G2 trend;G3 leader,F:1/2,,shadow-screen,,NEUTRAL,
2026-07-15,ADBE,0,220.78,CAUTION,196.72,206.75,243.185,24.83,WHITE,0,84,0,,0,1,0,0,13,fails,0,G2 trend;G3 leader;G4 basis,F:3/3,,owner-request,,RED,
2026-07-15,ADI,0,392.75,ACCUMULATE,387.24,406.99,395.14,59.44,RED,3,36,1,BREAKOUT,1,1,0,1,58,fails,0,G4 basis,F:3/3,,shadow-screen,,NEUTRAL,
2026-07-15,ALAB,0,361.78,HOLD,207.63,218.22,123.076,76.94,RED,4,13,1,,0,0,0,0,78,CONVICTION,1,,F:3/3,,owner-request,,YELLOW,
2026-07-15,AMAT,0,595.7,ACCUMULATE,574.73,604.05,391.467,79.23,RED,4,44,1,BREAKOUT,0,0,0,1,70,fails,0,G1 size,F:2/3,4,owner-request,9,YELLOW,
2026-07-15,AMD,1,548.13,ACCUMULATE,536.23,563.59,215.827,96.37,RED,4,18,1,BREAKOUT,1,0,1,1,70,fails,0,G1 size,F:3/3,3,holding,2,NEUTRAL,
2026-07-15,AMZN,0,247.49,ACCUMULATE,241.6,253.92,246.526,73.53,RED,3,3,1,BREAKDOWN,1,1,1,1,40,fails,0,G1 size;G3 leader,F:3/3,15,owner-request,1,RED,
2026-07-15,ANET,0,182.57,HOLD,161.94,170.2,142.771,97.38,RED,4,14,1,BREAKOUT,0,0,0,0,67,STARTER,1,,F:3/3,,owner-request,,RED,
2026-07-15,APH,0,158.37,ACCUMULATE,156.26,164.23,147.137,84.99,RED,4,8,1,BREAKOUT,0,0,0,1,67,STARTER,1,,F:3/3,,shadow-screen,,YELLOW,
2026-07-15,APP,0,448.98,CAUTION,378.85,398.18,466.365,28.93,WHITE,0,1,0,BREAKDOWN,0,0,0,0,13,fails,0,G2 trend;G3 leader;G4 basis,F:2/2,,owner-request,,YELLOW,
2026-07-15,ARM,0,281.17,HOLD,206.46,216.99,210.673,57.98,RED,4,15,1,,0,0,0,0,64,STARTER,1,,F:3/3,,owner-request,,YELLOW,
2026-07-15,ASML,0,1775.64,ACCUMULATE,1739.4,1828.15,1379.34,79.62,RED,4,48,1,,1,1,0,1,74,STARTER,1,,F:1/1,6,owner-request,3,YELLOW,
2026-07-15,ASTS,0,68.82,CAUTION,68.17,71.65,86.0499,14.15,WHITE,1,1,0,BREAKDOWN,0,0,0,1,23,fails,0,G2 trend;G4 basis,F:0/2,,owner-request,,YELLOW,
2026-07-15,AVGO,1,389.11,ACCUMULATE,383.25,402.81,379.737,65,RED,3,2,1,INSIDE,0,0,0,1,55,fails,0,G1 size,F:3/3,11,holding,13,RED,
2026-07-15,AXON,0,547.26,CAUTION,536.85,564.24,393.819,70.45,WHITE,1,36,1,,0,0,0,1,37,fails,0,G2 trend;G3 leader,F:3/3,,owner-request,,YELLOW,
2026-07-15,AXP,0,355.06,ACCUMULATE,349.33,367.15,313.649,85.79,RED,3,3,1,BREAKOUT,0,0,0,1,52,fails,0,G3 leader,F:2/3,,shadow-screen,,RED,
2026-07-15,AXTI,0,57.57,PULLBACK,53.88,56.63,66.8189,36.02,AMBER,2,3,1,,0,1,0,0,52,fails,0,G2 trend;G4 basis,F:0/3,,shadow-screen,,YELLOW,
2026-07-15,AZO,0,3032.07,CAUTION,2710.1,2848.37,3077.93,15.22,WHITE,0,22,0,BREAKDOWN,1,1,1,0,13,fails,0,G2 trend;G3 leader;G4 basis,F:2/3,,shadow-screen,,NEUTRAL,
2026-07-15,BA,0,217.11,PULLBACK,213.61,224.5,217.965,36.65,AMBER,2,1,1,,0,0,0,1,27,fails,0,G2 trend;G3 leader;G4 basis,F:2/3,,shadow-screen,,YELLOW,
2026-07-15,BAC,0,60.62,ACCUMULATE,58.36,61.33,52.2985,99.7,RED,4,7,1,BREAKOUT,0,0,0,1,48,fails,0,G3 leader,F:2/3,,shadow-screen,,RED,
2026-07-15,BE,0,243.4,ACCUMULATE,236.45,248.51,278.421,55.11,RED,3,58,1,BREAKOUT,1,1,0,1,64,fails,0,G4 basis,F:2/3,,shadow-screen,,YELLOW,
2026-07-15,BKNG,0,174.85,BOTTOMING,168.9,177.52,168.127,52.02,WHITE,0,26,0,BREAKOUT,0,0,1,0,22,fails,0,G2 trend;G3 leader,F:2/3,,shadow-screen,,YELLOW,
2026-07-15,BSX,0,42.63,CAUTION,41.89,44.02,44.6055,0.89,WHITE,0,33,0,,0,0,0,1,17,fails,0,G2 trend;G3 leader;G4 basis,F:3/3,,shadow-screen,,NEUTRAL,
2026-07-15,C,0,133.27,ACCUMULATE,131.1,137.79,142.928,72.97,RED,4,18,1,BREAKOUT,0,0,0,1,58,fails,0,G4 basis,F:2/3,,shadow-screen,,YELLOW,
2026-07-15,CAT,0,933.34,ACCUMULATE,914.07,960.71,909.906,75.53,RED,3,56,1,BREAKOUT,0,0,0,1,74,STARTER,1,,F:2/3,,shadow-screen,,YELLOW,
2026-07-15,CAVA,0,69.97,CAUTION,66.52,69.92,79.8304,30.26,AMBER,2,3,0,,0,0,0,0,25,fails,0,G2 trend;G3 leader;G4 basis,F:3/3,,owner-request,,YELLOW,
2026-07-15,CBRS,0,203.81,CAUTION,195.35,205.32,218.132,28.35,WHITE,0,10,0,,0,0,0,0,18,fails,0,G2 trend;G3 leader;G4 basis;G5 data,F:—,,shadow-screen,,RED,
2026-07-15,CEG,0,256.43,CAUTION,240.73,253.02,270.626,19.55,WHITE,0,25,0,INSIDE,0,0,0,0,27,fails,0,G2 trend;G3 leader;G4 basis,F:2/3,,shadow-screen,,RED,
2026-07-15,CIEN,0,446.93,ACCUMULATE,431.47,453.49,440.28,59.3,RED,3,62,1,BREAKDOWN,0,0,0,1,77,CONVICTION,1,,F:3/3,,shadow-screen,,NEUTRAL,
2026-07-15,COHR,0,310.77,HOLD,247.06,259.67,252.107,51.51,RED,3,55,1,BREAKDOWN,0,0,1,0,68,STARTER,1,,F:2/3,,shadow-screen,,YELLOW,
2026-07-15,COIN,0,161.5,CAUTION,154.06,161.92,157.201,19.43,WHITE,0,33,0,INSIDE,0,0,0,1,27,fails,0,G2 trend;G3 leader,F:1/2,,shadow-screen,,RED,
2026-07-15,COST,0,921.75,CAUTION,902.7,948.76,955.627,17.69,WHITE,1,2,0,BREAKDOWN,1,1,0,1,13,fails,0,G2 trend;G3 leader;G4 basis,F:2/3,,owner-request,,YELLOW,
2026-07-15,CRCL,0,63.22,CAUTION,62.12,65.29,82.0741,5.3,WHITE,0,6,0,BREAKDOWN,0,0,0,1,22,fails,0,G2 trend;G3 leader;G4 basis,F:2/2,,shadow-screen,,NEUTRAL,
2026-07-15,CRDO,0,236.18,ACCUMULATE,229.87,241.59,247.119,70.92,RED,4,13,1,,0,0,0,1,78,fails,0,G4 basis,F:3/3,5,owner-request,10,YELLOW,
2026-07-15,CRM,0,167.56,CAUTION,162.46,170.75,183.972,24.07,WHITE,0,70,0,,0,0,0,1,13,fails,0,G2 trend;G3 leader;G4 basis,F:2/3,,owner-request,,RED,
2026-07-15,CRWD,0,210.73,HOLD,184.48,193.89,103.698,100,RED,4,10,1,BREAKOUT,0,0,0,0,68,STARTER,1,,F:2/2,,owner-request,,RED,
2026-07-15,CRWV,0,79.94,CAUTION,67.31,70.75,117.292,12.28,WHITE,1,1,0,BREAKDOWN,0,1,0,0,18,fails,0,G2 trend;G3 leader;G4 basis,F:2/2,,shadow-screen,,YELLOW,
2026-07-15,CSCO,0,117.09,HOLD,89.92,94.5,77.9846,72.54,RED,4,64,1,,0,0,0,0,68,STARTER,1,,F:2/3,,shadow-screen,,YELLOW,
2026-07-15,CSPX,1,812.81,ACCUMULATE,796.06,836.67,812.305,97.54,RED,4,15,1,BREAKOUT,0,1,0,1,60,fails,0,G3 leader,F:—,14,holding,5,RED,
2026-07-15,CVX,0,181.76,ACCUMULATE,178.07,187.16,189.832,50.24,RED,3,1,1,BREAKDOWN,0,0,0,0,38,fails,0,G3 leader;G4 basis,F:1/3,,shadow-screen,,RED,
2026-07-15,D05,0,73.2,HOLD,68.43,71.92,57.288,99.89,RED,4,65,1,BREAKOUT,0,0,0,0,70,STARTER,1,,F:—,,owner-request,,RED,
2026-07-15,DDOG,0,270.73,ACCUMULATE,258.04,271.21,127.455,99.58,RED,4,11,1,BREAKOUT,0,0,0,1,77,CONVICTION,1,,F:2/2,7,owner-request,11,RED,
2026-07-15,DELL,0,457.54,ACCUMULATE,440.47,462.94,118.395,99.15,RED,4,20,1,BREAKOUT,0,0,0,1,74,STARTER,1,,F:2/2,,shadow-screen,,NEUTRAL,
2026-07-15,DRAM,1,61.23,CAUTION,59.2,62.22,60.41,45.6,RED,3,15,0,,0,0,0,0,54,fails,0,G2 trend;G5 data,F:—,,holding,,YELLOW,
2026-07-15,DUOL,0,128.35,CAUTION,96.87,101.82,98.8507,70.05,WHITE,0,49,0,,0,0,0,0,30,fails,0,G2 trend;G3 leader,F:2/2,,owner-request,,NEUTRAL,
2026-07-15,ETHA,0,14.18,CAUTION,14.04,14.75,16.0445,25.45,WHITE,0,33,0,BREAKDOWN,1,0,1,1,25,fails,0,G2 trend;G3 leader;G4 basis,F:0/2,,owner-request,,RED,
2026-07-15,ETN,0,415.52,ACCUMULATE,398.49,418.82,406.625,88.96,RED,3,19,1,,0,0,0,1,62,fails,0,G3 leader,F:3/3,,shadow-screen,,NEUTRAL,
2026-07-15,FCX,0,61.95,ACCUMULATE,60.95,64.06,62.1905,60.19,RED,3,33,1,BREAKDOWN,1,1,0,1,52,fails,0,G3 leader;G4 basis,F:2/3,,shadow-screen,,NEUTRAL,
2026-07-15,GE,0,353.73,HOLD,334.38,351.44,283.601,84.16,RED,4,8,1,BREAKDOWN,0,0,0,0,48,fails,0,G3 leader,F:3/3,,shadow-screen,,YELLOW,
2026-07-15,GEV,0,1066.01,ACCUMULATE,1044.02,1097.29,1065.33,79.96,RED,3,67,1,BREAKOUT,0,0,0,1,74,STARTER,1,,F:2/3,,shadow-screen,,YELLOW,
2026-07-15,GLW,0,187.64,ACCUMULATE,184.81,194.24,188.579,63.7,RED,3,61,1,BREAKOUT,0,0,0,1,69,fails,0,G4 basis,F:3/3,,shadow-screen,,YELLOW,
2026-07-15,GOOG,1,357.33,HOLD,332.15,349.1,360.33,70.38,RED,3,16,1,,0,1,0,0,50,fails,0,G1 size;G4 basis,F:2/2,,holding,,RED,
2026-07-15,GOOGL,0,359.51,HOLD,332.7,349.67,363.885,72.32,RED,3,16,1,,1,1,1,0,50,fails,0,G1 size;G4 basis,F:2/2,,shadow-screen,,RED,
2026-07-15,GRAB,0,3.8,BOTTOMING,3.55,3.73,3.6237,48.99,WHITE,0,28,0,BREAKOUT,0,0,0,0,25,fails,0,G2 trend;G3 leader,F:2/2,,owner-request,,NEUTRAL,
2026-07-15,GS,0,1140,HOLD,1067.87,1122.35,930.907,99.92,RED,4,16,1,BREAKOUT,0,0,0,0,63,STARTER,1,,F:2/2,,shadow-screen,,RED,
2026-07-15,HD,0,337.74,CAUTION,328.48,345.24,348.297,48.14,WHITE,0,20,0,BREAKDOWN,0,0,0,1,13,fails,0,G2 trend;G3 leader;G4 basis,F:2/3,,shadow-screen,,YELLOW,
2026-07-15,HIMS,0,35.15,ACCUMULATE,33.94,35.67,24.0908,75.98,RED,3,3,1,BREAKOUT,0,0,0,1,52,fails,0,G3 leader,F:2/2,18,owner-request,17,NEUTRAL,
2026-07-15,HON,0,222.68,CAUTION,210.2,220.92,224.045,27.6,AMBER,2,3,0,,0,0,0,0,17,fails,0,G2 trend;G3 leader;G4 basis,F:2/3,,shadow-screen,,YELLOW,
2026-07-15,HOOD,0,113.45,HOLD,103.35,108.62,76.046,82.13,RED,3,3,1,BREAKOUT,0,0,0,0,39,fails,0,G3 leader,F:2/2,,owner-request,,NEUTRAL,
2026-07-15,IBIT,0,36.58,CAUTION,35.2,37,35.9225,23.3,WHITE,0,35,0,BREAKDOWN,1,1,0,1,23,fails,0,G2 trend;G3 leader,F:0/2,,owner-request,,RED,
2026-07-15,IBM,0,217.07,CAUTION,,,228.05,1.93,WHITE,0,1,0,,0,0,0,0,13,fails,0,G2 trend;G3 leader;G4 basis,F:2/3,,shadow-screen,,YELLOW,
2026-07-15,INTC,0,107.76,ACCUMULATE,106.41,111.84,45.2035,61.51,RED,3,48,1,,0,0,0,1,70,fails,0,G1 size,F:1/3,2,owner-request,8,YELLOW,
2026-07-15,INTU,0,282.43,CAUTION,268.39,282.09,264.525,25.39,WHITE,0,41,0,,0,1,0,0,22,fails,0,G2 trend;G3 leader,F:3/3,,shadow-screen,,RED,
2026-07-15,IONQ,0,39.29,BOTTOMING,32.63,34.3,50.3,20.01,WHITE,1,1,0,BREAKOUT,0,0,0,0,17,fails,0,G2 trend;G3 leader;G4 basis,F:1/3,,shadow-screen,,YELLOW,
2026-07-15,IOT,0,36.9,ACCUMULATE,36.42,38.28,31.8175,80.42,RED,3,2,1,,0,1,0,1,55,fails,0,G3 leader,F:2/2,17,owner-request,6,RED,
2026-07-15,IREN,0,38.59,CAUTION,34.14,35.88,41.7894,11.13,WHITE,1,1,0,BREAKDOWN,0,0,0,0,33,fails,0,G2 trend;G4 basis,F:2/2,,shadow-screen,,YELLOW,
2026-07-15,ISRG,0,379.5,CAUTION,,,403.484,0.31,WHITE,0,24,0,,0,1,0,0,17,fails,0,G2 trend;G3 leader;G4 basis,F:3/3,,shadow-screen,,YELLOW,
2026-07-15,JNJ,0,253.85,HOLD,239.33,251.54,230.268,90.48,RED,4,53,1,BREAKOUT,0,0,0,0,63,STARTER,1,,F:2/3,,shadow-screen,,YELLOW,
2026-07-15,JPM,0,342.89,HOLD,324.91,341.49,309.227,99.84,RED,4,7,1,BREAKOUT,0,1,0,0,39,fails,0,G3 leader,F:2/3,,owner-request,,NEUTRAL,
2026-07-15,KLAC,0,230.37,HOLD,217.06,228.13,146.195,75.39,RED,4,62,1,BREAKOUT,0,0,0,0,69,STARTER,1,,F:3/3,,owner-request,,YELLOW,
2026-07-15,KO,0,83.08,ACCUMULATE,79.37,83.42,78.9962,93.58,RED,4,28,1,BREAKOUT,0,0,0,1,58,fails,0,G3 leader,F:2/3,,shadow-screen,,RED,
2026-07-15,LIN,0,522.54,ACCUMULATE,503.4,529.08,497.007,89.73,RED,4,23,1,,0,0,0,0,57,fails,0,G3 leader,F:2/3,,shadow-screen,,YELLOW,
2026-07-15,LITE,0,814.8,ACCUMULATE,785.19,825.25,871.238,52.45,RED,3,59,1,BREAKOUT,1,1,1,1,74,fails,0,G4 basis,F:2/3,,shadow-screen,,RED,
2026-07-15,LLY,0,1152.54,ACCUMULATE,1127.8,1185.34,919.232,86.51,RED,4,10,1,,0,0,0,1,59,fails,1,,F:3/3,10,owner-request,12,YELLOW,
2026-07-15,LRCX,0,346.1,HOLD,314.62,330.68,222.314,77.06,RED,4,59,1,BREAKOUT,0,1,0,0,65,fails,0,G1 size,F:3/3,,owner-request,,YELLOW,
2026-07-15,MA,0,538.02,BOTTOMING,527.38,554.29,494.824,77.35,WHITE,1,27,1,BREAKOUT,0,0,0,1,43,fails,0,G2 trend;G3 leader,F:3/3,,owner-request,,RED,
2026-07-15,MCD,0,268.94,CAUTION,264.49,277.99,276.096,4.37,WHITE,0,16,0,,1,1,0,1,17,fails,0,G2 trend;G3 leader;G4 basis,F:2/3,,shadow-screen,,NEUTRAL,
2026-07-15,MCHP,0,87.11,HOLD,79.46,83.52,90.0586,51.41,RED,3,14,1,,0,0,0,0,42,fails,0,G3 leader;G4 basis,F:2/3,,shadow-screen,,YELLOW,
2026-07-15,MDB,0,344.67,HOLD,316.32,332.46,322.776,71.11,RED,3,6,1,BREAKDOWN,1,1,1,0,57,fails,1,,F:3/3,,owner-request,,YELLOW,
2026-07-15,META,0,661.04,BOTTOMING,598.15,628.67,610.358,76.45,WHITE,1,36,1,BREAKOUT,0,0,0,0,25,fails,0,G1 size;G2 trend;G3 leader,F:2/2,,owner-request,,RED,
2026-07-15,MPWR,0,1376.41,ACCUMULATE,1328,1395.76,1355.11,58.25,RED,3,57,1,BREAKOUT,1,1,0,1,68,STARTER,1,,F:3/3,,shadow-screen,,RED,
2026-07-15,MRK,0,120.78,ACCUMULATE,118.66,124.72,121.085,77.25,RED,3,37,1,,0,0,0,0,62,fails,0,G4 basis,F:2/3,,shadow-screen,,YELLOW,
2026-07-15,MRVL,0,222.44,HOLD,198.74,208.87,89.2744,50.99,RED,4,21,1,,0,0,1,0,60,fails,0,G1 size,F:3/3,,owner-request,,YELLOW,
2026-07-15,MS,0,227.67,ACCUMULATE,217.5,228.6,190.76,98.44,RED,4,16,1,BREAKOUT,0,0,0,1,72,STARTER,1,,F:2/3,,shadow-screen,,RED,
2026-07-15,MSFT,0,384.93,CAUTION,378.15,397.44,371.614,28.41,WHITE,0,27,0,,1,1,1,1,10,fails,0,G1 size;G2 trend;G3 leader,F:3/3,,owner-request,,RED,
2026-07-15,MSTR,0,97.58,CAUTION,93.03,97.77,125.827,15,WHITE,0,41,0,BREAKDOWN,1,1,0,1,13,fails,0,G2 trend;G3 leader;G4 basis,F:0/2,,shadow-screen,,RED,
2026-07-15,MU,1,983.12,ACCUMULATE,958.92,1007.85,415.428,76.2,RED,4,58,1,,0,0,0,1,70,fails,0,G1 size,F:3/3,1,holding,7,YELLOW,
2026-07-15,NBIS,0,194.09,HOLD,157.34,165.36,96.2489,58.78,RED,3,24,1,BREAKOUT,0,0,0,0,69,STARTER,1,,F:2/2,,owner-request,,YELLOW,
2026-07-15,NEE,0,89.54,ACCUMULATE,86.45,90.86,88.215,68.81,RED,3,4,1,INSIDE,1,0,1,1,57,fails,0,G3 leader,F:2/3,,shadow-screen,,RED,
2026-07-15,NET,0,281.75,HOLD,263.78,277.24,197.049,99.96,RED,4,14,1,,0,0,0,0,67,STARTER,1,,F:2/2,,owner-request,,RED,
2026-07-15,NFLX,0,73.53,CAUTION,72.25,75.93,73.72,5.93,WHITE,0,35,0,BREAKDOWN,1,1,0,1,9,fails,0,G2 trend;G3 leader;G4 basis,F:2/3,,owner-request,,NEUTRAL,
2026-07-15,NKE,0,42.86,CAUTION,42.04,44.18,42.8979,15.58,WHITE,0,41,0,BREAKDOWN,1,1,0,1,17,fails,0,G2 trend;G3 leader;G4 basis,F:2/3,,shadow-screen,,NEUTRAL,
2026-07-15,NOW,0,104.85,CAUTION,103.32,108.59,101.126,52.39,WHITE,0,51,0,,0,0,0,1,18,fails,0,G2 trend;G3 leader,F:2/3,,shadow-screen,,NEUTRAL,
2026-07-15,NVDA,1,211.8,ACCUMULATE,205.08,215.54,182.93,84.26,RED,3,3,1,BREAKOUT,0,0,0,1,40,fails,0,G1 size;G3 leader,F:3/3,13,holding,15,RED,
2026-07-15,NVO,0,49.07,CAUTION,46.88,49.27,44.0682,72.87,AMBER,2,1,0,INSIDE,0,0,0,1,32,fails,0,G2 trend;G3 leader,F:—,,owner-request,,RED,
2026-07-15,NXPI,0,283.87,ACCUMULATE,276.28,290.38,294.045,57.73,RED,3,12,1,,0,0,0,1,47,fails,0,G3 leader;G4 basis,F:2/3,,shadow-screen,,YELLOW,
2026-07-15,ON,0,93.73,ACCUMULATE,91.92,96.61,60.9055,51.92,RED,3,32,1,BREAKOUT,1,1,0,1,67,STARTER,1,,F:2/3,,shadow-screen,,YELLOW,
2026-07-15,ONON,0,37.74,BOTTOMING,35.18,36.97,35.8967,47.65,WHITE,0,20,0,BREAKOUT,0,1,0,0,25,fails,0,G2 trend;G3 leader,F:1/1,,owner-request,,RED,
2026-07-15,ORCL,0,127.94,CAUTION,,,142.7,0.12,WHITE,0,4,0,BREAKDOWN,0,1,0,0,5,fails,0,G1 size;G2 trend;G3 leader;G4 basis,F:3/3,,owner-request,,YELLOW,
2026-07-15,PANW,0,352.89,HOLD,281.46,295.82,166.398,98.49,RED,4,10,1,,0,0,0,0,68,STARTER,1,,F:2/3,,owner-request,,NEUTRAL,
2026-07-15,PEP,0,135.45,CAUTION,128.16,134.7,142.322,3.91,WHITE,0,8,0,BREAKDOWN,0,1,0,0,17,fails,0,G2 trend;G3 leader;G4 basis,F:2/3,,shadow-screen,,YELLOW,
2026-07-15,PFE,0,24.25,CAUTION,23.67,24.87,25.8488,16.26,WHITE,0,5,0,BREAKDOWN,1,1,0,1,17,fails,0,G2 trend;G3 leader;G4 basis,F:2/3,,shadow-screen,,NEUTRAL,
2026-07-15,PG,0,146.08,CAUTION,141.38,148.59,144.267,37.48,WHITE,1,2,0,,0,0,0,0,22,fails,0,G2 trend;G3 leader,F:2/3,,shadow-screen,,YELLOW,
2026-07-15,PLTR,1,133.72,CAUTION,113.64,119.44,136.12,35.72,WHITE,0,23,0,,0,1,0,0,5,fails,0,G1 size;G2 trend;G3 leader;G4 basis,F:2/2,,holding,,RED,
2026-07-15,QCOM,0,178.1,PULLBACK,172.55,181.36,131.179,39.71,AMBER,2,1,1,BREAKOUT,0,0,0,1,24,fails,0,G2 trend;G3 leader,F:3/3,,owner-request,,YELLOW,
2026-07-15,RBLX,0,54.47,CAUTION,45.96,48.31,46.9007,46.66,WHITE,0,32,0,,0,0,0,0,22,fails,0,G2 trend;G3 leader,F:2/2,,owner-request,,NEUTRAL,
2026-07-15,RDDT,1,203.27,ACCUMULATE,198.06,208.17,142.753,83.36,RED,3,2,1,BREAKOUT,0,0,0,1,57,fails,0,G3 leader,F:2/2,12,holding,14,RED,
2026-07-15,RKLB,0,78.81,CAUTION,69.06,72.59,70.4732,40.44,AMBER,2,2,0,INSIDE,0,0,0,0,38,fails,0,G2 trend,F:1/3,,owner-request,,YELLOW,
2026-07-15,RTX,0,193.39,ACCUMULATE,184.59,194,176.191,66.45,RED,4,5,1,BREAKOUT,0,0,0,1,52,fails,0,G3 leader,F:2/3,,shadow-screen,,NEUTRAL,
2026-07-15,SCHW,0,101.1,HOLD,90.8,95.44,92.6562,88.28,RED,4,2,1,,0,1,0,0,47,fails,0,G3 leader,F:3/3,,shadow-screen,,RED,
2026-07-15,SE,0,109.29,BOTTOMING,109.65,115.25,89.3319,66.82,WHITE,1,35,0,BREAKOUT,0,0,0,1,30,fails,0,G2 trend;G3 leader,F:2/2,,owner-request,,RED,
2026-07-15,SHOP,0,125.68,BOTTOMING,122.22,128.45,112.82,72.48,WHITE,1,23,1,BREAKOUT,1,1,0,1,37,fails,0,G2 trend;G3 leader,F:2/2,,owner-request,,RED,
2026-07-15,SMCI,0,27.65,CAUTION,21.34,22.43,30.7453,14.59,WHITE,0,5,0,INSIDE,0,0,0,0,18,fails,0,G2 trend;G3 leader;G4 basis,F:3/3,,shadow-screen,,YELLOW,
2026-07-15,SNDK,0,1757.82,ACCUMULATE,1708.81,1795.99,638.592,82.2,RED,4,57,1,BREAKOUT,0,0,0,1,75,fails,0,G1 size,F:3/3,,shadow-screen,,YELLOW,
2026-07-15,SNOW,0,275.94,HOLD,254.59,267.58,237.448,99.26,RED,4,6,1,BREAKOUT,0,1,0,0,58,fails,0,G3 leader,F:3/3,,owner-request,,RED,
2026-07-15,SOFI,0,18.55,BOTTOMING,17.53,18.43,17.8915,62.93,WHITE,0,22,0,BREAKOUT,0,0,0,0,23,fails,0,G2 trend;G3 leader,F:2/3,,owner-request,,RED,
2026-07-15,SPCX,0,136.08,CAUTION,,,158.731,0,WHITE,0,2,0,,0,0,0,0,10,fails,0,G1 size;G2 trend;G3 leader;G4 basis;G5 data,F:—,,shadow-screen,,YELLOW,
2026-07-15,STX,0,878.31,ACCUMULATE,866.65,910.87,408.74,76.05,RED,4,61,1,BREAKOUT,0,0,0,1,70,fails,0,G1 size,F:3/3,,shadow-screen,,YELLOW,
2026-07-15,T,0,21.28,CAUTION,20.98,22.05,22.6325,16.08,WHITE,0,13,0,BREAKDOWN,1,1,0,1,13,fails,0,G2 trend;G3 leader;G4 basis,F:2/3,,shadow-screen,,NEUTRAL,
2026-07-15,TER,0,353.23,HOLD,335.08,352.18,429.866,53.95,RED,3,49,1,INSIDE,0,0,0,0,68,fails,0,G4 basis,F:2/3,,shadow-screen,,YELLOW,
2026-07-15,TMDX,0,74.59,CAUTION,73.36,77.1,69.2769,40.74,WHITE,0,17,0,BREAKDOWN,0,0,0,1,25,fails,0,G2 trend;G3 leader,F:3/3,,owner-request,,RED,
2026-07-15,TMO,0,534.07,BOTTOMING,517.15,543.54,472.719,81.11,WHITE,1,13,1,BREAKOUT,0,0,0,1,47,fails,0,G2 trend;G3 leader,F:2/3,,shadow-screen,,RED,
2026-07-15,TMUS,0,187.13,CAUTION,183.08,192.42,186.813,33.9,WHITE,0,44,0,,0,0,0,1,22,fails,0,G2 trend;G3 leader,F:2/3,,shadow-screen,,RED,
2026-07-15,TOST,0,30,BOTTOMING,27.55,28.95,28.1072,76.78,WHITE,1,41,0,BREAKOUT,0,0,0,0,30,fails,0,G2 trend;G3 leader,F:2/2,,owner-request,,RED,
2026-07-15,TSLA,1,396.18,CAUTION,389.96,409.86,397.921,41.79,WHITE,0,4,0,BREAKDOWN,1,0,1,1,5,fails,0,G1 size;G2 trend;G3 leader;G4 basis,F:1/3,,holding,,YELLOW,
2026-07-15,TSM,1,420.39,ACCUMULATE,406.03,426.75,435.295,69.9,RED,3,59,1,,0,0,0,0,60,fails,0,G1 size;G4 basis,F:3/3,8,holding,18,YELLOW,
2026-07-15,TXN,0,305.55,ACCUMULATE,299.54,314.83,305.658,81.77,RED,4,15,1,,1,1,0,1,59,fails,0,G4 basis,F:3/3,,shadow-screen,,NEUTRAL,
2026-07-15,UBER,0,72.08,BOTTOMING,70.12,73.69,74.2829,23.15,WHITE,0,31,0,BREAKOUT,0,0,0,0,23,fails,0,G2 trend;G3 leader;G4 basis,F:3/3,,owner-request,,NEUTRAL,
2026-07-15,UNH,0,425.19,ACCUMULATE,415.92,437.14,289.068,95.23,RED,4,11,1,BREAKOUT,0,0,0,1,78,CONVICTION,1,,F:3/3,,shadow-screen,,NEUTRAL,
2026-07-15,V,0,356.02,ACCUMULATE,349.13,366.94,329.468,94.84,RED,4,3,1,,0,0,0,1,44,fails,0,G3 leader,F:2/2,16,owner-request,16,RED,
2026-07-15,VRT,0,303.58,HOLD,258.36,271.54,310.152,60.62,RED,3,58,1,,0,0,0,0,68,fails,0,G4 basis,F:3/3,,owner-request,,YELLOW,
2026-07-15,VZ,0,42.47,CAUTION,41.64,43.77,47.3902,25.95,WHITE,1,2,0,BREAKDOWN,1,1,0,1,13,fails,0,G2 trend;G3 leader;G4 basis,F:2/3,,shadow-screen,,YELLOW,
2026-07-15,WDC,0,563.32,HOLD,520.4,546.95,284.844,76.7,RED,4,59,1,BREAKOUT,0,0,0,0,65,fails,0,G1 size,F:3/3,,shadow-screen,,YELLOW,
2026-07-15,WFC,0,85.29,ACCUMULATE,82.28,86.47,81.3511,72.44,RED,3,2,1,BREAKOUT,0,0,0,1,52,fails,0,G3 leader,F:2/3,,shadow-screen,,YELLOW,
2026-07-15,WMT,0,113.7,CAUTION,100.68,105.82,118.748,24.75,WHITE,0,2,0,BREAKDOWN,0,1,0,0,13,fails,0,G2 trend;G3 leader;G4 basis,F:2/3,,shadow-screen,,RED,
2026-07-15,XOM,0,145.09,HOLD,137.86,144.89,151.03,47.59,RED,3,1,1,BREAKOUT,0,1,0,0,43,fails,0,G3 leader;G4 basis,F:—,,shadow-screen,,RED,
2026-07-15,ZETA,0,22.53,HOLD,21.14,22.22,18.4446,91.55,RED,4,8,1,,1,1,1,0,65,STARTER,1,,F:2/2,,shadow-screen,,RED,
2026-07-15,ZS,0,152.09,CAUTION,143.87,151.21,127.394,68.72,WHITE,0,32,0,,0,0,1,0,30,fails,0,G2 trend;G3 leader,F:3/3,,owner-request,,RED,
2026-07-16,0700,0,489.4,CAUTION,457.38,480.71,466.711,59.86,WHITE,0,22,0,,0,0,0,0,10,fails,0,G1 size;G2 trend;G3 leader,F:—,,owner-request,,RED,
2026-07-16,1810,0,27.46,CAUTION,25.29,26.58,25.8019,29.88,WHITE,0,40,0,BREAKDOWN,0,1,0,0,10,fails,0,G1 size;G2 trend;G3 leader,F:—,,owner-request,,RED,
2026-07-16,3690,0,87.85,CAUTION,76.32,80.22,77.8804,67.87,WHITE,1,65,0,,0,1,0,0,19,fails,0,G2 trend;G3 leader,F:—,,owner-request,,RED,
2026-07-16,9992,1,167.8,BOTTOMING,151.17,158.89,154.259,47.74,WHITE,0,20,0,BREAKOUT,0,0,0,0,18,fails,0,G2 trend;G3 leader,F:—,,holding,,RED,
2026-07-16,AAL,0,15.63,HOLD,14.49,15.23,15.829,62.48,RED,4,8,1,BREAKOUT,0,0,0,0,43,fails,0,G3 leader;G4 basis,F:2/3,,shadow-screen,,YELLOW,
2026-07-16,AAOI,0,109.09,PULLBACK,95.31,100.18,170.785,30.84,AMBER,2,1,1,BREAKDOWN,0,1,0,0,48,fails,0,G2 trend;G4 basis,F:1/3,,shadow-screen,,YELLOW,
2026-07-16,AAPL,1,327.5,ACCUMULATE,312.96,328.93,310.822,99.92,RED,4,16,1,BREAKOUT,0,1,0,1,60,fails,0,G1 size,F:2/3,9,holding,6,RED,
2026-07-16,ABBV,0,244.11,HOLD,221.35,232.65,225.872,81.1,RED,4,6,1,BREAKOUT,0,0,0,0,43,fails,0,G3 leader,F:2/3,,shadow-screen,,YELLOW,
2026-07-16,ABT,0,89.27,CAUTION,87.02,91.45,88.7909,24.81,WHITE,0,38,0,,0,0,0,1,22,fails,0,G2 trend;G3 leader,F:2/3,,shadow-screen,,YELLOW,
2026-07-16,ACN,0,137.02,CAUTION,134.11,140.96,126.877,32.09,WHITE,0,25,0,BREAKDOWN,0,0,0,1,18,fails,0,G2 trend;G3 leader,F:1/2,,shadow-screen,,RED,
2026-07-16,ADBE,0,224.56,CAUTION,221.68,232.99,243.185,27.83,WHITE,0,84,0,,1,1,0,1,17,fails,0,G2 trend;G3 leader;G4 basis,F:3/3,,owner-request,,RED,
2026-07-16,ADI,0,390.96,ACCUMULATE,384.69,404.31,392.536,55.64,RED,3,36,1,BREAKOUT,1,1,0,1,58,fails,0,G4 basis,F:3/3,,shadow-screen,,YELLOW,
2026-07-16,ALAB,0,350.62,HOLD,207.63,218.22,123.076,74.46,RED,4,13,1,,0,0,0,0,78,CONVICTION,1,,F:3/3,,owner-request,,YELLOW,
2026-07-16,AMAT,0,579.43,HOLD,432.78,454.86,391.467,72.98,RED,4,44,1,BREAKOUT,0,0,0,0,65,fails,0,G1 size,F:2/3,,owner-request,,YELLOW,
2026-07-16,AMD,1,529.14,HOLD,501.6,527.19,215.827,89.74,RED,4,18,1,BREAKOUT,0,0,0,0,65,fails,0,G1 size,F:3/3,,holding,,YELLOW,
2026-07-16,AMZN,0,254.96,ACCUMULATE,248.04,260.69,246.526,82,RED,3,3,1,BREAKDOWN,1,1,1,1,40,fails,0,G1 size;G3 leader,F:3/3,18,owner-request,3,RED,
2026-07-16,ANET,0,171.92,HOLD,161.94,170.2,142.771,87.64,RED,4,14,1,BREAKOUT,0,0,0,0,63,STARTER,1,,F:3/3,,owner-request,,NEUTRAL,
2026-07-16,APH,0,157.04,HOLD,144.19,151.55,147.137,83.15,RED,4,8,1,BREAKOUT,0,0,0,0,62,STARTER,1,,F:3/3,,shadow-screen,,YELLOW,
2026-07-16,APP,0,452.73,CAUTION,378.85,398.18,466.365,29.13,WHITE,0,1,0,INSIDE,0,0,0,0,18,fails,0,G2 trend;G3 leader;G4 basis,F:2/2,,owner-request,,YELLOW,
2026-07-16,ARM,0,277.01,HOLD,206.46,216.99,210.673,57.59,RED,4,15,1,,0,0,0,0,64,STARTER,1,,F:3/3,,owner-request,,YELLOW,
2026-07-16,ASML,0,1815.27,ACCUMULATE,1739.4,1828.15,1774.9,84.38,RED,4,48,1,,1,1,1,1,74,STARTER,1,,F:1/1,6,owner-request,1,NEUTRAL,
2026-07-16,ASTS,0,66.31,CAUTION,,,86.0499,11.02,WHITE,1,1,0,BREAKDOWN,0,0,0,0,17,fails,0,G2 trend;G3 leader;G4 basis,F:0/2,,owner-request,,YELLOW,
2026-07-16,AVGO,1,394.28,ACCUMULATE,383.25,402.81,379.737,68.36,RED,3,2,1,INSIDE,0,0,0,1,55,fails,0,G1 size,F:3/3,12,holding,15,RED,
2026-07-16,AXON,0,541.12,CAUTION,536.85,564.24,393.819,70.21,WHITE,1,36,1,,0,0,0,1,37,fails,0,G2 trend;G3 leader,F:3/3,,owner-request,,YELLOW,
2026-07-16,AXP,0,358.44,ACCUMULATE,351.42,369.35,313.649,87.63,RED,3,3,1,BREAKOUT,0,0,0,1,52,fails,0,G3 leader,F:2/3,,shadow-screen,,RED,
2026-07-16,AXTI,0,53.42,PULLBACK,43.44,45.66,66.8189,30.38,AMBER,2,3,1,,0,1,0,0,52,fails,0,G2 trend;G4 basis,F:0/3,,shadow-screen,,YELLOW,
2026-07-16,AZO,0,2970.57,CAUTION,2710.1,2848.37,3077.93,2.67,WHITE,0,22,0,BREAKDOWN,0,0,1,0,13,fails,0,G2 trend;G3 leader;G4 basis,F:2/3,,shadow-screen,,YELLOW,
2026-07-16,BA,0,218.12,PULLBACK,213.61,224.5,217.965,42.05,AMBER,2,1,1,INSIDE,0,0,0,0,37,fails,0,G2 trend;G3 leader,F:2/3,,shadow-screen,,YELLOW,
2026-07-16,BAC,0,61.59,ACCUMULATE,60.34,63.41,52.2991,99.76,RED,4,7,1,BREAKOUT,0,0,0,0,48,fails,0,G3 leader,F:2/3,,shadow-screen,,RED,
2026-07-16,BE,0,239.38,ACCUMULATE,230.85,242.63,278.421,54.38,RED,3,58,1,INSIDE,1,1,0,1,69,fails,0,G4 basis,F:2/3,,shadow-screen,,YELLOW,
2026-07-16,BKNG,0,182.8,BOTTOMING,179.94,189.12,168.127,72.38,WHITE,1,26,0,BREAKOUT,0,0,0,1,27,fails,0,G2 trend;G3 leader,F:2/3,,shadow-screen,,NEUTRAL,
2026-07-16,BSX,0,43.04,CAUTION,41.89,44.02,44.6055,4.25,WHITE,0,33,0,,0,0,0,1,17,fails,0,G2 trend;G3 leader;G4 basis,F:3/3,,shadow-screen,,NEUTRAL,
2026-07-16,C,0,134.89,ACCUMULATE,131.1,137.79,142.928,76.32,RED,4,18,1,BREAKOUT,1,1,0,1,58,fails,0,G4 basis,F:2/3,,shadow-screen,,YELLOW,
2026-07-16,CAT,0,914.3,ACCUMULATE,891.71,937.2,909.906,68.73,RED,3,56,1,BREAKOUT,0,0,0,1,74,STARTER,1,,F:2/3,,shadow-screen,,YELLOW,
2026-07-16,CAVA,0,69.65,CAUTION,66.52,69.92,79.8304,30.06,AMBER,2,3,0,,0,0,0,1,25,fails,0,G2 trend;G3 leader;G4 basis,F:3/3,,owner-request,,YELLOW,
2026-07-16,CBRS,0,184.01,CAUTION,175.09,184.02,218.132,11.41,WHITE,0,10,0,,0,0,0,0,18,fails,0,G2 trend;G3 leader;G4 basis;G5 data,F:—,,shadow-screen,,NEUTRAL,
2026-07-16,CEG,0,258.115,BOTTOMING,240.73,253.02,270.626,19.51,WHITE,0,25,0,BREAKOUT,0,0,0,0,32,fails,0,G2 trend;G3 leader;G4 basis,F:2/3,,shadow-screen,,RED,
2026-07-16,CIEN,0,418.46,HOLD,255.32,268.34,440.28,46.43,RED,3,62,1,BREAKDOWN,0,0,0,0,67,fails,0,G4 basis,F:3/3,,shadow-screen,,NEUTRAL,
2026-07-16,COHR,0,299.38,HOLD,247.06,259.67,252.107,47.79,RED,3,55,1,BREAKDOWN,0,0,1,0,68,STARTER,1,,F:2/3,,shadow-screen,,YELLOW,
2026-07-16,COIN,0,167.21,CAUTION,160.8,169.01,164.086,24.72,WHITE,0,33,0,INSIDE,0,0,0,1,27,fails,0,G2 trend;G3 leader,F:1/2,,shadow-screen,,RED,
2026-07-16,COST,0,916.54,CAUTION,902.7,948.76,955.627,14.73,WHITE,1,2,0,BREAKDOWN,1,1,0,1,13,fails,0,G2 trend;G3 leader;G4 basis,F:2/3,,owner-request,,YELLOW,
2026-07-16,CRCL,0,65.69,CAUTION,62.12,65.29,82.0741,12.6,WHITE,0,6,0,BREAKDOWN,0,0,0,0,22,fails,0,G2 trend;G3 leader;G4 basis,F:2/2,,shadow-screen,,NEUTRAL,
2026-07-16,CRDO,0,226.74,HOLD,215.09,226.07,247.119,65.14,RED,4,13,1,,0,0,0,0,73,fails,0,G4 basis,F:3/3,,owner-request,,YELLOW,
2026-07-16,CRM,0,167,CAUTION,162.46,170.75,183.972,23.96,WHITE,0,70,0,,0,0,0,1,13,fails,0,G2 trend;G3 leader;G4 basis,F:2/3,,owner-request,,RED,
2026-07-16,CRWD,0,206.77,HOLD,185.36,194.82,106.509,98.86,RED,4,10,1,BREAKOUT,0,0,0,0,68,STARTER,1,,F:2/2,,owner-request,,RED,
2026-07-16,CRWV,0,77.12,CAUTION,,,117.292,8.42,WHITE,1,1,0,BREAKDOWN,0,1,0,0,18,fails,0,G2 trend;G3 leader;G4 basis,F:2/2,,shadow-screen,,YELLOW,
2026-07-16,CSCO,0,111.77,HOLD,89.92,94.5,77.9846,57.35,RED,4,64,1,,0,0,0,0,58,fails,1,,F:2/3,,shadow-screen,,YELLOW,
2026-07-16,CSPX,1,812.63,ACCUMULATE,796.06,836.67,812.305,97.55,RED,4,15,1,BREAKOUT,0,1,0,1,60,fails,0,G3 leader,F:—,16,holding,9,RED,
2026-07-16,CVX,0,181.6,ACCUMULATE,178.07,187.16,189.832,47.16,RED,3,1,1,BREAKDOWN,0,0,0,1,38,fails,0,G3 leader;G4 basis,F:1/3,,shadow-screen,,RED,
2026-07-16,D05,0,72.53,HOLD,68.43,71.92,57.288,98.4,RED,4,65,1,BREAKOUT,0,0,0,0,70,STARTER,1,,F:—,,owner-request,,RED,
2026-07-16,DDOG,0,264.46,ACCUMULATE,258.04,271.21,127.455,95.37,RED,4,11,1,BREAKOUT,0,0,0,1,77,CONVICTION,1,,F:2/2,8,owner-request,13,RED,
2026-07-16,DELL,0,412.68,HOLD,237.25,249.35,118.395,77.84,RED,4,20,1,BREAKOUT,0,0,0,0,69,STARTER,1,,F:2/2,,shadow-screen,,YELLOW,
2026-07-16,DRAM,1,57.4,CAUTION,56.5,59.38,60.41,25.18,RED,3,15,0,,0,0,0,0,49,fails,0,G2 trend;G4 basis;G5 data,F:—,,holding,,YELLOW,
2026-07-16,DUOL,0,131.22,CAUTION,96.87,101.82,98.8507,73.14,WHITE,0,49,0,,0,0,0,0,30,fails,0,G2 trend;G3 leader,F:2/2,,owner-request,,RED,
2026-07-16,ETHA,0,14.52,CAUTION,12.98,13.65,16.0445,26.84,WHITE,0,33,0,BREAKDOWN,0,0,1,0,25,fails,0,G2 trend;G3 leader;G4 basis,F:0/2,,owner-request,,RED,
2026-07-16,ETN,0,412.86,ACCUMULATE,398.49,418.82,406.625,85.79,RED,3,19,1,,0,0,0,1,62,fails,0,G3 leader,F:3/3,,shadow-screen,,RED,
2026-07-16,FCX,0,60.97,HOLD,56.29,59.17,61.3992,49.32,RED,3,33,1,BREAKDOWN,0,1,0,0,42,fails,0,G3 leader;G4 basis,F:2/3,,shadow-screen,,YELLOW,
2026-07-16,GE,0,360.35,ACCUMULATE,351.32,369.24,283.601,88.58,RED,4,8,1,INSIDE,0,0,0,1,58,fails,0,G3 leader,F:3/3,,shadow-screen,,YELLOW,
2026-07-16,GEV,0,1055.28,HOLD,982.23,1032.34,1065.33,72.87,RED,3,67,1,BREAKOUT,0,0,0,0,64,fails,0,G4 basis,F:2/3,,shadow-screen,,YELLOW,
2026-07-16,GLW,0,174.41,HOLD,156.62,164.61,188.579,48.19,RED,3,61,1,BREAKOUT,0,0,0,0,59,fails,0,G4 basis,F:3/3,,shadow-screen,,YELLOW,
2026-07-16,GOOG,1,370.21,ACCUMULATE,353.12,371.14,360.33,84.61,RED,3,16,1,,1,1,1,1,60,fails,0,G1 size,F:2/2,7,holding,2,RED,
2026-07-16,GOOGL,0,370.92,ACCUMULATE,356.61,374.8,363.885,84.57,RED,3,16,1,,1,1,1,1,60,fails,0,G1 size,F:2/2,,shadow-screen,,RED,
2026-07-16,GRAB,0,3.82,BOTTOMING,3.55,3.73,3.6237,49,WHITE,0,28,0,BREAKOUT,0,0,0,0,25,fails,0,G2 trend;G3 leader,F:2/2,,owner-request,,NEUTRAL,
2026-07-16,GS,0,1152.07,HOLD,1070.09,1124.69,931.302,100,RED,4,16,1,BREAKOUT,0,0,0,0,63,STARTER,1,,F:2/2,,shadow-screen,,RED,
2026-07-16,HD,0,341.44,CAUTION,328.48,345.24,348.297,54.62,WHITE,0,20,0,BREAKDOWN,0,0,0,1,13,fails,0,G2 trend;G3 leader;G4 basis,F:2/3,,shadow-screen,,NEUTRAL,
2026-07-16,HIMS,0,37.17,HOLD,33.94,35.67,24.0908,81.5,RED,3,3,1,INSIDE,0,0,0,0,52,fails,0,G3 leader,F:2/2,,owner-request,,NEUTRAL,
2026-07-16,HON,0,222.84,CAUTION,210.2,220.92,224.045,27.66,AMBER,2,3,0,,0,0,1,0,17,fails,0,G2 trend;G3 leader;G4 basis,F:2/3,,shadow-screen,,YELLOW,
2026-07-16,HOOD,0,115.54,ACCUMULATE,112.95,118.72,76.046,86.03,RED,3,3,1,BREAKOUT,0,0,0,1,44,fails,0,G3 leader,F:2/2,17,owner-request,18,NEUTRAL,
2026-07-16,IBIT,0,36.81,CAUTION,35.2,37,35.9225,25.18,WHITE,0,35,0,BREAKDOWN,1,1,0,1,23,fails,0,G2 trend;G3 leader,F:0/2,,owner-request,,RED,
2026-07-16,IBM,0,211.2,CAUTION,,,218.97,0.28,WHITE,0,1,0,,0,0,0,0,9,fails,0,G2 trend;G3 leader;G4 basis,F:2/3,,shadow-screen,,YELLOW,
2026-07-16,INTC,0,102.99,HOLD,44.3,46.56,45.2035,54.36,RED,3,48,1,,0,0,0,0,60,fails,0,G1 size,F:1/3,,owner-request,,YELLOW,
2026-07-16,INTU,0,279.7,CAUTION,272.98,286.9,264.525,25.35,WHITE,0,41,0,,1,1,0,1,22,fails,0,G2 trend;G3 leader,F:3/3,,shadow-screen,,RED,
2026-07-16,IONQ,0,37.51,BOTTOMING,32.63,34.3,50.3,18.16,WHITE,1,1,0,BREAKOUT,0,0,0,0,17,fails,0,G2 trend;G3 leader;G4 basis,F:1/3,,shadow-screen,,YELLOW,
2026-07-16,IOT,0,36.43,HOLD,32.93,34.61,31.8175,76.94,RED,3,2,1,,0,1,0,0,50,fails,0,G3 leader,F:2/2,,owner-request,,RED,
2026-07-16,IREN,0,38.28,CAUTION,34.14,35.88,41.7894,11.11,WHITE,1,1,0,BREAKDOWN,0,0,0,0,28,fails,0,G2 trend;G4 basis,F:2/2,,shadow-screen,,YELLOW,
2026-07-16,ISRG,0,388.97,CAUTION,377.61,396.88,403.484,4.22,WHITE,0,24,0,,1,1,0,1,17,fails,0,G2 trend;G3 leader;G4 basis,F:3/3,,shadow-screen,,YELLOW,
2026-07-16,JNJ,0,247.02,ACCUMULATE,239.33,251.54,230.268,85.31,RED,4,53,1,INSIDE,0,0,0,0,68,STARTER,1,,F:2/3,,shadow-screen,,YELLOW,
2026-07-16,JPM,0,346.91,ACCUMULATE,339.11,356.41,310.622,99.37,RED,4,7,1,BREAKOUT,0,1,0,1,44,fails,0,G3 leader,F:2/3,15,owner-request,8,RED,
2026-07-16,KLAC,0,224.5,ACCUMULATE,217.06,228.13,146.195,73.63,RED,4,62,1,BREAKOUT,0,0,0,1,74,STARTER,1,,F:3/3,4,owner-request,11,YELLOW,
2026-07-16,KO,0,82.45,ACCUMULATE,79.37,83.42,78.9962,90.44,RED,4,28,1,BREAKOUT,0,0,0,0,53,fails,0,G3 leader,F:2/3,,shadow-screen,,YELLOW,
2026-07-16,LIN,0,514.15,ACCUMULATE,503.4,529.08,497.007,78.68,RED,4,23,1,,0,0,0,0,57,fails,0,G3 leader,F:2/3,,shadow-screen,,YELLOW,
2026-07-16,LITE,0,752,HOLD,699.41,735.1,871.238,41.51,RED,3,59,1,BREAKDOWN,1,1,1,0,59,fails,0,G4 basis,F:2/3,,shadow-screen,,NEUTRAL,
2026-07-16,LLY,0,1156.63,ACCUMULATE,1127.8,1185.34,919.232,86.5,RED,4,10,1,,1,0,1,1,59,fails,1,,F:3/3,11,owner-request,7,YELLOW,
2026-07-16,LRCX,0,335.43,ACCUMULATE,324.63,341.2,222.314,74.08,RED,4,59,1,BREAKOUT,1,1,0,1,70,fails,0,G1 size,F:3/3,2,owner-request,4,YELLOW,
2026-07-16,MA,0,535.21,BOTTOMING,524.73,551.5,494.824,74.66,WHITE,1,27,1,BREAKOUT,0,0,0,1,33,fails,0,G2 trend;G3 leader,F:3/3,,owner-request,,RED,
2026-07-16,MCD,0,264.95,CAUTION,,,276.096,0.66,WHITE,0,16,0,,0,1,0,0,17,fails,0,G2 trend;G3 leader;G4 basis,F:2/3,,shadow-screen,,YELLOW,
2026-07-16,MCHP,0,86.26,HOLD,79.46,83.52,90.0586,48.8,RED,3,14,1,,0,0,0,0,42,fails,0,G3 leader;G4 basis,F:2/3,,shadow-screen,,YELLOW,
2026-07-16,MDB,0,333.04,HOLD,316.32,332.46,322.776,63.1,RED,3,6,1,BREAKDOWN,1,1,1,0,57,fails,1,,F:3/3,,owner-request,,YELLOW,
2026-07-16,META,0,681.31,BOTTOMING,655.98,689.45,610.358,91,WHITE,1,36,1,BREAKOUT,0,0,0,1,25,fails,0,G1 size;G2 trend;G3 leader,F:2/2,,owner-request,,RED,
2026-07-16,MPWR,0,1352.66,ACCUMULATE,1328,1395.76,1355.11,52.14,RED,3,57,1,INSIDE,1,1,0,1,68,fails,0,G4 basis,F:3/3,,shadow-screen,,RED,
2026-07-16,MRK,0,123.61,ACCUMULATE,118.66,124.72,121.085,88.43,RED,3,37,1,,0,0,0,0,67,STARTER,1,,F:2/3,,shadow-screen,,YELLOW,
2026-07-16,MRVL,0,206.26,ACCUMULATE,201.15,211.42,89.2744,48.09,RED,4,21,1,,1,0,1,1,65,fails,0,G1 size,F:3/3,3,owner-request,5,YELLOW,
2026-07-16,MS,0,228.55,ACCUMULATE,221.6,232.91,190.849,97.98,RED,4,16,1,BREAKOUT,0,0,0,1,72,STARTER,1,,F:2/3,,shadow-screen,,RED,
2026-07-16,MSFT,0,395.63,CAUTION,389.32,409.18,371.614,41.17,WHITE,0,27,0,,1,1,1,1,10,fails,0,G1 size;G2 trend;G3 leader,F:3/3,,owner-request,,RED,
2026-07-16,MSTR,0,97.47,CAUTION,93.03,97.77,125.827,15.06,WHITE,0,41,0,BREAKDOWN,1,1,0,1,13,fails,0,G2 trend;G3 leader;G4 basis,F:0/2,,shadow-screen,,RED,
2026-07-16,MU,1,904.28,HOLD,407.12,427.89,415.428,61.87,RED,4,58,1,,0,0,0,0,65,fails,0,G1 size,F:3/3,,holding,,YELLOW,
2026-07-16,NBIS,0,199.51,ACCUMULATE,197.01,207.06,96.2489,60.84,RED,3,24,1,BREAKOUT,0,0,0,1,79,CONVICTION,1,,F:2/2,1,owner-request,10,YELLOW,
2026-07-16,NEE,0,89.1,ACCUMULATE,86.45,90.86,88.215,66.46,RED,3,4,1,INSIDE,1,0,1,1,57,fails,0,G3 leader,F:2/3,,shadow-screen,,RED,
2026-07-16,NET,0,273.04,ACCUMULATE,263.41,276.85,196.933,97.74,RED,4,14,1,,0,0,0,1,72,STARTER,1,,F:2/2,10,owner-request,14,RED,
2026-07-16,NFLX,0,73.68,CAUTION,72.25,75.93,73.72,6.07,WHITE,0,35,0,BREAKDOWN,1,1,0,1,9,fails,0,G2 trend;G3 leader;G4 basis,F:2/3,,owner-request,,NEUTRAL,
2026-07-16,NKE,0,42.77,CAUTION,42.04,44.18,42.8979,15.48,WHITE,0,41,0,BREAKDOWN,1,1,0,1,17,fails,0,G2 trend;G3 leader;G4 basis,F:2/3,,shadow-screen,,NEUTRAL,
2026-07-16,NOW,0,104.73,CAUTION,103.32,108.59,101.126,52.11,WHITE,0,51,0,,0,0,0,1,18,fails,0,G2 trend;G3 leader,F:2/3,,shadow-screen,,NEUTRAL,
2026-07-16,NVDA,1,212.5,ACCUMULATE,205.08,215.54,182.93,84.31,RED,3,3,1,BREAKOUT,0,0,0,1,40,fails,0,G1 size;G3 leader,F:3/3,14,holding,17,RED,
2026-07-16,NVO,0,50.56,PULLBACK,46.88,49.27,44.0682,77.75,AMBER,2,1,1,BREAKOUT,0,0,0,0,47,fails,0,G2 trend;G3 leader,F:—,,owner-request,,RED,
2026-07-16,NXPI,0,279.01,HOLD,232.14,243.99,294.045,51.41,RED,3,12,1,,0,0,0,0,42,fails,0,G3 leader;G4 basis,F:2/3,,shadow-screen,,YELLOW,
2026-07-16,ON,0,92.54,HOLD,59.69,62.73,93.8008,49.82,RED,3,32,1,BREAKOUT,0,1,0,0,57,fails,0,G4 basis,F:2/3,,shadow-screen,,YELLOW,
2026-07-16,ONON,0,37.46,BOTTOMING,35.18,36.97,35.8967,43.32,WHITE,0,20,0,BREAKOUT,0,1,0,0,25,fails,0,G2 trend;G3 leader,F:1/1,,owner-request,,RED,
2026-07-16,ORCL,0,132.49,CAUTION,128.21,134.75,142.7,3.6,WHITE,0,4,0,BREAKDOWN,1,1,0,1,5,fails,0,G1 size;G2 trend;G3 leader;G4 basis,F:3/3,,owner-request,,YELLOW,
2026-07-16,PANW,0,354.02,HOLD,281.46,295.82,166.398,97.57,RED,4,10,1,,0,0,0,0,68,STARTER,1,,F:2/3,,owner-request,,NEUTRAL,
2026-07-16,PEP,0,135.4,CAUTION,128.16,134.7,142.322,4.21,WHITE,0,8,0,BREAKDOWN,0,1,0,0,17,fails,0,G2 trend;G3 leader;G4 basis,F:2/3,,shadow-screen,,YELLOW,
2026-07-16,PFE,0,24.82,CAUTION,23.67,24.87,25.8488,25.48,WHITE,0,5,0,BREAKDOWN,1,1,0,1,17,fails,0,G2 trend;G3 leader;G4 basis,F:2/3,,shadow-screen,,RED,
2026-07-16,PG,0,148.05,CAUTION,145.66,153.09,144.267,51.43,WHITE,1,2,0,,0,0,0,1,22,fails,0,G2 trend;G3 leader,F:2/3,,shadow-screen,,YELLOW,
2026-07-16,PLTR,1,133.76,CAUTION,113.64,119.44,136.12,35.63,WHITE,0,23,0,,0,1,0,0,5,fails,0,G1 size;G2 trend;G3 leader;G4 basis,F:2/2,,holding,,RED,
2026-07-16,QCOM,0,177.98,PULLBACK,172.55,181.36,131.179,39.78,AMBER,2,1,1,BREAKOUT,0,0,0,1,24,fails,0,G2 trend;G3 leader,F:3/3,,owner-request,,YELLOW,
2026-07-16,RBLX,0,57.07,CAUTION,55.44,58.27,46.9007,57.09,WHITE,0,32,0,INSIDE,0,0,0,1,27,fails,0,G2 trend;G3 leader,F:2/2,,owner-request,,RED,
2026-07-16,RDDT,1,198.03,ACCUMULATE,196.06,206.06,142.753,79.48,RED,3,2,1,BREAKOUT,0,0,0,1,57,fails,0,G3 leader,F:2/2,13,holding,16,RED,
2026-07-16,RKLB,0,76.2,CAUTION,69.06,72.59,70.4732,37.61,AMBER,2,2,0,BREAKDOWN,0,0,0,0,33,fails,0,G2 trend,F:1/3,,owner-request,,YELLOW,
2026-07-16,RTX,0,195.89,ACCUMULATE,192.93,202.77,176.191,72.64,RED,4,5,1,BREAKOUT,0,0,0,1,52,fails,0,G3 leader,F:2/3,,shadow-screen,,NEUTRAL,
2026-07-16,SCHW,0,102.79,ACCUMULATE,100.5,105.63,92.6562,93.68,RED,4,2,1,,0,1,0,1,52,fails,0,G3 leader,F:3/3,,shadow-screen,,RED,
2026-07-16,SE,0,111.36,BOTTOMING,109.65,115.25,89.3319,66.35,WHITE,1,35,1,BREAKOUT,0,0,0,1,40,fails,0,G2 trend;G3 leader,F:2/2,,owner-request,,RED,
2026-07-16,SHOP,0,123.55,BOTTOMING,122.22,128.45,112.82,69.06,WHITE,1,23,0,BREAKOUT,1,1,0,1,27,fails,0,G2 trend;G3 leader,F:2/2,,owner-request,,RED,
2026-07-16,SMCI,0,26.89,CAUTION,21.34,22.43,30.7453,14.82,WHITE,0,5,0,BREAKDOWN,0,0,0,0,17,fails,0,G2 trend;G3 leader;G4 basis,F:3/3,,shadow-screen,,YELLOW,
2026-07-16,SNDK,0,1615,ACCUMULATE,1556.81,1636.24,638.592,74.72,RED,4,57,1,BREAKOUT,1,1,0,1,75,fails,0,G1 size,F:3/3,,shadow-screen,,YELLOW,
2026-07-16,SNOW,0,271.87,HOLD,254.59,267.58,237.448,97.49,RED,4,6,1,BREAKOUT,0,1,0,0,58,fails,0,G3 leader,F:3/3,,owner-request,,RED,
2026-07-16,SOFI,0,17.87,BOTTOMING,17.53,18.43,17.8915,46,WHITE,0,22,0,BREAKOUT,1,0,1,1,13,fails,0,G2 trend;G3 leader;G4 basis,F:2/3,,owner-request,,YELLOW,
2026-07-16,SPCX,0,135.27,CAUTION,,,159.028,0.76,WHITE,0,2,0,,0,0,0,0,10,fails,0,G1 size;G2 trend;G3 leader;G4 basis;G5 data,F:—,,shadow-screen,,YELLOW,
2026-07-16,STX,0,828.3,ACCUMULATE,794.94,835.5,408.74,66.69,RED,4,61,1,BREAKOUT,0,0,0,1,74,STARTER,1,,F:3/3,,shadow-screen,,YELLOW,
2026-07-16,T,0,21.43,CAUTION,20.98,22.05,22.6325,18.54,WHITE,0,13,0,BREAKDOWN,1,1,0,1,13,fails,0,G2 trend;G3 leader;G4 basis,F:2/3,,shadow-screen,,RED,
2026-07-16,TER,0,342.12,ACCUMULATE,335.08,352.18,429.866,48.15,RED,3,49,1,BREAKDOWN,0,0,0,1,68,fails,0,G4 basis,F:2/3,,shadow-screen,,YELLOW,
2026-07-16,TMDX,0,75.38,CAUTION,73.36,77.1,69.2769,46.36,WHITE,0,17,0,BREAKDOWN,0,0,0,1,25,fails,0,G2 trend;G3 leader,F:3/3,,owner-request,,RED,
2026-07-16,TMO,0,535.29,BOTTOMING,517.15,543.54,472.719,81.13,WHITE,1,13,1,BREAKOUT,0,0,0,1,47,fails,0,G2 trend;G3 leader,F:2/3,,shadow-screen,,RED,
2026-07-16,TMUS,0,187.62,CAUTION,183.08,192.42,186.813,33.84,WHITE,0,44,0,,0,0,0,1,22,fails,0,G2 trend;G3 leader,F:2/3,,shadow-screen,,RED,
2026-07-16,TOST,0,30.39,BOTTOMING,27.55,28.95,28.1072,79.01,WHITE,1,41,0,BREAKOUT,0,0,0,0,30,fails,0,G2 trend;G3 leader,F:2/2,,owner-request,,RED,
2026-07-16,TSLA,1,394.46,CAUTION,370.51,389.41,397.921,37.47,WHITE,0,4,0,BREAKDOWN,0,0,0,0,5,fails,0,G1 size;G2 trend;G3 leader;G4 basis,F:1/3,,holding,,YELLOW,
2026-07-16,TSM,1,419.48,HOLD,392.32,412.34,435.295,69.61,RED,3,59,1,,0,0,0,0,55,fails,0,G1 size;G4 basis,F:3/3,,holding,,YELLOW,
2026-07-16,TXN,0,301.19,ACCUMULATE,286.83,301.47,304.037,76.16,RED,4,15,1,,1,1,0,1,53,fails,0,G3 leader;G4 basis,F:3/3,,shadow-screen,,YELLOW,
2026-07-16,UBER,0,72.67,BOTTOMING,70.12,73.69,74.2829,29.46,WHITE,0,31,0,BREAKOUT,0,0,0,0,27,fails,0,G2 trend;G3 leader;G4 basis,F:3/3,,owner-request,,YELLOW,
2026-07-16,UNH,0,418.52,HOLD,393.28,413.34,289.068,90.98,RED,4,11,1,BREAKOUT,0,0,0,0,73,STARTER,1,,F:3/3,,shadow-screen,,YELLOW,
2026-07-16,V,0,355.14,ACCUMULATE,340.93,358.32,329.468,94.42,RED,4,3,1,,0,0,0,1,44,fails,0,G3 leader,F:2/2,19,owner-request,19,RED,
2026-07-16,VRT,0,304.57,ACCUMULATE,300.91,316.26,307.051,63.96,RED,3,58,1,,0,0,0,1,73,fails,0,G4 basis,F:3/3,5,owner-request,12,YELLOW,
2026-07-16,VZ,0,42.83,CAUTION,41.64,43.77,47.3902,31.43,WHITE,1,2,0,BREAKDOWN,1,1,0,1,13,fails,0,G2 trend;G3 leader;G4 basis,F:2/3,,shadow-screen,,YELLOW,
2026-07-16,WDC,0,513.84,HOLD,456.91,480.22,284.844,67.35,RED,4,59,1,BREAKOUT,0,0,0,0,65,fails,0,G1 size,F:3/3,,shadow-screen,,YELLOW,
2026-07-16,WFC,0,87.51,ACCUMULATE,84.83,89.16,81.3511,85.49,RED,3,2,1,BREAKOUT,0,0,0,1,52,fails,0,G3 leader,F:2/3,,shadow-screen,,NEUTRAL,
2026-07-16,WMT,0,112.53,CAUTION,100.68,105.82,118.748,22.07,WHITE,0,2,0,BREAKDOWN,0,1,0,0,13,fails,0,G2 trend;G3 leader;G4 basis,F:2/3,,shadow-screen,,NEUTRAL,
2026-07-16,XOM,0,144.51,ACCUMULATE,137.86,144.89,151.03,45.7,RED,3,1,1,BREAKOUT,1,1,0,1,48,fails,0,G3 leader;G4 basis,F:—,,shadow-screen,,RED,
2026-07-16,ZETA,0,22.41,HOLD,21.14,22.22,18.4446,89.22,RED,4,8,1,,0,1,0,0,65,STARTER,1,,F:2/2,,shadow-screen,,RED,
2026-07-16,ZS,0,148.19,CAUTION,143.87,151.21,127.394,59.82,WHITE,0,32,0,,1,0,1,1,25,fails,0,G2 trend;G3 leader,F:3/3,,owner-request,,RED,
2026-07-17,0700,0,465.6,CAUTION,457.38,480.71,466.711,38.14,WHITE,0,22,0,,0,0,0,1,5,fails,0,G1 size;G2 trend;G3 leader;G4 basis,F:—,,owner-request,,RED,
2026-07-17,1810,0,26.78,CAUTION,25.29,26.58,25.8019,28.7,WHITE,0,40,0,BREAKDOWN,0,1,0,0,10,fails,0,G1 size;G2 trend;G3 leader,F:—,,owner-request,,RED,
2026-07-17,3690,0,82.05,CAUTION,76.32,80.22,77.8804,48.75,WHITE,0,65,0,,0,0,1,0,14,fails,0,G2 trend;G3 leader,F:—,,owner-request,,RED,
2026-07-17,9992,1,164.2,BOTTOMING,151.17,158.89,154.259,43.78,WHITE,0,20,0,BREAKOUT,0,0,0,0,18,fails,0,G2 trend;G3 leader,F:—,,holding,,RED,
2026-07-17,AAL,0,15.6,HOLD,14.49,15.23,15.829,62.17,RED,4,8,1,BREAKOUT,0,0,0,0,43,fails,0,G3 leader;G4 basis,F:2/3,,shadow-screen,,YELLOW,
2026-07-17,AAOI,0,100.24,PULLBACK,95.31,100.18,170.785,26.88,AMBER,2,1,1,BREAKDOWN,0,1,0,0,52,fails,0,G2 trend;G4 basis,F:1/3,,shadow-screen,,YELLOW,
2026-07-17,AAPL,1,333.26,HOLD,304.78,320.33,310.998,99.87,RED,4,16,1,BREAKOUT,0,1,0,0,55,fails,0,G1 size,F:2/3,,holding,,RED,
2026-07-17,ABBV,0,254.39,ACCUMULATE,244.3,256.76,225.872,95.56,RED,4,6,1,BREAKOUT,0,0,0,1,48,fails,0,G3 leader,F:2/3,,shadow-screen,,NEUTRAL,
2026-07-17,ABT,0,98.83,CAUTION,92.46,97.18,88.7909,60.41,WHITE,0,38,0,,0,0,0,0,27,fails,0,G2 trend;G3 leader,F:2/3,,shadow-screen,,NEUTRAL,
2026-07-17,ACN,0,144.61,CAUTION,136.56,143.53,126.877,37.93,WHITE,0,25,0,BREAKDOWN,0,0,0,0,18,fails,0,G2 trend;G3 leader,F:1/2,,shadow-screen,,RED,
2026-07-17,ADBE,0,235.31,CAUTION,221.68,232.99,243.185,37.76,WHITE,0,84,0,,0,1,0,0,17,fails,0,G2 trend;G3 leader;G4 basis,F:3/3,,owner-request,,RED,
2026-07-17,ADI,0,380.53,HOLD,343.86,361.41,392.536,46.57,RED,3,36,1,BREAKOUT,0,1,0,0,53,fails,0,G4 basis,F:3/3,,shadow-screen,,YELLOW,
2026-07-17,ALAB,0,319.74,HOLD,207.63,218.22,123.076,66.84,RED,4,13,1,,0,0,0,0,78,CONVICTION,1,,F:3/3,,owner-request,,YELLOW,
2026-07-17,AMAT,0,560.93,HOLD,432.78,454.86,586.461,70.06,RED,4,44,1,BREAKOUT,0,0,0,0,60,fails,0,G1 size;G4 basis,F:2/3,,owner-request,,YELLOW,
2026-07-17,AMD,1,500.94,HOLD,246.15,258.71,215.827,78.87,RED,4,18,1,BREAKOUT,0,0,0,0,65,fails,0,G1 size,F:3/3,,holding,,YELLOW,
2026-07-17,AMZN,0,249.89,ACCUMULATE,241.6,253.92,246.526,76.78,RED,3,3,1,BREAKDOWN,1,1,1,1,40,fails,0,G1 size;G3 leader,F:3/3,14,owner-request,1,RED,
2026-07-17,ANET,0,168.56,ACCUMULATE,164.69,173.09,142.771,82.86,RED,4,14,1,BREAKOUT,0,0,0,1,72,STARTER,1,,F:3/3,7,owner-request,12,YELLOW,
2026-07-17,APH,0,153.14,HOLD,144.19,151.55,147.137,76.36,RED,4,8,1,INSIDE,0,0,0,0,67,STARTER,1,,F:3/3,,shadow-screen,,YELLOW,
2026-07-17,APP,0,434.48,CAUTION,378.85,398.18,466.365,21.9,WHITE,0,1,0,BREAKDOWN,0,0,0,0,13,fails,0,G2 trend;G3 leader;G4 basis,F:2/2,,owner-request,,YELLOW,
2026-07-17,ARM,0,262.01,HOLD,206.46,216.99,210.673,56.84,RED,4,15,1,,0,0,0,0,64,STARTER,1,,F:3/3,,owner-request,,YELLOW,
2026-07-17,ASML,0,1784.87,ACCUMULATE,1739.4,1828.15,1774.9,77.68,RED,4,48,1,,1,1,0,1,69,STARTER,1,,F:1/1,3,owner-request,3,YELLOW,
2026-07-17,ASTS,0,55.01,CAUTION,,,86.0499,6.91,WHITE,1,1,0,BREAKDOWN,0,0,0,0,13,fails,0,G2 trend;G3 leader;G4 basis,F:0/2,,owner-request,,YELLOW,
2026-07-17,AVGO,1,374.45,ACCUMULATE,361.03,379.45,379.737,50.15,RED,3,2,1,BREAKDOWN,0,0,0,1,30,fails,0,G1 size;G3 leader;G4 basis,F:3/3,10,holding,14,NEUTRAL,
2026-07-17,AXON,0,541.75,CAUTION,536.85,564.24,393.819,70.33,WHITE,1,36,1,,0,0,0,1,37,fails,0,G2 trend;G3 leader,F:3/3,,owner-request,,YELLOW,
2026-07-17,AXP,0,361.57,ACCUMULATE,351.42,369.35,313.649,92.46,RED,3,3,1,BREAKOUT,0,0,0,1,52,fails,0,G3 leader,F:2/3,,shadow-screen,,RED,
2026-07-17,AXTI,0,45.57,CAUTION,43.44,45.66,66.8189,23.34,AMBER,2,3,0,,0,1,0,0,42,fails,0,G2 trend;G4 basis,F:0/3,,shadow-screen,,YELLOW,
2026-07-17,AZO,0,3062.16,CAUTION,3016.37,3170.26,3077.93,22.14,WHITE,0,22,0,BREAKDOWN,1,0,1,1,13,fails,0,G2 trend;G3 leader;G4 basis,F:2/3,,shadow-screen,,RED,
2026-07-17,BA,0,214.34,CAUTION,204.77,215.22,217.965,28.19,AMBER,2,1,0,BREAKDOWN,0,0,0,0,17,fails,0,G2 trend;G3 leader;G4 basis,F:2/3,,shadow-screen,,YELLOW,
2026-07-17,BAC,0,61.49,ACCUMULATE,60.34,63.41,52.2991,98.41,RED,4,7,1,BREAKOUT,0,0,0,0,48,fails,0,G3 leader,F:2/3,,shadow-screen,,RED,
2026-07-17,BE,0,206.73,HOLD,149.65,157.28,278.421,45.23,RED,3,58,1,BREAKDOWN,0,1,0,0,59,fails,0,G4 basis,F:2/3,,shadow-screen,,YELLOW,
2026-07-17,BKNG,0,184.61,BOTTOMING,179.94,189.12,168.127,75.51,WHITE,1,26,1,BREAKOUT,0,0,0,1,37,fails,0,G2 trend;G3 leader,F:2/3,,shadow-screen,,NEUTRAL,
2026-07-17,BSX,0,44.62,CAUTION,43.71,45.94,44.6055,17.74,WHITE,0,33,0,,0,0,0,1,22,fails,0,G2 trend;G3 leader,F:3/3,,shadow-screen,,RED,
2026-07-17,C,0,131.71,ACCUMULATE,125.72,132.14,142.928,68.21,RED,4,18,1,BREAKOUT,0,1,0,0,58,fails,0,G4 basis,F:2/3,,shadow-screen,,YELLOW,
2026-07-17,CAT,0,877.17,HOLD,772.43,811.84,887.084,54.42,RED,3,56,1,BREAKOUT,0,0,0,0,54,fails,0,G4 basis,F:2/3,,shadow-screen,,YELLOW,
2026-07-17,CAVA,0,68.1,CAUTION,66.52,69.92,79.8304,27.1,AMBER,2,3,0,,0,0,0,1,25,fails,0,G2 trend;G3 leader;G4 basis,F:3/3,,owner-request,,YELLOW,
2026-07-17,CBRS,0,180.46,CAUTION,175.09,184.02,218.132,9.26,WHITE,0,10,0,,0,0,0,0,18,fails,0,G2 trend;G3 leader;G4 basis;G5 data,F:—,,shadow-screen,,NEUTRAL,
2026-07-17,CEG,0,251.77,CAUTION,246.85,259.45,270.626,14.14,WHITE,0,25,0,INSIDE,0,0,0,1,27,fails,0,G2 trend;G3 leader;G4 basis,F:2/3,,shadow-screen,,NEUTRAL,
2026-07-17,CIEN,0,388.81,PULLBACK,255.32,268.34,440.28,41.29,AMBER,2,1,1,BREAKDOWN,0,0,0,0,52,fails,0,G2 trend;G4 basis,F:3/3,,shadow-screen,,YELLOW,
2026-07-17,COHR,0,276.96,PULLBACK,247.06,259.67,252.107,43.95,AMBER,2,1,1,BREAKDOWN,0,0,0,0,53,fails,0,G2 trend,F:2/3,,shadow-screen,,YELLOW,
2026-07-17,COIN,0,160.49,CAUTION,,,164.086,14.42,WHITE,0,33,0,INSIDE,0,0,0,0,22,fails,0,G2 trend;G3 leader;G4 basis,F:1/2,,shadow-screen,,NEUTRAL,
2026-07-17,COST,0,945.57,CAUTION,902.7,948.76,955.627,32.84,WHITE,1,2,0,BREAKDOWN,1,1,0,1,13,fails,0,G2 trend;G3 leader;G4 basis,F:2/3,,owner-request,,RED,
2026-07-17,CRCL,0,60.64,CAUTION,,,82.0741,2.98,WHITE,0,6,0,BREAKDOWN,0,0,0,0,22,fails,0,G2 trend;G3 leader;G4 basis,F:2/2,,shadow-screen,,NEUTRAL,
2026-07-17,CRDO,0,207.97,HOLD,156,163.96,247.119,57.48,RED,4,13,1,,0,0,0,0,63,fails,0,G4 basis,F:3/3,,owner-request,,YELLOW,
2026-07-17,CRM,0,172.68,CAUTION,162.46,170.75,183.972,33.75,WHITE,0,70,0,,0,0,0,0,13,fails,0,G2 trend;G3 leader;G4 basis,F:2/3,,owner-request,,RED,
2026-07-17,CRWD,0,203.76,HOLD,185.36,194.82,106.509,98.43,RED,4,10,1,BREAKOUT,0,0,0,0,68,STARTER,1,,F:2/2,,owner-request,,RED,
2026-07-17,CRWV,0,72.91,CAUTION,,,117.292,3.78,WHITE,1,1,0,BREAKDOWN,0,1,0,0,18,fails,0,G2 trend;G3 leader;G4 basis,F:2/2,,shadow-screen,,YELLOW,
2026-07-17,CSCO,0,109.66,HOLD,89.92,94.5,77.9846,56.98,RED,4,64,1,,0,0,0,0,54,fails,1,,F:2/3,,shadow-screen,,YELLOW,
2026-07-17,CSPX,1,814.15,ACCUMULATE,796.06,836.67,812.305,96.95,RED,4,15,1,BREAKOUT,0,1,0,1,60,fails,0,G3 leader,F:—,12,holding,9,RED,
2026-07-17,CVX,0,183.86,ACCUMULATE,178.07,187.16,189.832,56.61,RED,3,1,1,BREAKDOWN,0,0,0,1,38,fails,0,G3 leader;G4 basis,F:1/3,,shadow-screen,,RED,
2026-07-17,D05,0,72.1,HOLD,68.43,71.92,57.288,96.87,RED,4,65,1,BREAKOUT,0,0,0,0,70,STARTER,1,,F:—,,owner-request,,RED,
2026-07-17,DDOG,0,262.32,ACCUMULATE,258.04,271.21,127.455,93.68,RED,4,11,1,BREAKOUT,1,0,1,1,77,CONVICTION,1,,F:2/2,4,owner-request,4,NEUTRAL,
2026-07-17,DELL,0,391.38,HOLD,237.25,249.35,118.395,67.36,RED,4,20,1,BREAKOUT,0,0,0,0,69,STARTER,1,,F:2/2,,shadow-screen,,YELLOW,
2026-07-17,DRAM,1,52.34,CAUTION,49.73,52.27,60.41,14.3,RED,3,15,0,,0,0,0,0,49,fails,0,G2 trend;G4 basis;G5 data,F:—,,holding,,YELLOW,
2026-07-17,DUOL,0,128.94,CAUTION,96.87,101.82,98.8507,69.4,WHITE,0,49,0,,0,0,0,0,30,fails,0,G2 trend;G3 leader,F:2/2,,owner-request,,NEUTRAL,
2026-07-17,ETHA,0,14.13,CAUTION,14.04,14.75,16.0445,25.39,WHITE,0,33,0,BREAKDOWN,1,0,1,1,25,fails,0,G2 trend;G3 leader;G4 basis,F:0/2,,owner-request,,RED,
2026-07-17,ETN,0,396.27,HOLD,367.7,386.46,404.007,57.84,RED,3,19,1,,0,0,0,0,47,fails,0,G3 leader;G4 basis,F:3/3,,shadow-screen,,YELLOW,
2026-07-17,FCX,0,58.56,PULLBACK,56.29,59.17,61.3992,35.19,AMBER,2,1,1,BREAKDOWN,1,1,0,1,27,fails,0,G2 trend;G3 leader;G4 basis,F:2/3,,shadow-screen,,YELLOW,
2026-07-17,GE,0,345.73,ACCUMULATE,334.38,351.44,283.601,80.29,RED,4,8,1,BREAKDOWN,0,0,0,1,53,fails,0,G3 leader,F:3/3,,shadow-screen,,YELLOW,
2026-07-17,GEV,0,1036.22,HOLD,982.23,1032.34,1065.33,68.26,RED,3,67,1,BREAKOUT,0,0,0,0,64,fails,0,G4 basis,F:2/3,,shadow-screen,,YELLOW,
2026-07-17,GLW,0,158.39,ACCUMULATE,156.62,164.61,188.579,36.83,RED,3,61,1,BREAKDOWN,0,0,0,1,64,fails,0,G4 basis,F:3/3,,shadow-screen,,YELLOW,
2026-07-17,GOOG,1,353.81,HOLD,332.15,349.1,360.33,66.11,RED,3,16,1,,0,1,0,0,50,fails,0,G1 size;G4 basis,F:2/2,,holding,,NEUTRAL,
2026-07-17,GOOGL,0,354.46,HOLD,332.7,349.67,363.885,65.7,RED,3,16,1,,1,1,1,0,50,fails,0,G1 size;G4 basis,F:2/2,,shadow-screen,,NEUTRAL,
2026-07-17,GRAB,0,3.73,BOTTOMING,3.55,3.73,3.6237,38.08,WHITE,0,28,0,BREAKOUT,0,0,0,0,25,fails,0,G2 trend;G3 leader,F:2/2,,owner-request,,YELLOW,
2026-07-17,GS,0,1095.46,ACCUMULATE,1070.09,1124.69,931.302,91.89,RED,4,16,1,BREAKOUT,0,0,0,1,63,STARTER,1,,F:2/2,,shadow-screen,,RED,
2026-07-17,HD,0,348.02,CAUTION,341.33,358.75,348.297,63.05,WHITE,1,20,0,BREAKDOWN,0,0,0,1,18,fails,0,G2 trend;G3 leader;G4 basis,F:2/3,,shadow-screen,,NEUTRAL,
2026-07-17,HIMS,0,33.68,HOLD,28.77,30.24,24.0908,71.11,RED,3,3,1,BREAKDOWN,0,0,0,0,47,fails,0,G3 leader,F:2/2,,owner-request,,YELLOW,
2026-07-17,HON,0,226.33,CAUTION,219.56,230.77,224.045,39.83,AMBER,2,3,0,,1,0,1,1,22,fails,0,G2 trend;G3 leader,F:2/3,,shadow-screen,,NEUTRAL,
2026-07-17,HOOD,0,106.02,ACCUMULATE,103.35,108.62,76.046,72.38,RED,3,3,1,BREAKOUT,0,0,0,0,44,fails,0,G3 leader,F:2/2,15,owner-request,16,YELLOW,
2026-07-17,IBIT,0,36.39,CAUTION,35.2,37,35.9225,23.25,WHITE,0,35,0,BREAKDOWN,1,1,0,1,23,fails,0,G2 trend;G3 leader,F:0/2,,owner-request,,RED,
2026-07-17,IBM,0,219.05,CAUTION,214.59,225.54,218.97,11.28,WHITE,0,1,0,,1,1,0,1,14,fails,0,G2 trend;G3 leader,F:2/3,,shadow-screen,,YELLOW,
2026-07-17,INTC,0,96.98,HOLD,44.3,46.56,45.2035,51.33,RED,3,48,1,,0,0,0,0,60,fails,0,G1 size,F:1/3,,owner-request,,YELLOW,
2026-07-17,INTU,0,294.79,CAUTION,272.98,286.9,264.525,32.88,WHITE,0,41,0,,0,1,0,0,22,fails,0,G2 trend;G3 leader,F:3/3,,shadow-screen,,RED,
2026-07-17,IONQ,0,35.1,BOTTOMING,32.63,34.3,50.3,14.34,WHITE,1,1,0,BREAKOUT,0,0,0,0,17,fails,0,G2 trend;G3 leader;G4 basis,F:1/3,,shadow-screen,,YELLOW,
2026-07-17,IOT,0,37.46,ACCUMULATE,36.42,38.28,31.8175,83.92,RED,3,2,1,,0,1,0,1,55,fails,0,G3 leader,F:2/2,16,owner-request,10,RED,
2026-07-17,IREN,0,34.83,CAUTION,18.03,18.95,41.7894,6.67,WHITE,1,1,0,BREAKDOWN,0,0,0,0,28,fails,0,G2 trend;G4 basis,F:2/2,,shadow-screen,,YELLOW,
2026-07-17,ISRG,0,402.33,CAUTION,395.41,415.59,403.484,9.49,WHITE,0,24,0,,1,1,1,1,17,fails,0,G2 trend;G3 leader;G4 basis,F:3/3,,shadow-screen,,YELLOW,
2026-07-17,JNJ,0,249.97,ACCUMULATE,239.33,251.54,230.268,86.63,RED,4,53,1,BREAKOUT,0,0,0,0,63,STARTER,1,,F:2/3,,shadow-screen,,YELLOW,
2026-07-17,JPM,0,343.15,HOLD,324.82,341.4,310.622,97.28,RED,4,7,1,BREAKOUT,0,1,0,0,39,fails,0,G3 leader,F:2/3,,owner-request,,RED,
2026-07-17,KLAC,0,219.37,ACCUMULATE,217.06,228.13,146.195,70.36,RED,4,62,1,BREAKOUT,0,0,0,1,74,STARTER,1,,F:3/3,2,owner-request,11,YELLOW,
2026-07-17,KO,0,84.92,ACCUMULATE,82.15,86.35,78.9962,99.56,RED,4,28,1,BREAKOUT,0,0,0,1,58,fails,0,G3 leader,F:2/3,,shadow-screen,,RED,
2026-07-17,LIN,0,520.74,ACCUMULATE,505.73,531.54,516.055,86.7,RED,4,23,1,,0,0,0,1,57,fails,0,G3 leader,F:2/3,,shadow-screen,,YELLOW,
2026-07-17,LITE,0,706.23,ACCUMULATE,699.41,735.1,871.238,34.08,RED,3,59,1,BREAKDOWN,1,1,1,1,64,fails,0,G4 basis,F:2/3,,shadow-screen,,YELLOW,
2026-07-17,LLY,0,1169.17,ACCUMULATE,1127.8,1185.34,919.232,89.68,RED,4,10,1,,1,0,1,1,59,fails,1,,F:3/3,8,owner-request,7,YELLOW,
2026-07-17,LRCX,0,320.96,ACCUMULATE,314.62,330.68,222.314,65.53,RED,4,59,1,BREAKOUT,1,1,0,1,70,fails,0,G1 size,F:3/3,1,owner-request,2,YELLOW,
2026-07-17,MA,0,551.54,BOTTOMING,524.73,551.5,494.824,85.84,WHITE,1,27,1,BREAKOUT,0,0,0,0,33,fails,0,G2 trend;G3 leader,F:3/3,,owner-request,,RED,
2026-07-17,MCD,0,273.46,CAUTION,264.49,277.99,276.096,15.13,WHITE,0,16,0,,1,1,0,1,17,fails,0,G2 trend;G3 leader;G4 basis,F:2/3,,shadow-screen,,NEUTRAL,
2026-07-17,MCHP,0,81.68,HOLD,77.12,81.05,90.0586,42.54,RED,3,14,1,,0,0,0,0,42,fails,0,G3 leader;G4 basis,F:2/3,,shadow-screen,,YELLOW,
2026-07-17,MDB,0,328.6,ACCUMULATE,316.32,332.46,322.776,59.22,RED,3,6,1,BREAKDOWN,1,1,1,0,57,fails,1,,F:3/3,6,owner-request,6,YELLOW,
2026-07-17,META,0,664.54,BOTTOMING,655.98,689.45,610.358,80.33,WHITE,1,36,1,BREAKOUT,0,0,0,1,25,fails,0,G1 size;G2 trend;G3 leader,F:2/2,,owner-request,,RED,
2026-07-17,MPWR,0,1305.65,HOLD,1143.45,1201.79,1355.11,42.25,RED,3,57,1,BREAKDOWN,0,1,0,0,58,fails,0,G4 basis,F:3/3,,shadow-screen,,NEUTRAL,
2026-07-17,MRK,0,127.63,ACCUMULATE,124.91,131.28,121.085,95.53,RED,4,37,1,,0,0,0,1,72,STARTER,1,,F:2/3,,shadow-screen,,NEUTRAL,
2026-07-17,MRVL,0,188.3,HOLD,162.46,170.75,89.2744,43.08,RED,4,21,1,,0,0,0,0,60,fails,0,G1 size,F:3/3,,owner-request,,YELLOW,
2026-07-17,MS,0,218.37,ACCUMULATE,209.65,220.35,190.864,83.15,RED,4,16,1,BREAKOUT,0,0,0,1,72,STARTER,1,,F:2/3,,shadow-screen,,YELLOW,
2026-07-17,MSFT,0,401.1,CAUTION,394.91,415.06,371.614,47.21,WHITE,0,27,0,,1,1,1,0,10,fails,0,G1 size;G2 trend;G3 leader,F:3/3,,owner-request,,RED,
2026-07-17,MSTR,0,94.03,CAUTION,93.03,97.77,125.827,9.65,WHITE,0,41,0,BREAKDOWN,1,1,0,1,13,fails,0,G2 trend;G3 leader;G4 basis,F:0/2,,shadow-screen,,NEUTRAL,
2026-07-17,MU,1,853.2,HOLD,407.12,427.89,415.428,58.58,RED,4,58,1,,0,0,0,0,60,fails,0,G1 size,F:3/3,,holding,,YELLOW,
2026-07-17,NBIS,0,171.77,HOLD,157.34,165.36,96.2489,52.4,RED,3,24,1,BREAKOUT,0,0,0,0,69,STARTER,1,,F:2/2,,owner-request,,YELLOW,
2026-07-17,NEE,0,89.35,ACCUMULATE,86.45,90.86,88.215,66.35,RED,3,4,1,INSIDE,1,0,1,1,57,fails,0,G3 leader,F:2/3,,shadow-screen,,RED,
2026-07-17,NET,0,272.46,ACCUMULATE,263.43,276.87,196.946,96.27,RED,4,14,1,,0,0,0,1,72,STARTER,1,,F:2/2,9,owner-request,13,RED,
2026-07-17,NFLX,0,74.35,CAUTION,72.25,75.93,73.72,11.93,WHITE,0,35,0,BREAKDOWN,1,1,0,1,14,fails,0,G2 trend;G3 leader,F:2/3,,owner-request,,NEUTRAL,
2026-07-17,NKE,0,44.57,CAUTION,43.18,45.38,44.0571,47.3,WHITE,0,41,0,INSIDE,1,1,0,1,27,fails,0,G2 trend;G3 leader,F:2/3,,shadow-screen,,RED,
2026-07-17,NOW,0,104.01,CAUTION,103.32,108.59,101.126,52.49,WHITE,0,51,0,,0,0,0,1,18,fails,0,G2 trend;G3 leader,F:2/3,,shadow-screen,,NEUTRAL,
2026-07-17,NVDA,1,207.4,ACCUMULATE,205.08,215.54,182.93,76.41,RED,3,3,1,BREAKOUT,0,0,0,1,40,fails,0,G1 size;G3 leader,F:3/3,13,holding,15,RED,
2026-07-17,NVO,0,51.48,PULLBACK,46.88,49.27,44.0682,80.16,AMBER,2,1,1,BREAKOUT,0,0,0,0,47,fails,0,G2 trend;G3 leader,F:—,,owner-request,,RED,
2026-07-17,NXPI,0,270.66,HOLD,232.14,243.99,294.045,45.26,RED,3,12,1,,0,0,0,0,42,fails,0,G3 leader;G4 basis,F:2/3,,shadow-screen,,YELLOW,
2026-07-17,ON,0,88.12,HOLD,59.69,62.73,93.8008,41.67,RED,3,32,1,BREAKOUT,0,1,0,0,57,fails,0,G4 basis,F:2/3,,shadow-screen,,YELLOW,
2026-07-17,ONON,0,38.2,BOTTOMING,37.16,39.06,35.8967,51.95,WHITE,0,20,0,BREAKOUT,0,0,0,1,25,fails,0,G2 trend;G3 leader,F:1/1,,owner-request,,RED,
2026-07-17,ORCL,0,124.21,CAUTION,,,142.7,0.4,WHITE,0,4,0,BREAKDOWN,0,1,0,0,5,fails,0,G1 size;G2 trend;G3 leader;G4 basis,F:3/3,,owner-request,,YELLOW,
2026-07-17,PANW,0,353.99,HOLD,281.46,295.82,166.398,97.18,RED,4,10,1,,0,0,0,0,68,STARTER,1,,F:2/3,,owner-request,,NEUTRAL,
2026-07-17,PEP,0,139.43,CAUTION,133.82,140.65,142.322,14.41,WHITE,0,8,0,BREAKDOWN,1,1,0,1,17,fails,0,G2 trend;G3 leader;G4 basis,F:2/3,,shadow-screen,,NEUTRAL,
2026-07-17,PFE,0,25.14,CAUTION,23.67,24.87,25.8488,32.71,WHITE,0,5,0,BREAKDOWN,0,1,0,0,17,fails,0,G2 trend;G3 leader;G4 basis,F:2/3,,shadow-screen,,RED,
2026-07-17,PG,0,151.5,PULLBACK,145.66,153.09,144.267,74.69,AMBER,2,1,1,,0,0,0,1,37,fails,0,G2 trend;G3 leader,F:2/3,,shadow-screen,,NEUTRAL,
2026-07-17,PLTR,1,134.44,CAUTION,131.75,138.47,134.44,35.97,WHITE,0,23,0,,1,1,0,1,5,fails,0,G1 size;G2 trend;G3 leader;G4 basis,F:2/2,,holding,,RED,
2026-07-17,QCOM,0,170.61,BOTTOMING,133.73,140.55,131.179,31.8,AMBER,2,1,0,BREAKOUT,0,0,0,0,14,fails,0,G2 trend;G3 leader,F:3/3,,owner-request,,YELLOW,
2026-07-17,RBLX,0,54.01,CAUTION,45.96,48.31,46.9007,42.47,WHITE,0,32,0,BREAKDOWN,0,0,1,0,22,fails,0,G2 trend;G3 leader,F:2/2,,owner-request,,YELLOW,
2026-07-17,RDDT,1,185.26,HOLD,167.98,176.55,142.753,70.64,RED,3,2,1,BREAKOUT,0,0,0,0,52,fails,0,G3 leader,F:2/2,,holding,,YELLOW,
2026-07-17,RKLB,0,67.35,CAUTION,60.63,63.72,70.4732,20.99,AMBER,2,2,0,BREAKDOWN,0,0,0,0,23,fails,0,G2 trend;G4 basis,F:1/3,,owner-request,,YELLOW,
2026-07-17,RTX,0,194.36,HOLD,184.59,194,176.191,65.66,RED,4,5,1,BREAKOUT,0,0,0,0,47,fails,0,G3 leader,F:2/3,,shadow-screen,,YELLOW,
2026-07-17,SCHW,0,102.8,ACCUMULATE,100.5,105.63,92.6562,93.25,RED,4,2,1,,0,1,0,1,52,fails,0,G3 leader,F:3/3,,shadow-screen,,RED,
2026-07-17,SE,0,106.22,BOTTOMING,104.12,109.44,89.3319,56.5,WHITE,1,35,0,BREAKOUT,0,0,0,1,25,fails,0,G2 trend;G3 leader,F:2/2,,owner-request,,NEUTRAL,
2026-07-17,SHOP,0,125.06,BOTTOMING,122.22,128.45,112.82,72.47,WHITE,1,23,0,BREAKOUT,1,0,1,1,27,fails,0,G2 trend;G3 leader,F:2/2,,owner-request,,RED,
2026-07-17,SMCI,0,24.68,CAUTION,21.34,22.43,30.7453,9.18,WHITE,0,5,0,BREAKDOWN,0,0,0,0,17,fails,0,G2 trend;G3 leader;G4 basis,F:3/3,,shadow-screen,,YELLOW,
2026-07-17,SNDK,0,1411.08,ACCUMULATE,1366.81,1436.55,638.592,63.86,RED,4,57,1,BREAKOUT,0,1,0,0,75,fails,0,G1 size,F:3/3,,shadow-screen,,YELLOW,
2026-07-17,SNOW,0,270.02,ACCUMULATE,257.03,270.14,237.448,97.37,RED,4,6,1,BREAKOUT,0,1,0,1,63,fails,0,G3 leader,F:3/3,11,owner-request,8,NEUTRAL,
2026-07-17,SOFI,0,17.32,BOTTOMING,15.9,16.72,17.8915,35.66,WHITE,0,22,0,BREAKOUT,0,0,1,0,13,fails,0,G2 trend;G3 leader;G4 basis,F:2/3,,owner-request,,YELLOW,
2026-07-17,SPCX,0,131.11,CAUTION,,,158.815,0,WHITE,0,2,0,,0,0,0,0,10,fails,0,G1 size;G2 trend;G3 leader;G4 basis;G5 data,F:—,,shadow-screen,,YELLOW,
2026-07-17,STX,0,745.49,HOLD,400.57,421,408.74,55.57,RED,3,61,1,BREAKOUT,0,0,0,0,64,STARTER,1,,F:3/3,,shadow-screen,,YELLOW,
2026-07-17,T,0,21.98,CAUTION,20.98,22.05,22.6325,23.41,WHITE,0,13,0,BREAKDOWN,1,1,0,1,13,fails,0,G2 trend;G3 leader;G4 basis,F:2/3,,shadow-screen,,RED,
2026-07-17,TER,0,322.3,ACCUMULATE,310.95,326.81,429.866,39.98,RED,3,49,1,BREAKDOWN,0,0,0,0,68,fails,0,G4 basis,F:2/3,,shadow-screen,,YELLOW,
2026-07-17,TMDX,0,76,CAUTION,73.36,77.1,69.2769,46.12,WHITE,0,17,0,BREAKDOWN,0,0,0,1,25,fails,0,G2 trend;G3 leader,F:3/3,,owner-request,,RED,
2026-07-17,TMO,0,543.19,BOTTOMING,517.15,543.54,472.719,83.37,WHITE,1,13,1,BREAKOUT,0,0,0,1,47,fails,0,G2 trend;G3 leader,F:2/3,,shadow-screen,,RED,
2026-07-17,TMUS,0,192.85,CAUTION,190.22,199.93,186.813,51.08,WHITE,0,44,0,,0,0,0,0,22,fails,0,G2 trend;G3 leader,F:2/3,,shadow-screen,,RED,
2026-07-17,TOST,0,30.33,BOTTOMING,27.55,28.95,28.1072,78.45,WHITE,1,41,0,BREAKOUT,0,0,0,0,30,fails,0,G2 trend;G3 leader,F:2/2,,owner-request,,RED,
2026-07-17,TSLA,1,391.06,CAUTION,370.51,389.41,397.921,34.12,WHITE,0,4,0,BREAKDOWN,0,0,0,0,5,fails,0,G1 size;G2 trend;G3 leader;G4 basis,F:1/3,,holding,,YELLOW,
2026-07-17,TSM,1,409.74,ACCUMULATE,399.18,419.54,435.295,62.59,RED,3,59,1,,1,1,0,1,60,fails,0,G1 size;G4 basis,F:3/3,5,holding,5,YELLOW,
2026-07-17,TXN,0,291.22,ACCUMULATE,285.25,299.8,304.037,63.57,RED,4,15,1,,1,1,0,1,53,fails,0,G3 leader;G4 basis,F:3/3,,shadow-screen,,YELLOW,
2026-07-17,UBER,0,74.04,BOTTOMING,72.8,76.51,74.2829,45.5,WHITE,0,31,0,BREAKOUT,0,0,0,1,27,fails,0,G2 trend;G3 leader;G4 basis,F:3/3,,owner-request,,NEUTRAL,
2026-07-17,UNH,0,423.38,ACCUMULATE,415.92,437.14,289.068,91.37,RED,4,11,1,BREAKOUT,0,0,0,1,78,CONVICTION,1,,F:3/3,,shadow-screen,,NEUTRAL,
2026-07-17,V,0,365.14,HOLD,340.93,358.32,329.468,99.74,RED,4,3,1,,0,0,0,0,39,fails,0,G3 leader,F:2/2,,owner-request,,RED,
2026-07-17,VRT,0,294.11,HOLD,258.36,271.54,307.051,54.89,RED,3,58,1,,0,0,0,0,63,fails,0,G4 basis,F:3/3,,owner-request,,YELLOW,
2026-07-17,VZ,0,43.88,CAUTION,41.64,43.77,47.3902,40.33,WHITE,1,2,0,BREAKDOWN,0,1,0,0,13,fails,0,G2 trend;G3 leader;G4 basis,F:2/3,,shadow-screen,,RED,
2026-07-17,WDC,0,466.81,ACCUMULATE,463.26,486.9,284.844,60.26,RED,3,59,1,BREAKOUT,0,0,0,1,70,fails,0,G1 size,F:3/3,,shadow-screen,,YELLOW,
2026-07-17,WFC,0,88.07,ACCUMULATE,84.83,89.16,81.3511,87.48,RED,3,2,1,BREAKOUT,0,0,0,1,52,fails,0,G3 leader,F:2/3,,shadow-screen,,RED,
2026-07-17,WMT,0,114.95,CAUTION,112.45,118.19,118.748,31.98,WHITE,0,2,1,BREAKDOWN,1,1,0,1,23,fails,0,G2 trend;G3 leader;G4 basis,F:2/3,,shadow-screen,,RED,
2026-07-17,XOM,0,145.95,ACCUMULATE,142.93,150.23,151.03,50.71,RED,3,1,1,BREAKOUT,1,1,1,1,48,fails,0,G3 leader;G4 basis,F:—,,shadow-screen,,RED,
2026-07-17,ZETA,0,21.4,ACCUMULATE,21.14,22.22,18.4446,81.1,RED,4,8,1,,1,1,0,1,70,STARTER,1,,F:2/2,,shadow-screen,,NEUTRAL,
2026-07-17,ZS,0,146.43,CAUTION,143.87,151.21,127.394,54.35,WHITE,0,32,0,,1,0,1,1,25,fails,0,G2 trend;G3 leader,F:3/3,,owner-request,,RED,
2026-07-20,0700,0,478,CAUTION,457.38,480.71,466.711,54.18,WHITE,0,23,0,,0,0,0,1,10,fails,0,G1 size;G2 trend;G3 leader,F:—,,owner-request,,RED,
2026-07-20,1810,0,27.54,CAUTION,27.02,28.4,25.8019,30.77,WHITE,0,41,0,BREAKDOWN,1,1,0,1,10,fails,0,G1 size;G2 trend;G3 leader,F:—,,owner-request,,RED,
2026-07-20,3690,0,86.8,CAUTION,76.32,80.22,77.8804,63.9,WHITE,1,66,0,,0,0,0,0,19,fails,0,G2 trend;G3 leader,F:—,,owner-request,,RED,
2026-07-20,9992,1,165.9,BOTTOMING,151.17,158.89,154.259,47.97,WHITE,0,21,0,BREAKOUT,0,0,0,0,18,fails,0,G2 trend;G3 leader,F:—,,holding,,RED,
2026-07-20,AAL,0,14.98,HOLD,13.7,14.4,15.829,53.38,RED,4,8,1,BREAKOUT,0,0,0,0,38,fails,0,G3 leader;G4 basis,F:2/3,,shadow-screen,,YELLOW,
2026-07-20,AAOI,0,102.41,PULLBACK,95.31,100.18,170.785,28.64,AMBER,2,1,1,BREAKDOWN,0,1,0,0,52,fails,0,G2 trend;G4 basis,F:1/3,,shadow-screen,,YELLOW,
2026-07-20,AAPL,1,333.74,ACCUMULATE,323.99,340.52,311.273,99.66,RED,4,16,1,BREAKOUT,0,1,0,0,60,fails,0,G1 size,F:2/3,6,holding,9,RED,6
2026-07-20,ABBV,0,254.49,ACCUMULATE,244.3,256.76,225.872,95.8,RED,4,6,1,BREAKOUT,0,0,0,1,48,fails,0,G3 leader,F:2/3,,shadow-screen,,NEUTRAL,
2026-07-20,ABT,0,100.68,CAUTION,98.9,103.94,88.7909,62.09,WHITE,0,38,0,,0,0,0,1,27,fails,0,G2 trend;G3 leader,F:2/3,,shadow-screen,,RED,
2026-07-20,ACN,0,143.57,CAUTION,136.56,143.53,126.877,37.77,WHITE,0,25,0,BREAKDOWN,0,0,0,0,18,fails,0,G2 trend;G3 leader,F:1/2,,shadow-screen,,RED,
2026-07-20,ADBE,0,237.25,CAUTION,221.68,232.99,243.185,38.34,WHITE,0,84,0,,0,1,0,0,17,fails,0,G2 trend;G3 leader;G4 basis,F:3/3,,owner-request,,RED,
2026-07-20,ADI,0,375.36,HOLD,343.86,361.41,392.536,44.7,RED,3,36,1,BREAKOUT,0,1,0,0,53,fails,0,G4 basis,F:3/3,,shadow-screen,,YELLOW,
2026-07-20,ALAB,0,303.62,HOLD,207.63,218.22,123.076,64.4,RED,4,13,1,,0,0,0,0,78,CONVICTION,1,,F:3/3,,owner-request,,YELLOW,
2026-07-20,AMAT,0,529.66,HOLD,432.78,454.86,586.461,65.76,RED,4,44,1,BREAKOUT,0,0,0,0,60,fails,0,G1 size;G4 basis,F:2/3,,owner-request,,YELLOW,
2026-07-20,AMD,1,495.76,HOLD,246.15,258.71,215.827,78.02,RED,4,18,1,BREAKOUT,0,0,0,0,65,fails,0,G1 size,F:3/3,,holding,,YELLOW,
2026-07-20,AMZN,0,247.23,ACCUMULATE,241.6,253.92,246.526,71.92,RED,3,3,1,BREAKDOWN,1,1,1,1,40,fails,0,G1 size;G3 leader,F:3/3,12,owner-request,1,RED,12
2026-07-20,ANET,0,168.61,ACCUMULATE,163.31,171.64,142.771,82.93,RED,4,14,1,BREAKOUT,1,0,1,1,68,STARTER,1,,F:3/3,7,owner-request,3,YELLOW,4
2026-07-20,APH,0,151.2,ACCUMULATE,144.19,151.55,147.137,74.08,RED,4,8,1,INSIDE,0,0,0,0,72,STARTER,1,,F:3/3,,shadow-screen,,YELLOW,
2026-07-20,APP,0,424.54,CAUTION,378.85,398.18,466.365,20.92,WHITE,0,1,0,BREAKDOWN,0,0,0,0,13,fails,0,G2 trend;G3 leader;G4 basis,F:2/2,,owner-request,,YELLOW,
2026-07-20,ARM,0,267.19,HOLD,206.46,216.99,210.673,57.54,RED,4,15,1,,0,0,0,0,68,STARTER,1,,F:3/3,,owner-request,,YELLOW,
2026-07-20,ASML,0,1747.58,HOLD,1485.42,1561.21,1774.9,68.37,RED,4,48,1,,0,1,0,0,64,fails,0,G4 basis,F:1/1,,owner-request,,YELLOW,
2026-07-20,ASTS,0,57.8,CAUTION,56.32,59.2,86.0499,9.97,WHITE,1,1,0,BREAKDOWN,0,0,0,1,17,fails,0,G2 trend;G3 leader;G4 basis,F:0/2,,owner-request,,YELLOW,
2026-07-20,AVGO,0,370.83,ACCUMULATE,361.03,379.45,379.737,47.75,RED,3,2,1,BREAKDOWN,0,0,0,1,30,fails,0,G1 size;G3 leader;G4 basis,F:3/3,,shadow-screen,,NEUTRAL,
2026-07-20,AXON,0,510.28,CAUTION,490.92,515.97,393.819,61.78,WHITE,1,36,0,,0,0,0,0,27,fails,0,G2 trend;G3 leader,F:3/3,,owner-request,,YELLOW,
2026-07-20,AXP,0,355.35,HOLD,334.64,351.72,313.649,83.92,RED,3,3,1,BREAKOUT,0,0,0,0,47,fails,0,G3 leader,F:2/3,,shadow-screen,,RED,
2026-07-20,AXTI,0,45.86,CAUTION,43.44,45.66,66.8189,23.92,AMBER,2,3,0,,0,1,0,0,42,fails,0,G2 trend;G4 basis,F:0/3,,shadow-screen,,YELLOW,
2026-07-20,AZO,0,3046.44,CAUTION,2710.1,2848.37,3077.93,16.28,WHITE,0,22,0,BREAKDOWN,0,0,1,0,17,fails,0,G2 trend;G3 leader;G4 basis,F:2/3,,shadow-screen,,NEUTRAL,
2026-07-20,BA,0,214.03,CAUTION,204.77,215.22,217.965,26.07,AMBER,2,1,0,BREAKDOWN,0,0,0,0,17,fails,0,G2 trend;G3 leader;G4 basis,F:2/3,,shadow-screen,,YELLOW,
2026-07-20,BAC,0,61.27,ACCUMULATE,60.12,63.19,52.0558,96.97,RED,4,7,1,BREAKOUT,0,0,0,0,48,fails,0,G3 leader,F:2/3,,shadow-screen,,RED,
2026-07-20,BE,0,214.96,ACCUMULATE,205.65,216.14,278.421,47.73,RED,3,58,1,BREAKDOWN,1,1,0,1,64,fails,0,G4 basis,F:2/3,,shadow-screen,,YELLOW,
2026-07-20,BKNG,0,181.68,BOTTOMING,173.04,181.87,168.127,68.68,WHITE,1,26,0,BREAKOUT,0,0,0,1,27,fails,0,G2 trend;G3 leader,F:2/3,,shadow-screen,,NEUTRAL,
2026-07-20,BSX,0,44.03,CAUTION,43.71,45.94,44.6055,9.91,WHITE,0,33,0,,0,0,0,1,17,fails,0,G2 trend;G3 leader;G4 basis,F:3/3,,shadow-screen,,NEUTRAL,
2026-07-20,C,0,129.36,ACCUMULATE,125.72,132.14,142.928,64.82,RED,4,18,1,INSIDE,0,1,0,0,63,fails,0,G4 basis,F:2/3,,shadow-screen,,YELLOW,
2026-07-20,CAT,0,880.28,ACCUMULATE,869.34,913.7,887.084,57.45,RED,3,56,1,BREAKOUT,0,0,0,1,59,fails,0,G4 basis,F:2/3,,shadow-screen,,YELLOW,
2026-07-20,CAVA,0,68.85,CAUTION,66.52,69.92,79.8304,27.01,AMBER,2,3,0,,0,0,0,1,25,fails,0,G2 trend;G3 leader;G4 basis,F:3/3,,owner-request,,YELLOW,
2026-07-20,CBRS,0,172.86,CAUTION,,,218.132,4.75,WHITE,0,10,0,,0,0,0,0,18,fails,0,G2 trend;G3 leader;G4 basis;G5 data,F:—,,shadow-screen,,YELLOW,
2026-07-20,CEG,0,252.39,CAUTION,246.85,259.45,270.626,17.81,WHITE,0,25,0,INSIDE,0,0,0,1,27,fails,0,G2 trend;G3 leader;G4 basis,F:2/3,,shadow-screen,,NEUTRAL,
2026-07-20,CIEN,0,374.41,PULLBACK,255.32,268.34,440.28,39.87,AMBER,2,1,1,BREAKDOWN,0,0,0,0,52,fails,0,G2 trend;G4 basis,F:3/3,,shadow-screen,,YELLOW,
2026-07-20,COHR,0,277.6,PULLBACK,247.06,259.67,252.107,44.37,AMBER,2,1,1,BREAKDOWN,0,0,1,0,53,fails,0,G2 trend,F:2/3,,shadow-screen,,YELLOW,
2026-07-20,COIN,0,157.12,CAUTION,154.06,161.92,164.086,9.54,WHITE,0,33,0,BREAKDOWN,0,0,0,1,17,fails,0,G2 trend;G3 leader;G4 basis,F:1/2,,shadow-screen,,NEUTRAL,
2026-07-20,COST,0,940.87,CAUTION,902.7,948.76,955.627,28.7,WHITE,1,2,0,BREAKDOWN,1,1,0,1,13,fails,0,G2 trend;G3 leader;G4 basis,F:2/3,,owner-request,,RED,
2026-07-20,CRCL,0,60.46,CAUTION,,,82.0741,3.11,WHITE,0,6,0,BREAKDOWN,0,0,0,0,22,fails,0,G2 trend;G3 leader;G4 basis,F:2/2,,shadow-screen,,NEUTRAL,
2026-07-20,CRDO,0,202.68,HOLD,185.55,195.02,247.119,56.59,RED,4,13,1,,0,0,0,0,63,fails,0,G4 basis,F:3/3,,owner-request,,YELLOW,
2026-07-20,CRM,0,170.77,CAUTION,164.44,172.83,183.972,30.9,WHITE,0,70,0,,0,0,0,1,13,fails,0,G2 trend;G3 leader;G4 basis,F:2/3,,owner-request,,RED,
2026-07-20,CRWD,0,203.08,HOLD,185.36,194.82,106.509,97.47,RED,4,10,1,BREAKOUT,0,0,0,0,68,STARTER,1,,F:2/2,,owner-request,,RED,
2026-07-20,CRWV,0,73.21,CAUTION,72.33,76.02,117.292,4.85,WHITE,1,1,0,BREAKDOWN,1,1,0,1,18,fails,0,G2 trend;G3 leader;G4 basis,F:2/2,,shadow-screen,,YELLOW,
2026-07-20,CSCO,0,111.94,HOLD,89.92,94.5,77.9846,58.18,RED,4,64,1,,0,0,0,0,54,fails,1,,F:2/3,,shadow-screen,,YELLOW,
2026-07-20,CSPX,1,804.6,HOLD,746.11,784.17,812.305,73.86,RED,4,15,1,BREAKOUT,0,1,0,0,50,fails,0,G3 leader;G4 basis,F:—,,holding,,YELLOW,
2026-07-20,CVX,0,187.38,ACCUMULATE,183.05,192.39,186.786,67.07,RED,3,1,1,INSIDE,0,0,0,0,53,fails,0,G3 leader,F:1/3,,shadow-screen,,RED,
2026-07-20,D05,0,72.45,ACCUMULATE,71.12,74.75,57.288,97.13,RED,4,66,1,BREAKOUT,0,0,0,0,75,CONVICTION,1,,F:—,5,owner-request,13,RED,7
2026-07-20,DDOG,0,258.69,HOLD,227.86,239.49,127.455,90.49,RED,4,11,1,BREAKOUT,0,0,1,0,72,STARTER,1,,F:2/2,,owner-request,,YELLOW,
2026-07-20,DELL,0,396.34,HOLD,237.25,249.35,118.395,69.14,RED,4,20,1,BREAKOUT,0,0,0,0,69,STARTER,1,,F:2/2,,shadow-screen,,YELLOW,
2026-07-20,DRAM,1,52.72,CAUTION,49.73,52.27,60.41,18.39,RED,3,15,0,,0,0,0,0,49,fails,0,G2 trend;G4 basis;G5 data,F:—,,holding,,YELLOW,
2026-07-20,DUOL,0,133.85,CAUTION,96.87,101.82,98.8507,72.99,WHITE,0,49,0,,0,0,0,0,30,fails,0,G2 trend;G3 leader,F:2/2,,owner-request,,RED,
2026-07-20,ETHA,0,13.91,CAUTION,12.98,13.65,16.0445,24.72,WHITE,0,33,0,BREAKDOWN,0,0,1,0,25,fails,0,G2 trend;G3 leader;G4 basis,F:0/2,,owner-request,,RED,
2026-07-20,ETN,0,399.99,HOLD,367.7,386.46,404.007,62.29,RED,3,19,1,,0,0,0,0,52,fails,0,G3 leader;G4 basis,F:3/3,,shadow-screen,,YELLOW,
2026-07-20,FCX,0,58.38,PULLBACK,56.29,59.17,61.3992,35.83,AMBER,2,1,1,BREAKDOWN,1,1,0,1,27,fails,0,G2 trend;G3 leader;G4 basis,F:2/3,,shadow-screen,,YELLOW,
2026-07-20,GE,0,348.83,ACCUMULATE,334.38,351.44,283.601,80.52,RED,4,8,1,BREAKDOWN,1,1,1,1,53,fails,0,G3 leader,F:3/3,,shadow-screen,,YELLOW,
2026-07-20,GEV,0,1057.84,ACCUMULATE,1044.02,1097.29,1065.33,76.89,RED,3,67,1,BREAKOUT,0,0,0,1,69,fails,0,G4 basis,F:2/3,,shadow-screen,,YELLOW,
2026-07-20,GLW,0,154.61,PULLBACK,146.56,154.03,188.579,35.02,AMBER,2,1,1,BREAKDOWN,0,0,0,0,44,fails,0,G2 trend;G4 basis,F:3/3,,shadow-screen,,YELLOW,
2026-07-20,GOOG,1,346.12,ACCUMULATE,332.15,349.1,360.33,58.88,RED,3,16,1,,0,0,1,0,50,fails,0,G1 size;G4 basis,F:2/2,3,holding,7,NEUTRAL,13
2026-07-20,GOOGL,0,346.77,ACCUMULATE,332.7,349.67,363.885,59.38,RED,3,16,1,,0,0,1,0,50,fails,0,G1 size;G4 basis,F:2/2,,shadow-screen,,YELLOW,
2026-07-20,GRAB,0,3.57,CAUTION,3.55,3.73,3.6237,22.86,WHITE,0,28,0,INSIDE,0,0,0,0,25,fails,0,G2 trend;G3 leader;G4 basis,F:2/2,,owner-request,,YELLOW,
2026-07-20,GS,0,1065.22,ACCUMULATE,1027.16,1079.57,931.302,85.23,RED,4,16,1,BREAKOUT,0,0,0,1,63,STARTER,1,,F:2/2,,shadow-screen,,NEUTRAL,
2026-07-20,HD,0,338.87,CAUTION,328.48,345.24,348.297,49.2,WHITE,0,20,0,BREAKDOWN,0,0,0,1,13,fails,0,G2 trend;G3 leader;G4 basis,F:2/3,,shadow-screen,,YELLOW,
2026-07-20,HIMS,0,32.84,HOLD,28.77,30.24,24.0908,67.86,RED,3,3,1,BREAKDOWN,0,0,0,0,47,fails,0,G3 leader,F:2/2,,owner-request,,YELLOW,
2026-07-20,HON,0,225.02,CAUTION,219.56,230.77,224.045,36.83,AMBER,2,3,0,,1,0,1,1,22,fails,0,G2 trend;G3 leader,F:2/3,,shadow-screen,,YELLOW,
2026-07-20,HOOD,0,99.96,ACCUMULATE,98.54,103.57,76.046,63.36,RED,3,3,1,BREAKOUT,0,0,0,0,48,fails,0,G3 leader,F:2/2,14,owner-request,14,YELLOW,14
2026-07-20,IBIT,0,36.35,CAUTION,35.2,37,35.9225,24.22,WHITE,0,35,0,BREAKDOWN,1,1,1,1,23,fails,0,G2 trend;G3 leader,F:0/2,,owner-request,,RED,
2026-07-20,IBM,0,212.67,CAUTION,,,218.97,2.65,WHITE,0,1,0,,0,1,0,0,9,fails,0,G2 trend;G3 leader;G4 basis,F:2/3,,shadow-screen,,YELLOW,
2026-07-20,INTC,0,95.04,HOLD,44.3,46.56,45.2035,50.6,RED,3,48,1,,0,0,0,0,60,fails,0,G1 size,F:1/3,,owner-request,,YELLOW,
2026-07-20,INTU,0,291.09,CAUTION,272.98,286.9,264.525,31.22,WHITE,0,41,0,,0,1,0,0,22,fails,0,G2 trend;G3 leader,F:3/3,,shadow-screen,,RED,
2026-07-20,IONQ,0,34.78,BOTTOMING,33.3,35,50.3,14.9,WHITE,1,1,0,BREAKOUT,0,0,0,1,17,fails,0,G2 trend;G3 leader;G4 basis,F:1/3,,shadow-screen,,YELLOW,
2026-07-20,IOT,0,38.32,HOLD,36.42,38.28,31.8175,88.68,RED,3,2,1,,0,1,0,0,50,fails,0,G3 leader,F:2/2,,owner-request,,RED,
2026-07-20,IREN,0,33.62,CAUTION,32.9,34.58,41.7894,6.87,WHITE,1,1,0,BREAKDOWN,0,0,0,1,28,fails,0,G2 trend;G4 basis,F:2/2,,shadow-screen,,YELLOW,
2026-07-20,ISRG,0,345.42,CAUTION,,,403.484,0.36,WHITE,0,24,0,,0,1,0,0,17,fails,0,G2 trend;G3 leader;G4 basis,F:3/3,,shadow-screen,,YELLOW,
2026-07-20,JNJ,0,253.04,ACCUMULATE,248.8,261.49,230.268,89.49,RED,4,53,1,BREAKOUT,0,0,0,1,63,STARTER,1,,F:2/3,,shadow-screen,,YELLOW,
2026-07-20,JPM,0,341.1,ACCUMULATE,324.82,341.4,310.622,96.11,RED,4,7,1,BREAKOUT,0,1,0,1,44,fails,0,G3 leader,F:2/3,10,owner-request,5,RED,8
2026-07-20,KLAC,0,212.75,ACCUMULATE,207.84,218.44,146.195,66.92,RED,4,62,1,BREAKOUT,0,0,0,1,74,STARTER,1,,F:3/3,2,owner-request,6,YELLOW,3
2026-07-20,KO,0,81.56,ACCUMULATE,79.37,83.42,78.9962,81.21,RED,4,28,1,BREAKOUT,0,0,0,0,53,fails,0,G3 leader,F:2/3,,shadow-screen,,YELLOW,
2026-07-20,LIN,0,513.22,HOLD,487.07,511.92,516.055,72.64,RED,4,23,1,,0,0,0,0,47,fails,0,G3 leader;G4 basis,F:2/3,,shadow-screen,,YELLOW,
2026-07-20,LITE,0,732.82,ACCUMULATE,699.41,735.1,871.238,39.97,RED,3,59,1,BREAKDOWN,1,1,1,1,64,fails,0,G4 basis,F:2/3,,shadow-screen,,YELLOW,
2026-07-20,LLY,0,1179.11,ACCUMULATE,1127.8,1185.34,919.232,90.84,RED,4,10,1,,0,0,0,1,59,fails,1,,F:3/3,8,owner-request,10,NEUTRAL,10
2026-07-20,LRCX,0,313.3,HOLD,257.9,271.06,222.314,62.93,RED,4,59,1,BREAKOUT,0,1,0,0,65,fails,0,G1 size,F:3/3,,owner-request,,YELLOW,
2026-07-20,MA,0,543.6,BOTTOMING,524.73,551.5,494.824,82.36,WHITE,1,27,1,BREAKOUT,0,0,0,1,33,fails,0,G2 trend;G3 leader,F:3/3,,owner-request,,RED,
2026-07-20,MCD,0,267.71,CAUTION,,,276.096,2.71,WHITE,0,16,0,,0,1,0,0,17,fails,0,G2 trend;G3 leader;G4 basis,F:2/3,,shadow-screen,,YELLOW,
2026-07-20,MCHP,0,80.96,PULLBACK,79.46,83.52,90.0586,42.27,AMBER,2,1,1,,0,0,0,1,27,fails,0,G2 trend;G3 leader;G4 basis,F:2/3,,shadow-screen,,YELLOW,
2026-07-20,MDB,0,312.33,PULLBACK,294.03,309.03,322.776,41.66,AMBER,2,1,1,BREAKDOWN,1,1,1,0,37,fails,0,G2 trend;G4 basis,F:3/3,,owner-request,,YELLOW,
2026-07-20,META,0,646.01,BOTTOMING,598.15,628.67,610.358,68.18,WHITE,1,36,1,BREAKOUT,0,0,1,0,25,fails,0,G1 size;G2 trend;G3 leader,F:2/2,,owner-request,,RED,
2026-07-20,MPWR,0,1312,HOLD,1143.45,1201.79,1355.11,45.09,RED,3,57,1,BREAKDOWN,0,1,0,0,58,fails,0,G4 basis,F:3/3,,shadow-screen,,NEUTRAL,
2026-07-20,MRK,0,127.5,ACCUMULATE,125.43,131.83,121.085,94.36,RED,4,37,1,,0,0,0,1,67,STARTER,1,,F:2/3,,shadow-screen,,NEUTRAL,
2026-07-20,MRVL,0,188.68,ACCUMULATE,184.22,193.62,89.2744,43.49,RED,4,21,1,,1,0,1,1,65,fails,0,G1 size,F:3/3,1,owner-request,2,YELLOW,1
2026-07-20,MS,0,215.5,ACCUMULATE,208.32,218.95,190.864,80.58,RED,4,16,1,BREAKOUT,0,0,0,1,72,STARTER,1,,F:2/3,,shadow-screen,,YELLOW,
2026-07-20,MSFT,0,393.82,CAUTION,378.15,397.44,371.614,38.11,WHITE,0,27,0,,1,1,1,1,10,fails,0,G1 size;G2 trend;G3 leader,F:3/3,,owner-request,,RED,
2026-07-20,MSTR,0,94.85,CAUTION,93.03,97.77,94.9249,9.95,WHITE,0,41,0,BREAKDOWN,1,1,0,1,13,fails,0,G2 trend;G3 leader;G4 basis,F:0/2,,shadow-screen,,NEUTRAL,
2026-07-20,MU,1,848.95,HOLD,407.12,427.89,415.428,58.29,RED,4,58,1,,0,0,0,0,60,fails,0,G1 size,F:3/3,,holding,,YELLOW,
2026-07-20,NBIS,1,177.71,HOLD,157.34,165.36,96.2489,53.96,RED,3,24,1,BREAKOUT,0,1,0,0,69,STARTER,1,,F:2/2,,holding,,YELLOW,
2026-07-20,NEE,0,88.8,ACCUMULATE,86.45,90.86,88.215,62.36,RED,3,4,1,INSIDE,1,0,1,1,57,fails,0,G3 leader,F:2/3,,shadow-screen,,RED,
2026-07-20,NET,0,277.66,HOLD,263.43,276.87,196.946,98.98,RED,4,14,1,,0,0,0,0,67,STARTER,1,,F:2/2,,owner-request,,RED,
2026-07-20,NFLX,0,68.95,CAUTION,66.47,69.86,73.72,3.82,WHITE,0,35,0,BREAKDOWN,1,1,0,1,9,fails,0,G2 trend;G3 leader;G4 basis,F:2/3,,owner-request,,NEUTRAL,
2026-07-20,NKE,0,43.76,CAUTION,43.18,45.38,44.0571,30.97,WHITE,0,41,0,BREAKDOWN,1,1,0,1,17,fails,0,G2 trend;G3 leader;G4 basis,F:2/3,,shadow-screen,,RED,
2026-07-20,NOW,0,103.24,CAUTION,100.51,105.64,102.561,46.98,WHITE,0,51,0,,0,0,0,1,18,fails,0,G2 trend;G3 leader,F:2/3,,shadow-screen,,YELLOW,
2026-07-20,NVDA,1,202.81,ACCUMULATE,197.71,207.79,182.93,66.95,RED,3,3,1,BREAKOUT,0,0,0,1,40,fails,0,G1 size;G3 leader,F:3/3,11,holding,11,NEUTRAL,9
2026-07-20,NVO,0,50.32,PULLBACK,46.88,49.27,44.0682,76.84,AMBER,2,1,1,BREAKOUT,0,0,0,0,47,fails,0,G2 trend;G3 leader,F:—,,owner-request,,RED,
2026-07-20,NXPI,0,266.53,HOLD,232.14,243.99,294.045,44.24,RED,3,12,1,,0,0,0,0,42,fails,0,G3 leader;G4 basis,F:2/3,,shadow-screen,,YELLOW,
2026-07-20,ON,0,87.37,HOLD,59.69,62.73,93.8008,40.95,RED,3,32,1,BREAKOUT,0,1,0,0,57,fails,0,G4 basis,F:2/3,,shadow-screen,,YELLOW,
2026-07-20,ONON,0,37.2,BOTTOMING,35.18,36.97,35.8967,42.98,WHITE,0,20,0,BREAKOUT,0,0,0,0,25,fails,0,G2 trend;G3 leader,F:1/1,,owner-request,,NEUTRAL,
2026-07-20,ORCL,0,126.41,CAUTION,,,142.7,2.56,WHITE,0,4,0,BREAKDOWN,0,1,0,0,5,fails,0,G1 size;G2 trend;G3 leader;G4 basis,F:3/3,,owner-request,,YELLOW,
2026-07-20,PANW,0,358.68,ACCUMULATE,345.02,362.62,166.616,98.96,RED,4,10,1,,0,0,0,1,73,STARTER,1,,F:2/3,4,owner-request,8,NEUTRAL,2
2026-07-20,PEP,0,137.12,CAUTION,133.82,140.65,142.322,7.75,WHITE,0,8,0,BREAKDOWN,1,1,0,1,17,fails,0,G2 trend;G3 leader;G4 basis,F:2/3,,shadow-screen,,YELLOW,
2026-07-20,PFE,0,25.05,CAUTION,24.67,25.92,25.8488,32.57,WHITE,0,5,0,BREAKDOWN,1,1,0,1,17,fails,0,G2 trend;G3 leader;G4 basis,F:2/3,,shadow-screen,,RED,
2026-07-20,PG,0,149.98,CAUTION,145.66,153.09,144.267,64.8,AMBER,2,1,0,,0,0,0,1,27,fails,0,G2 trend;G3 leader,F:2/3,,shadow-screen,,NEUTRAL,
2026-07-20,PLTR,1,132.38,CAUTION,113.64,119.44,134.44,30.65,WHITE,0,23,0,,0,1,0,0,5,fails,0,G1 size;G2 trend;G3 leader;G4 basis,F:2/2,,holding,,RED,
2026-07-20,QCOM,0,171.78,BOTTOMING,133.73,140.55,131.179,33.65,AMBER,2,1,0,BREAKOUT,0,0,0,0,14,fails,0,G2 trend;G3 leader,F:3/3,,owner-request,,YELLOW,
2026-07-20,RBLX,0,51.68,CAUTION,50.17,52.73,46.9007,39.56,WHITE,0,32,0,BREAKDOWN,1,0,1,1,22,fails,0,G2 trend;G3 leader,F:2/2,,owner-request,,YELLOW,
2026-07-20,RDDT,0,181.18,HOLD,167.98,176.55,142.753,68.76,RED,3,2,1,BREAKOUT,0,0,0,0,52,fails,0,G3 leader,F:2/2,,shadow-screen,,YELLOW,
2026-07-20,RKLB,0,67.62,CAUTION,60.63,63.72,70.4732,21.29,AMBER,2,2,0,BREAKDOWN,0,0,0,0,23,fails,0,G2 trend;G4 basis,F:1/3,,owner-request,,YELLOW,
2026-07-20,RTX,0,193.51,ACCUMULATE,184.59,194,176.191,65.13,RED,4,5,1,BREAKOUT,0,0,0,0,52,fails,0,G3 leader,F:2/3,,shadow-screen,,YELLOW,
2026-07-20,SCHW,0,101.56,HOLD,90.8,95.44,92.6562,87.81,RED,4,2,1,,0,1,0,0,47,fails,0,G3 leader,F:3/3,,shadow-screen,,RED,
2026-07-20,SE,0,104.05,BOTTOMING,104.12,109.44,89.3319,56.81,WHITE,1,35,0,BREAKOUT,0,0,0,1,25,fails,0,G2 trend;G3 leader,F:2/2,,owner-request,,NEUTRAL,
2026-07-20,SHOP,0,123.56,BOTTOMING,122.22,128.45,112.82,68.82,WHITE,1,23,0,BREAKOUT,1,0,1,1,27,fails,0,G2 trend;G3 leader,F:2/2,,owner-request,,RED,
2026-07-20,SMCI,0,24.18,CAUTION,21.34,22.43,30.7453,9.53,WHITE,0,5,0,BREAKDOWN,0,0,0,0,17,fails,0,G2 trend;G3 leader;G4 basis,F:3/3,,shadow-screen,,YELLOW,
2026-07-20,SNDK,0,1354.82,HOLD,891.82,937.32,638.592,59.57,RED,3,57,1,BREAKOUT,0,1,0,0,65,fails,0,G1 size,F:3/3,,shadow-screen,,YELLOW,
2026-07-20,SNOW,0,268.9,ACCUMULATE,257.03,270.14,237.448,95.59,RED,4,6,1,BREAKOUT,0,1,0,1,63,fails,0,G3 leader,F:3/3,9,owner-request,4,NEUTRAL,5
2026-07-20,SOFI,0,17.28,BOTTOMING,15.9,16.72,17.8915,36.25,WHITE,0,22,0,BREAKOUT,0,0,1,0,13,fails,0,G2 trend;G3 leader;G4 basis,F:2/3,,owner-request,,YELLOW,
2026-07-20,SPCX,0,123.99,CAUTION,,,158.783,0.32,WHITE,0,2,0,,0,0,0,0,10,fails,0,G1 size;G2 trend;G3 leader;G4 basis;G5 data,F:—,,shadow-screen,,YELLOW,
2026-07-20,STX,0,787.66,ACCUMULATE,759.09,797.82,408.74,62.21,RED,3,61,1,BREAKOUT,1,1,0,1,74,STARTER,1,,F:3/3,,shadow-screen,,YELLOW,
2026-07-20,T,0,21.81,CAUTION,20.98,22.05,22.4962,21.1,WHITE,0,13,0,BREAKDOWN,1,1,0,1,13,fails,0,G2 trend;G3 leader;G4 basis,F:2/3,,shadow-screen,,RED,
2026-07-20,TER,0,322.36,ACCUMULATE,310.95,326.81,429.866,40.42,RED,3,49,1,BREAKDOWN,0,0,0,1,68,fails,0,G4 basis,F:2/3,,shadow-screen,,YELLOW,
2026-07-20,TMDX,0,73.98,CAUTION,73.36,77.1,69.2769,40.22,WHITE,0,17,0,BREAKDOWN,0,0,0,1,25,fails,0,G2 trend;G3 leader,F:3/3,,owner-request,,RED,
2026-07-20,TMO,0,532.48,BOTTOMING,517.15,543.54,472.719,77.97,WHITE,1,13,1,BREAKOUT,0,0,0,1,47,fails,0,G2 trend;G3 leader,F:2/3,,shadow-screen,,RED,
2026-07-20,TMUS,0,192.43,CAUTION,183.08,192.42,186.813,47.25,WHITE,0,44,0,,0,0,0,0,22,fails,0,G2 trend;G3 leader,F:2/3,,shadow-screen,,RED,
2026-07-20,TOST,0,30.08,BOTTOMING,27.55,28.95,28.1072,78.38,WHITE,1,41,0,BREAKOUT,0,0,0,0,30,fails,0,G2 trend;G3 leader,F:2/2,,owner-request,,RED,
2026-07-20,TSLA,1,380.84,CAUTION,370.51,389.41,397.921,26.45,WHITE,0,4,0,BREAKDOWN,0,0,0,0,5,fails,0,G1 size;G2 trend;G3 leader;G4 basis,F:1/3,,holding,,YELLOW,
2026-07-20,TSM,1,398.37,HOLD,361.49,379.93,435.295,55.17,RED,3,59,1,,0,1,0,0,45,fails,0,G1 size;G4 basis,F:3/3,,holding,,YELLOW,
2026-07-20,TXN,0,284.02,HOLD,220.1,231.33,304.037,54.05,RED,3,15,1,,0,1,0,0,43,fails,0,G3 leader;G4 basis,F:3/3,,shadow-screen,,YELLOW,
2026-07-20,UBER,0,72.46,BOTTOMING,64.75,68.06,74.2829,29.36,WHITE,0,31,0,BREAKOUT,0,0,0,0,23,fails,0,G2 trend;G3 leader;G4 basis,F:3/3,,owner-request,,YELLOW,
2026-07-20,UNH,0,426.09,ACCUMULATE,415.92,437.14,289.068,92.44,RED,4,11,1,BREAKOUT,0,0,0,1,78,CONVICTION,1,,F:3/3,,shadow-screen,,NEUTRAL,
2026-07-20,V,0,358.56,ACCUMULATE,349.13,366.94,329.468,96.14,RED,4,3,1,,0,0,0,1,44,fails,0,G3 leader,F:2/2,13,owner-request,12,RED,11
2026-07-20,VRT,0,289.56,HOLD,258.36,271.54,307.051,54,RED,3,58,1,,0,0,0,0,63,fails,0,G4 basis,F:3/3,,owner-request,,YELLOW,
2026-07-20,VZ,0,43.59,CAUTION,41.64,43.77,47.3902,37.04,WHITE,1,2,0,BREAKDOWN,1,1,0,1,13,fails,0,G2 trend;G3 leader;G4 basis,F:2/3,,shadow-screen,,RED,
2026-07-20,WDC,0,477.22,ACCUMULATE,456.91,480.22,284.844,62.09,RED,3,59,1,BREAKOUT,1,1,0,1,70,fails,0,G1 size,F:3/3,,shadow-screen,,YELLOW,
2026-07-20,WFC,0,87.51,ACCUMULATE,84.83,89.16,81.3511,83.45,RED,3,2,1,BREAKOUT,0,0,0,1,48,fails,0,G3 leader,F:2/3,,shadow-screen,,NEUTRAL,
2026-07-20,WMT,0,114.24,CAUTION,112.45,118.19,118.748,27.95,WHITE,0,2,0,BREAKDOWN,1,1,0,1,13,fails,0,G2 trend;G3 leader;G4 basis,F:2/3,,shadow-screen,,RED,
2026-07-20,XOM,0,147.36,HOLD,137.86,144.89,148.958,53.19,RED,3,1,1,BREAKOUT,0,1,0,0,43,fails,0,G3 leader;G4 basis,F:—,,shadow-screen,,RED,
2026-07-20,ZETA,0,21.68,ACCUMULATE,21.14,22.22,18.4446,83.68,RED,4,8,1,,1,1,0,1,70,STARTER,1,,F:2/2,,shadow-screen,,RED,
2026-07-20,ZS,0,149.94,CAUTION,143.87,151.21,127.394,64.87,WHITE,0,32,0,,1,0,1,1,30,fails,0,G2 trend;G3 leader,F:3/3,,owner-request,,RED,
2026-07-21,0700,0,477,CAUTION,457.38,480.71,466.711,54.24,WHITE,0,23,0,,0,0,0,1,10,fails,0,G1 size;G2 trend;G3 leader,F:—,,owner-request,,RED,
2026-07-21,1810,0,27.88,CAUTION,27.02,28.4,25.8019,33.46,WHITE,0,41,0,BREAKDOWN,0,0,0,1,10,fails,0,G1 size;G2 trend;G3 leader,F:—,,owner-request,,RED,
2026-07-21,3690,0,85.8,CAUTION,82.13,86.32,77.8804,64.12,WHITE,1,66,0,,0,0,0,1,19,fails,0,G2 trend;G3 leader,F:—,,owner-request,,RED,
2026-07-21,9992,1,161.7,CAUTION,151.17,158.89,154.259,38.44,WHITE,0,21,0,INSIDE,0,0,0,0,23,fails,0,G2 trend;G3 leader,F:—,,holding,,RED,
2026-07-21,AAL,0,15.14,ACCUMULATE,14.83,15.59,15.829,57.02,RED,4,9,1,BREAKOUT,1,1,0,1,43,fails,0,G3 leader;G4 basis,F:2/3,,shadow-screen,,YELLOW,
2026-07-21,AAOI,0,103.02,PULLBACK,95.31,100.18,170.785,28.56,AMBER,2,2,1,BREAKDOWN,0,0,0,0,52,fails,0,G2 trend;G4 basis,F:1/3,,shadow-screen,,YELLOW,
2026-07-21,AAPL,1,326.59,HOLD,305.05,320.61,311.273,96.11,RED,4,17,1,BREAKOUT,0,0,0,0,55,fails,0,G1 size,F:2/3,,holding,,RED,
2026-07-21,ABBV,0,253.38,ACCUMULATE,244.3,256.76,225.872,93.95,RED,4,7,1,BREAKOUT,0,0,0,1,53,fails,0,G3 leader,F:2/3,,shadow-screen,,NEUTRAL,
2026-07-21,ABT,0,101.66,CAUTION,98.9,103.94,88.7909,64.64,WHITE,1,39,0,,0,0,0,1,27,fails,0,G2 trend;G3 leader,F:2/3,,shadow-screen,,RED,
2026-07-21,ACN,0,144.73,CAUTION,136.56,143.53,126.877,39.41,WHITE,0,26,0,BREAKDOWN,0,0,0,0,18,fails,0,G2 trend;G3 leader,F:1/2,,shadow-screen,,RED,
2026-07-21,ADBE,0,234.74,CAUTION,221.68,232.99,243.185,38.97,WHITE,0,85,0,,0,0,0,0,17,fails,0,G2 trend;G3 leader;G4 basis,F:3/3,,owner-request,,RED,
2026-07-21,ADI,0,372.46,HOLD,343.86,361.41,392.536,43.62,RED,3,37,1,BREAKOUT,0,1,0,0,53,fails,0,G4 basis,F:3/3,,shadow-screen,,YELLOW,
2026-07-21,ALAB,0,309.09,HOLD,207.63,218.22,123.076,65.61,RED,4,14,1,,0,0,0,0,78,CONVICTION,1,,F:3/3,,owner-request,,YELLOW,
2026-07-21,AMAT,0,525.7,HOLD,432.78,454.86,586.461,65.25,RED,4,45,1,BREAKOUT,0,0,0,0,60,fails,0,G1 size;G4 basis,F:2/3,,owner-request,,YELLOW,
2026-07-21,AMD,1,503.57,HOLD,246.15,258.71,215.827,79.86,RED,4,19,1,BREAKOUT,0,0,0,0,65,fails,0,G1 size,F:3/3,,holding,,YELLOW,
2026-07-21,AMZN,0,249.99,ACCUMULATE,241.6,253.92,246.526,76.8,RED,3,4,1,BREAKDOWN,1,0,1,1,40,fails,0,G1 size;G3 leader,F:3/3,8,owner-request,4,RED,8
2026-07-21,ANET,0,169.35,ACCUMULATE,166.06,174.54,142.771,82.39,RED,4,15,1,BREAKOUT,0,0,0,1,72,STARTER,1,,F:3/3,3,owner-request,6,YELLOW,3
2026-07-21,APH,0,150.51,ACCUMULATE,144.19,151.55,147.137,70.89,RED,4,9,1,INSIDE,0,0,0,0,72,STARTER,1,,F:3/3,,shadow-screen,,YELLOW,
2026-07-21,APP,0,424.6,CAUTION,420.95,442.43,466.365,20.93,WHITE,0,2,0,BREAKDOWN,0,0,0,1,13,fails,0,G2 trend;G3 leader;G4 basis,F:2/2,,owner-request,,YELLOW,
2026-07-21,ARM,0,269.61,HOLD,206.46,216.99,210.673,57.71,RED,3,16,1,,0,0,0,0,68,STARTER,1,,F:3/3,,owner-request,,YELLOW,
2026-07-21,ASML,0,1739.02,HOLD,1485.42,1561.21,1774.9,67.75,RED,3,49,1,,0,1,0,0,64,fails,0,G4 basis,F:1/1,,owner-request,,YELLOW,
2026-07-21,ASTS,0,57.42,CAUTION,56.32,59.2,86.0499,8.82,WHITE,0,2,0,BREAKDOWN,0,0,0,1,17,fails,0,G2 trend;G3 leader;G4 basis,F:0/2,,owner-request,,YELLOW,
2026-07-21,AVGO,0,378.16,ACCUMULATE,372.14,391.13,379.737,53.78,RED,3,3,1,BREAKDOWN,0,0,0,1,30,fails,0,G1 size;G3 leader;G4 basis,F:3/3,,shadow-screen,,NEUTRAL,
2026-07-21,AXON,0,527.48,CAUTION,490.92,515.97,393.819,64.65,WHITE,1,37,1,,0,0,0,0,37,fails,0,G2 trend;G3 leader,F:3/3,,owner-request,,YELLOW,
2026-07-21,AXP,0,351.93,HOLD,334.64,351.72,313.649,78.66,RED,3,4,1,BREAKOUT,0,0,0,0,47,fails,0,G3 leader,F:2/3,,shadow-screen,,YELLOW,
2026-07-21,AXTI,0,48.83,CAUTION,46.92,49.32,66.8189,26.86,AMBER,2,4,0,,0,0,0,1,42,fails,0,G2 trend;G4 basis,F:0/3,,shadow-screen,,YELLOW,
2026-07-21,AZO,0,2994.13,CAUTION,2710.1,2848.37,3077.93,6.62,WHITE,0,23,0,BREAKDOWN,0,0,1,0,17,fails,0,G2 trend;G3 leader;G4 basis,F:2/3,,shadow-screen,,YELLOW,
2026-07-21,BA,0,209.48,CAUTION,204.77,215.22,217.965,21.92,WHITE,1,1,0,BREAKDOWN,0,0,0,0,17,fails,0,G2 trend;G3 leader;G4 basis,F:2/3,,shadow-screen,,YELLOW,
2026-07-21,BAC,0,60.42,ACCUMULATE,58.3,61.27,52.0558,95.05,RED,4,8,1,BREAKOUT,0,0,0,1,53,fails,0,G3 leader,F:2/3,,shadow-screen,,RED,
2026-07-21,BE,0,197.06,PULLBACK,149.65,157.28,278.421,43.19,AMBER,2,1,1,BREAKDOWN,0,1,0,0,44,fails,0,G2 trend;G4 basis,F:2/3,,shadow-screen,,YELLOW,
2026-07-21,BKNG,0,179.45,BOTTOMING,175.8,184.77,168.127,65.25,WHITE,0,27,0,BREAKOUT,0,0,0,1,27,fails,0,G2 trend;G3 leader,F:2/3,,shadow-screen,,YELLOW,
2026-07-21,BSX,0,43.77,CAUTION,41.89,44.02,44.6055,6.58,WHITE,0,34,0,,0,0,0,1,17,fails,0,G2 trend;G3 leader;G4 basis,F:3/3,,shadow-screen,,NEUTRAL,
2026-07-21,C,0,128.72,ACCUMULATE,126.62,133.08,142.928,62.01,RED,3,19,1,INSIDE,1,1,0,1,63,fails,0,G4 basis,F:2/3,,shadow-screen,,YELLOW,
2026-07-21,CAT,0,864.3,HOLD,772.43,811.84,887.084,51.67,RED,3,57,1,BREAKOUT,0,0,0,0,54,fails,0,G4 basis,F:2/3,,shadow-screen,,YELLOW,
2026-07-21,CAVA,0,63.51,CAUTION,63.01,66.23,79.8304,15.92,WHITE,1,1,0,,0,0,0,1,25,fails,0,G2 trend;G3 leader;G4 basis,F:3/3,,owner-request,,YELLOW,
2026-07-21,CBRS,0,176.88,CAUTION,173.25,182.09,218.132,10.5,WHITE,0,11,0,,0,0,0,0,22,fails,0,G2 trend;G3 leader;G4 basis;G5 data,F:—,,shadow-screen,,YELLOW,
2026-07-21,CDE,0,14.16,CAUTION,14.06,14.78,16.2809,5.71,WHITE,0,8,0,BREAKDOWN,0,0,0,1,27,fails,0,G2 trend;G4 basis,F:2/3,,owner-request,,YELLOW,
2026-07-21,CEG,0,253.5,CAUTION,246.85,259.45,270.626,18.05,WHITE,0,26,0,INSIDE,0,0,0,1,27,fails,0,G2 trend;G3 leader;G4 basis,F:2/3,,shadow-screen,,RED,
2026-07-21,CIEN,0,378.77,PULLBACK,255.32,268.34,440.28,40.33,AMBER,2,2,1,BREAKDOWN,0,0,0,0,52,fails,0,G2 trend;G4 basis,F:3/3,,shadow-screen,,YELLOW,
2026-07-21,COHR,0,285.4,PULLBACK,247.06,259.67,252.107,46.06,AMBER,2,2,1,BREAKDOWN,0,0,1,0,53,fails,0,G2 trend,F:2/3,,shadow-screen,,YELLOW,
2026-07-21,COIN,0,160.43,CAUTION,154.06,161.92,164.086,15.13,WHITE,0,34,0,INSIDE,0,0,0,1,22,fails,0,G2 trend;G3 leader;G4 basis,F:1/2,,shadow-screen,,RED,
2026-07-21,COST,0,935.8,CAUTION,902.7,948.76,955.627,24.98,WHITE,1,3,0,BREAKDOWN,0,0,0,1,13,fails,0,G2 trend;G3 leader;G4 basis,F:2/3,,owner-request,,RED,
2026-07-21,CRCL,0,65.45,CAUTION,62.12,65.29,82.0741,10.54,WHITE,0,7,0,BREAKDOWN,0,0,0,0,22,fails,0,G2 trend;G3 leader;G4 basis,F:2/2,,shadow-screen,,RED,
2026-07-21,CRDO,0,212.07,HOLD,185.55,195.02,247.119,59.42,RED,4,14,1,,0,0,0,0,63,fails,0,G4 basis,F:3/3,,owner-request,,YELLOW,
2026-07-21,CRM,0,173.79,CAUTION,164.44,172.83,183.972,34.56,WHITE,0,71,0,,0,0,0,0,13,fails,0,G2 trend;G3 leader;G4 basis,F:2/3,,owner-request,,RED,
2026-07-21,CRWD,0,198.49,HOLD,185.36,194.82,106.509,95.42,RED,4,11,1,BREAKOUT,0,0,0,0,63,STARTER,1,,F:2/2,,owner-request,,NEUTRAL,
2026-07-21,CRWV,0,73.06,CAUTION,,,117.292,4.87,WHITE,0,2,0,BREAKDOWN,0,0,0,0,18,fails,0,G2 trend;G3 leader;G4 basis,F:2/2,,shadow-screen,,YELLOW,
2026-07-21,CSCO,0,110.7,HOLD,89.92,94.5,77.9846,56.57,RED,3,65,1,,0,0,0,0,58,fails,1,,F:2/3,,shadow-screen,,YELLOW,
2026-07-21,CSPX,1,804.6,HOLD,746.11,784.17,812.305,73.86,RED,4,15,1,BREAKOUT,0,1,0,0,50,fails,0,G3 leader;G4 basis,F:—,,holding,,YELLOW,
2026-07-21,CVX,0,189.71,ACCUMULATE,183.05,192.39,186.786,74.23,RED,3,2,1,BREAKOUT,0,0,0,0,48,fails,0,G3 leader,F:1/3,,shadow-screen,,RED,
2026-07-21,D05,0,72,HOLD,68.43,71.92,57.288,95.43,RED,4,66,1,BREAKOUT,0,0,0,0,70,STARTER,1,,F:—,,owner-request,,RED,
2026-07-21,DDOG,0,263.2,ACCUMULATE,258.04,271.21,127.455,93.25,RED,4,12,1,BREAKOUT,1,0,1,1,77,CONVICTION,1,,F:2/2,1,owner-request,1,NEUTRAL,1
2026-07-21,DELL,0,381.88,HOLD,237.25,249.35,118.395,63.62,RED,4,21,1,BREAKOUT,0,0,0,0,69,STARTER,1,,F:2/2,,shadow-screen,,YELLOW,
2026-07-21,DRAM,1,53.06,CAUTION,49.73,52.27,60.41,19.96,AMBER,2,1,0,,0,0,0,0,34,fails,0,G2 trend;G4 basis;G5 data,F:—,,holding,,YELLOW,
2026-07-21,DUOL,0,133.89,CAUTION,96.87,101.82,98.8507,72.88,WHITE,0,50,0,,0,0,0,0,30,fails,0,G2 trend;G3 leader,F:2/2,,owner-request,,RED,
2026-07-21,ETHA,0,14.33,CAUTION,14.04,14.75,16.0445,28.93,WHITE,0,34,0,BREAKDOWN,1,0,1,1,25,fails,0,G2 trend;G3 leader;G4 basis,F:0/2,,owner-request,,RED,
2026-07-21,ETN,0,401.41,ACCUMULATE,395.93,416.13,404.007,67.06,RED,3,20,1,,0,0,0,1,57,fails,0,G3 leader;G4 basis,F:3/3,,shadow-screen,,YELLOW,
2026-07-21,FCX,0,58.79,PULLBACK,57.84,60.8,61.3992,37.47,AMBER,2,2,1,BREAKDOWN,1,1,0,1,27,fails,0,G2 trend;G3 leader;G4 basis,F:2/3,,shadow-screen,,YELLOW,
2026-07-21,GE,0,341.3,ACCUMULATE,334.38,351.44,283.601,77.24,RED,4,9,1,BREAKDOWN,1,1,0,1,53,fails,0,G3 leader,F:3/3,,shadow-screen,,YELLOW,
2026-07-21,GEV,0,1079.18,ACCUMULATE,1044.02,1097.29,1065.33,83.9,RED,3,68,1,BREAKOUT,0,0,0,1,74,STARTER,1,,F:2/3,,shadow-screen,,NEUTRAL,
2026-07-21,GLW,0,153.1,PULLBACK,128.44,134.99,188.579,33.59,AMBER,2,2,1,BREAKDOWN,0,0,0,0,44,fails,0,G2 trend;G4 basis,F:3/3,,shadow-screen,,YELLOW,
2026-07-21,GOOG,1,351.37,HOLD,332.15,349.1,360.33,63.39,RED,3,17,1,,0,0,0,0,50,fails,0,G1 size;G4 basis,F:2/2,,holding,,YELLOW,
2026-07-21,GOOGL,0,351.99,HOLD,332.7,349.67,363.885,63.34,RED,3,17,1,,0,0,1,0,50,fails,0,G1 size;G4 basis,F:2/2,,shadow-screen,,YELLOW,
2026-07-21,GRAB,0,3.62,CAUTION,3.55,3.73,3.6237,23.1,WHITE,0,29,0,INSIDE,0,0,0,0,25,fails,0,G2 trend;G3 leader;G4 basis,F:2/2,,owner-request,,YELLOW,
2026-07-21,GS,0,1055.03,ACCUMULATE,1027.16,1079.57,931.302,80.68,RED,4,17,1,BREAKOUT,0,0,0,1,63,STARTER,1,,F:2/2,,shadow-screen,,NEUTRAL,
2026-07-21,HD,0,333.04,CAUTION,321.34,337.73,348.297,38.64,WHITE,0,21,0,BREAKDOWN,0,0,0,0,13,fails,0,G2 trend;G3 leader;G4 basis,F:2/3,,shadow-screen,,YELLOW,
2026-07-21,HIMS,0,32.7,ACCUMULATE,32.22,33.86,24.0908,67.69,RED,3,4,1,BREAKDOWN,0,0,0,1,55,fails,0,G3 leader,F:2/2,11,owner-request,11,YELLOW,9
2026-07-21,HON,0,226.18,CAUTION,219.56,230.77,224.045,39.87,AMBER,2,4,0,,1,0,1,1,22,fails,0,G2 trend;G3 leader,F:2/3,,shadow-screen,,NEUTRAL,
2026-07-21,HOOD,0,99.28,HOLD,86.53,90.95,76.046,61.14,RED,3,4,1,BREAKOUT,0,0,0,0,43,fails,0,G3 leader,F:2/2,,owner-request,,YELLOW,
2026-07-21,IBIT,0,36.89,CAUTION,35.2,37,35.9225,26.87,WHITE,0,36,0,BREAKDOWN,1,1,1,1,23,fails,0,G2 trend;G3 leader,F:0/2,,owner-request,,RED,
2026-07-21,IBM,0,213,CAUTION,,,218.97,3.27,WHITE,0,2,0,,0,1,0,0,9,fails,0,G2 trend;G3 leader;G4 basis,F:2/3,,shadow-screen,,YELLOW,
2026-07-21,ICE,0,141.57,CAUTION,137.43,144.44,140.234,35.53,WHITE,0,24,0,BREAKDOWN,1,1,0,1,22,fails,0,G2 trend;G3 leader,F:2/3,,owner-request,,RED,
2026-07-21,INTC,0,97.06,HOLD,44.3,46.56,45.2035,51.33,RED,3,49,1,,0,0,0,0,60,fails,0,G1 size,F:1/3,,owner-request,,YELLOW,
2026-07-21,INTU,0,293.82,CAUTION,272.98,286.9,264.525,33.78,WHITE,0,42,0,,0,0,0,0,22,fails,0,G2 trend;G3 leader,F:3/3,,shadow-screen,,RED,
2026-07-21,IONQ,0,34.24,BOTTOMING,33.3,35,50.3,13.22,WHITE,0,2,0,BREAKOUT,0,0,0,1,17,fails,0,G2 trend;G3 leader;G4 basis,F:1/3,,shadow-screen,,YELLOW,
2026-07-21,IOT,0,38.55,HOLD,36.42,38.28,31.8175,90.48,RED,3,3,1,,0,0,0,0,50,fails,0,G3 leader,F:2/2,,owner-request,,RED,
2026-07-21,IREN,0,40.2,CAUTION,34.14,35.88,41.7894,21.28,WHITE,0,2,0,BREAKDOWN,0,0,0,0,33,fails,0,G2 trend;G4 basis,F:2/2,,shadow-screen,,NEUTRAL,
2026-07-21,ISRG,0,353.17,CAUTION,349.13,366.95,403.484,4.47,WHITE,0,25,0,,1,1,0,1,17,fails,0,G2 trend;G3 leader;G4 basis,F:3/3,,shadow-screen,,YELLOW,
2026-07-21,JNJ,0,248.82,ACCUMULATE,239.33,251.54,230.268,83.6,RED,4,54,1,BREAKOUT,0,0,0,0,63,STARTER,1,,F:2/3,,shadow-screen,,YELLOW,
2026-07-21,JPM,0,338.87,ACCUMULATE,324.82,341.4,310.622,93.94,RED,4,8,1,BREAKOUT,0,1,0,1,49,fails,0,G3 leader,F:2/3,6,owner-request,3,YELLOW,5
2026-07-21,KLAC,0,207.6,HOLD,184.78,194.2,146.195,64.29,RED,3,63,1,BREAKOUT,0,0,0,0,69,STARTER,1,,F:3/3,,owner-request,,YELLOW,
2026-07-21,KO,0,82.12,ACCUMULATE,79.37,83.42,78.9962,83.31,RED,4,29,1,BREAKOUT,0,0,0,0,58,fails,0,G3 leader,F:2/3,,shadow-screen,,YELLOW,
2026-07-21,LIN,0,512.05,ACCUMULATE,503.4,529.08,513.674,72.25,RED,3,24,1,,0,0,0,1,52,fails,0,G3 leader;G4 basis,F:2/3,,shadow-screen,,YELLOW,
2026-07-21,LITE,0,765.55,HOLD,699.41,735.1,871.238,43.51,RED,3,60,1,INSIDE,0,0,1,0,64,fails,0,G4 basis,F:2/3,,shadow-screen,,RED,
2026-07-21,LLY,0,1146.9,ACCUMULATE,1127.8,1185.34,919.232,81.78,RED,4,11,1,,0,0,0,1,59,fails,1,,F:3/3,2,owner-request,5,YELLOW,4
2026-07-21,LRCX,0,306.76,HOLD,257.9,271.06,222.314,60.74,RED,3,60,1,BREAKOUT,0,1,0,0,69,STARTER,1,,F:3/3,,owner-request,,YELLOW,
2026-07-21,MA,0,547.44,ACCUMULATE,527.38,554.29,494.824,84.28,RED,3,1,1,BREAKOUT,0,0,0,1,48,fails,0,G3 leader,F:3/3,10,owner-request,10,RED,10
2026-07-21,MCD,0,267.64,CAUTION,,,276.096,3.03,WHITE,0,17,0,,0,1,0,0,17,fails,0,G2 trend;G3 leader;G4 basis,F:2/3,,shadow-screen,,YELLOW,
2026-07-21,MCHP,0,80.51,PULLBACK,77.12,81.05,90.0586,41.98,AMBER,2,2,1,,0,0,0,1,27,fails,0,G2 trend;G3 leader;G4 basis,F:2/3,,shadow-screen,,YELLOW,
2026-07-21,MDB,0,323.36,ACCUMULATE,316.32,332.46,322.776,54.91,RED,3,1,1,BREAKDOWN,1,0,1,1,57,fails,1,,F:3/3,4,owner-request,2,YELLOW,11
2026-07-21,META,0,645.85,BOTTOMING,598.15,628.67,610.358,68.3,WHITE,1,37,1,BREAKOUT,0,0,1,0,25,fails,0,G1 size;G2 trend;G3 leader,F:2/2,,owner-request,,RED,
2026-07-21,MPWR,0,1328.8,HOLD,1143.45,1201.79,1355.11,47.16,RED,3,58,1,BREAKDOWN,0,1,0,0,58,fails,0,G4 basis,F:3/3,,shadow-screen,,NEUTRAL,
2026-07-21,MRK,0,124.4,ACCUMULATE,118.66,124.72,121.085,87.67,RED,4,38,1,,0,0,0,0,67,STARTER,1,,F:2/3,,shadow-screen,,YELLOW,
2026-07-21,MRVL,0,194.94,HOLD,184.22,193.62,89.2744,44.61,RED,3,22,1,,0,0,1,0,60,fails,0,G1 size,F:3/3,,owner-request,,YELLOW,
2026-07-21,MS,0,210.94,HOLD,197.68,207.77,190.864,71.48,RED,4,17,1,BREAKOUT,0,0,0,0,62,STARTER,1,,F:2/3,,shadow-screen,,YELLOW,
2026-07-21,MSFT,0,402.29,CAUTION,394.91,415.06,371.614,48.22,WHITE,0,28,0,,1,0,1,1,10,fails,0,G1 size;G2 trend;G3 leader,F:3/3,,owner-request,,RED,
2026-07-21,MSTR,0,97.82,CAUTION,93.03,97.77,94.9249,16.55,WHITE,0,42,0,BREAKDOWN,0,1,0,0,18,fails,0,G2 trend;G3 leader,F:0/2,,shadow-screen,,RED,
2026-07-21,MU,1,865.46,HOLD,407.12,427.89,415.428,58.61,RED,3,59,1,,0,0,0,0,60,fails,0,G1 size,F:3/3,,holding,,YELLOW,
2026-07-21,NBIS,1,182.62,HOLD,157.34,165.36,96.2489,55.42,RED,3,25,1,BREAKOUT,0,1,0,0,69,STARTER,1,,F:2/2,,holding,,YELLOW,
2026-07-21,NEE,0,88,ACCUMULATE,86.45,90.86,88.215,52.2,RED,3,5,1,BREAKDOWN,1,0,1,1,42,fails,0,G3 leader;G4 basis,F:2/3,,shadow-screen,,NEUTRAL,
2026-07-21,NET,0,272.42,ACCUMULATE,263.43,276.87,196.946,94.91,RED,4,15,1,,0,0,0,1,72,STARTER,1,,F:2/2,5,owner-request,7,RED,2
2026-07-21,NFLX,0,67.6,CAUTION,66.47,69.86,73.72,2.49,WHITE,0,36,0,BREAKDOWN,1,1,0,1,9,fails,0,G2 trend;G3 leader;G4 basis,F:2/3,,owner-request,,YELLOW,
2026-07-21,NKE,0,43.47,CAUTION,43.18,45.38,44.0571,31.09,WHITE,0,42,0,BREAKDOWN,1,1,0,1,17,fails,0,G2 trend;G3 leader;G4 basis,F:2/3,,shadow-screen,,RED,
2026-07-21,NOW,0,104.7,CAUTION,100.51,105.64,102.561,53.2,WHITE,0,52,0,,0,0,0,1,18,fails,0,G2 trend;G3 leader,F:2/3,,shadow-screen,,YELLOW,
2026-07-21,NVDA,1,203.28,ACCUMULATE,197.71,207.79,182.93,66.63,RED,3,4,1,BREAKOUT,0,0,0,1,40,fails,0,G1 size;G3 leader,F:3/3,7,holding,8,NEUTRAL,7
2026-07-21,NVO,0,49.61,BOTTOMING,46.88,49.27,44.0682,70.98,RED,3,1,0,BREAKOUT,0,0,0,0,47,fails,0,G2 trend;G3 leader,F:—,,owner-request,,YELLOW,
2026-07-21,NXPI,0,267.18,HOLD,232.14,243.99,294.045,44.01,RED,3,13,1,,0,0,0,0,42,fails,0,G3 leader;G4 basis,F:2/3,,shadow-screen,,YELLOW,
2026-07-21,ON,0,86.7,HOLD,59.69,62.73,93.8008,40,RED,3,33,1,BREAKOUT,0,1,0,0,57,fails,0,G4 basis,F:2/3,,shadow-screen,,YELLOW,
2026-07-21,ONON,0,37.65,BOTTOMING,36.77,38.64,35.8967,47.81,WHITE,0,21,0,BREAKOUT,0,0,0,1,25,fails,0,G2 trend;G3 leader,F:1/1,,owner-request,,RED,
2026-07-21,ORCL,0,121.38,CAUTION,,,142.7,1.02,WHITE,0,5,0,BREAKDOWN,0,1,0,0,5,fails,0,G1 size;G2 trend;G3 leader;G4 basis,F:3/3,,owner-request,,YELLOW,
2026-07-21,PANW,0,348.66,HOLD,284.44,298.95,166.616,93.61,RED,4,11,1,,0,0,0,0,68,STARTER,1,,F:2/3,,owner-request,,NEUTRAL,
2026-07-21,PEP,0,135.46,CAUTION,128.16,134.7,142.322,4.71,WHITE,0,9,0,BREAKDOWN,0,1,0,0,17,fails,0,G2 trend;G3 leader;G4 basis,F:2/3,,shadow-screen,,YELLOW,
2026-07-21,PFE,0,24.75,CAUTION,23.67,24.87,25.169,24.77,WHITE,0,6,0,BREAKDOWN,0,0,0,1,17,fails,0,G2 trend;G3 leader;G4 basis,F:2/3,,shadow-screen,,RED,
2026-07-21,PG,0,149.13,CAUTION,146.61,154.09,144.267,61.14,AMBER,2,2,0,,0,0,0,1,27,fails,0,G2 trend;G3 leader,F:2/3,,shadow-screen,,NEUTRAL,
2026-07-21,PLTR,1,134.85,CAUTION,131.75,138.47,134.44,42.45,WHITE,0,24,0,,0,0,0,1,10,fails,0,G1 size;G2 trend;G3 leader,F:2/2,,holding,,RED,
2026-07-21,QCOM,0,170.32,BOTTOMING,133.73,140.55,131.179,32.19,AMBER,2,2,0,BREAKOUT,0,0,0,0,14,fails,0,G2 trend;G3 leader,F:3/3,,owner-request,,YELLOW,
2026-07-21,QQQ,0,696.06,HOLD,658.98,692.6,602.393,62.8,RED,3,16,1,BREAKDOWN,0,0,0,0,40,fails,0,G1 size;G3 leader,F:—,,owner-request,,YELLOW,
2026-07-21,RBLX,0,53.25,CAUTION,45.96,48.31,46.9007,40.77,WHITE,0,33,0,BREAKDOWN,0,0,0,0,25,fails,0,G2 trend;G3 leader,F:2/2,,owner-request,,YELLOW,
2026-07-21,RDDT,0,181.64,HOLD,167.98,176.55,142.753,68.59,RED,3,3,1,BREAKOUT,0,0,0,0,52,fails,0,G3 leader,F:2/2,,shadow-screen,,YELLOW,
2026-07-21,RKLB,0,65.74,CAUTION,60.63,63.72,69.2438,18.76,AMBER,2,3,0,BREAKDOWN,0,0,0,0,13,fails,0,G2 trend;G3 leader;G4 basis,F:1/3,,owner-request,,YELLOW,
2026-07-21,RTX,0,194.44,HOLD,184.59,194,176.191,67.94,RED,4,6,1,BREAKOUT,0,0,0,0,47,fails,0,G3 leader,F:2/3,,shadow-screen,,NEUTRAL,
2026-07-21,SCHW,0,102.54,ACCUMULATE,100.5,105.63,92.6562,90.17,RED,4,3,1,,0,0,0,1,52,fails,0,G3 leader,F:3/3,,shadow-screen,,RED,
2026-07-21,SE,0,105.69,BOTTOMING,104.12,109.44,89.3319,56.59,WHITE,1,36,0,BREAKOUT,0,0,0,1,25,fails,0,G2 trend;G3 leader,F:2/2,,owner-request,,YELLOW,
2026-07-21,SHOP,0,124.48,BOTTOMING,122.22,128.45,112.82,68.3,WHITE,1,24,0,BREAKOUT,0,0,0,1,27,fails,0,G2 trend;G3 leader,F:2/2,,owner-request,,RED,
2026-07-21,SMCI,0,23.83,CAUTION,21.4,22.49,30.7939,9.79,WHITE,0,6,0,BREAKDOWN,0,0,0,0,17,fails,0,G2 trend;G3 leader;G4 basis,F:3/3,,shadow-screen,,YELLOW,
2026-07-21,SNDK,0,1390.95,HOLD,891.82,937.32,638.592,61.59,RED,3,58,1,BREAKOUT,0,1,0,0,70,fails,0,G1 size,F:3/3,,shadow-screen,,YELLOW,
2026-07-21,SNOW,0,274.34,HOLD,257.03,270.14,237.448,98.17,RED,4,7,1,BREAKOUT,0,0,0,0,58,fails,0,G3 leader,F:3/3,,owner-request,,NEUTRAL,
2026-07-21,SOFI,0,17.01,BOTTOMING,15.9,16.72,17.8915,31.69,WHITE,0,23,0,BREAKOUT,0,0,0,0,13,fails,0,G2 trend;G3 leader;G4 basis,F:2/3,,owner-request,,YELLOW,
2026-07-21,SPCX,0,119.85,CAUTION,,,158.974,0,WHITE,0,3,0,,0,0,0,0,10,fails,0,G1 size;G2 trend;G3 leader;G4 basis;G5 data,F:—,,shadow-screen,,YELLOW,
2026-07-21,STX,0,802.45,ACCUMULATE,794.94,835.5,408.74,64.49,RED,3,62,1,BREAKOUT,1,1,0,1,74,STARTER,1,,F:3/3,,shadow-screen,,YELLOW,
2026-07-21,T,0,21.95,CAUTION,21.51,22.61,22.4962,23.07,WHITE,0,14,0,BREAKDOWN,1,1,0,1,13,fails,0,G2 trend;G3 leader;G4 basis,F:2/3,,shadow-screen,,RED,
2026-07-21,TER,0,333.76,HOLD,310.95,326.81,341.92,43.58,RED,3,50,1,BREAKDOWN,0,0,0,0,63,fails,0,G4 basis,F:2/3,,shadow-screen,,YELLOW,
2026-07-21,TMDX,0,73.47,CAUTION,73.36,77.1,69.2769,40.66,WHITE,0,18,0,INSIDE,0,0,0,1,30,fails,0,G2 trend;G3 leader,F:3/3,,owner-request,,NEUTRAL,
2026-07-21,TMO,0,526.23,PULLBACK,517.15,543.54,472.719,74.68,AMBER,2,1,1,BREAKOUT,0,0,0,1,47,fails,0,G2 trend;G3 leader,F:2/3,,shadow-screen,,NEUTRAL,
2026-07-21,TMUS,0,195.64,CAUTION,190.22,199.93,186.813,58.46,WHITE,0,45,0,,0,0,0,0,22,fails,0,G2 trend;G3 leader,F:2/3,,shadow-screen,,RED,
2026-07-21,TOST,0,30.85,BOTTOMING,27.55,28.95,28.1072,80.47,WHITE,1,42,1,BREAKOUT,0,0,0,0,40,fails,0,G2 trend;G3 leader,F:2/2,,owner-request,,RED,
2026-07-21,TSLA,1,369.57,CAUTION,341.33,358.74,397.921,19.53,WHITE,0,5,0,BREAKDOWN,0,0,0,0,5,fails,0,G1 size;G2 trend;G3 leader;G4 basis,F:1/3,,holding,,YELLOW,
2026-07-21,TSM,1,402.3,HOLD,361.49,379.93,435.295,57.33,RED,3,60,1,,0,1,0,0,45,fails,0,G1 size;G4 basis,F:3/3,,holding,,YELLOW,
2026-07-21,TXN,0,284.07,HOLD,220.1,231.33,304.037,53.69,RED,3,16,1,,0,1,0,0,43,fails,0,G3 leader;G4 basis,F:3/3,,shadow-screen,,YELLOW,
2026-07-21,UBER,0,72.17,BOTTOMING,64.75,68.06,73.5988,22.55,WHITE,0,32,0,BREAKOUT,0,0,0,0,27,fails,0,G2 trend;G3 leader;G4 basis,F:3/3,,owner-request,,YELLOW,
2026-07-21,UNH,0,421.55,ACCUMULATE,415.92,437.14,289.068,89.65,RED,4,12,1,BREAKOUT,0,0,0,1,78,CONVICTION,1,,F:3/3,,shadow-screen,,YELLOW,
2026-07-21,V,0,360.57,ACCUMULATE,349.13,366.94,329.468,97.2,RED,4,4,1,,0,0,0,1,44,fails,0,G3 leader,F:2/2,9,owner-request,9,RED,6
2026-07-21,VRT,0,291.67,HOLD,258.36,271.54,307.051,54.97,RED,3,59,1,,0,0,0,0,63,fails,0,G4 basis,F:3/3,,owner-request,,YELLOW,
2026-07-21,VZ,0,43.5,CAUTION,42.52,44.69,47.3902,37.41,WHITE,1,3,0,BREAKDOWN,1,1,0,1,17,fails,0,G2 trend;G3 leader;G4 basis,F:2/3,,shadow-screen,,RED,
2026-07-21,WDC,0,487.42,HOLD,456.91,480.22,284.844,64.45,RED,3,60,1,BREAKOUT,0,1,0,0,65,fails,0,G1 size,F:3/3,,shadow-screen,,YELLOW,
2026-07-21,WFC,0,86.33,ACCUMULATE,82.28,86.47,81.3511,74.55,RED,3,3,1,BREAKOUT,0,0,0,0,52,fails,0,G3 leader,F:2/3,,shadow-screen,,YELLOW,
2026-07-21,WMT,0,112.2,CAUTION,100.68,105.82,118.748,18.74,WHITE,0,3,0,BREAKDOWN,0,1,0,0,13,fails,0,G2 trend;G3 leader;G4 basis,F:2/3,,shadow-screen,,NEUTRAL,
2026-07-21,XOM,0,148.36,ACCUMULATE,145.98,153.43,148.958,57.36,RED,3,2,1,BREAKOUT,0,1,0,0,48,fails,0,G3 leader;G4 basis,F:—,,shadow-screen,,RED,
2026-07-21,ZETA,0,21.34,ACCUMULATE,21.14,22.22,18.4446,80.35,RED,4,9,1,,0,0,0,1,60,fails,0,G3 leader,F:2/2,,shadow-screen,,NEUTRAL,
2026-07-21,ZS,0,149.82,CAUTION,143.87,151.21,127.394,64.79,WHITE,0,33,0,,1,0,1,1,30,fails,0,G2 trend;G3 leader,F:3/3,,owner-request,,RED,
2026-07-22,0700,0,446.6,CAUTION,429.12,451.01,466.711,21.39,WHITE,0,23,0,,0,0,0,0,5,fails,0,G1 size;G2 trend;G3 leader;G4 basis,F:—,,owner-request,,NEUTRAL,
2026-07-22,1810,0,26.72,CAUTION,25.29,26.58,25.8019,28.55,WHITE,0,41,0,BREAKDOWN,0,0,0,0,10,fails,0,G1 size;G2 trend;G3 leader,F:—,,owner-request,,RED,
2026-07-22,3690,0,82.8,CAUTION,82.13,86.32,77.8804,47.55,WHITE,0,66,0,,1,0,1,1,14,fails,0,G2 trend;G3 leader,F:—,,owner-request,,RED,
2026-07-22,9992,1,159.7,CAUTION,151.17,158.89,154.259,32.2,WHITE,0,21,0,INSIDE,0,0,0,0,23,fails,0,G2 trend;G3 leader,F:—,,holding,,NEUTRAL,
2026-07-22,AAL,0,15.28,ACCUMULATE,14.83,15.59,15.829,58.99,RED,4,9,1,BREAKOUT,1,1,0,1,43,fails,0,G3 leader;G4 basis,F:2/3,,shadow-screen,,YELLOW,
2026-07-22,AAOI,0,119.26,HOLD,112.38,118.11,170.785,39.92,RED,3,1,1,BREAKDOWN,0,0,0,0,62,fails,0,G4 basis,F:1/3,,shadow-screen,,NEUTRAL,
2026-07-22,AAPL,1,327.74,HOLD,305.05,320.61,311.273,96.53,RED,4,17,1,BREAKOUT,0,0,0,0,55,fails,0,G1 size,F:2/3,,holding,,RED,
2026-07-22,ABBV,0,256.1,ACCUMULATE,244.3,256.76,225.872,96.9,RED,4,7,1,BREAKOUT,0,0,0,1,53,fails,0,G3 leader,F:2/3,,shadow-screen,,NEUTRAL,
2026-07-22,ABT,0,99.67,CAUTION,92.46,97.18,88.7909,58.75,WHITE,0,39,0,,0,0,0,0,22,fails,0,G2 trend;G3 leader,F:2/3,,shadow-screen,,RED,
2026-07-22,ACN,0,140.86,CAUTION,136.56,143.53,126.877,35.16,WHITE,0,26,0,BREAKDOWN,0,0,0,1,22,fails,0,G2 trend;G3 leader,F:1/2,,shadow-screen,,RED,
2026-07-22,ADBE,0,227.16,CAUTION,221.68,232.99,243.185,31.89,WHITE,0,85,0,,0,0,0,1,17,fails,0,G2 trend;G3 leader;G4 basis,F:3/3,,owner-request,,NEUTRAL,
2026-07-22,ADI,0,382.81,HOLD,343.86,361.41,392.536,49.39,RED,3,37,1,BREAKOUT,0,1,0,0,53,fails,0,G4 basis,F:3/3,,shadow-screen,,YELLOW,
2026-07-22,ALAB,0,319.79,HOLD,207.63,218.22,123.076,66.98,RED,4,14,1,,0,0,0,0,78,CONVICTION,1,,F:3/3,,owner-request,,YELLOW,
2026-07-22,AMAT,0,564.55,HOLD,432.78,454.86,586.461,71.44,RED,4,45,1,BREAKOUT,0,0,0,0,60,fails,0,G1 size;G4 basis,F:2/3,,owner-request,,YELLOW,
2026-07-22,AMD,1,544.43,ACCUMULATE,536.23,563.59,215.827,95.14,RED,4,19,1,BREAKOUT,0,0,0,1,70,fails,0,G1 size,F:3/3,3,holding,9,NEUTRAL,3
2026-07-22,AMZN,0,247.55,ACCUMULATE,241.6,253.92,246.526,71.05,RED,3,4,1,BREAKDOWN,1,0,1,1,40,fails,0,G1 size;G3 leader,F:3/3,18,owner-request,7,NEUTRAL,20
2026-07-22,ANET,0,174.58,HOLD,166.06,174.54,142.771,91.3,RED,4,15,1,BREAKOUT,0,0,1,0,67,STARTER,1,,F:3/3,,owner-request,,NEUTRAL,
2026-07-22,APH,0,157.81,HOLD,144.19,151.55,147.137,83.56,RED,4,9,1,BREAKOUT,0,0,0,0,62,STARTER,1,,F:3/3,,shadow-screen,,NEUTRAL,
2026-07-22,APP,0,428.69,CAUTION,420.95,442.43,466.365,21.23,WHITE,0,2,0,BREAKDOWN,0,0,0,1,13,fails,0,G2 trend;G3 leader;G4 basis,F:2/2,,owner-request,,YELLOW,
2026-07-22,ARM,0,289.73,HOLD,206.46,216.99,210.673,60.87,RED,3,16,1,,0,0,0,0,73,STARTER,1,,F:3/3,,owner-request,,NEUTRAL,
2026-07-22,ASML,0,1801.51,ACCUMULATE,1739.4,1828.15,1774.9,80.54,RED,4,49,1,,1,1,0,1,74,STARTER,1,,F:1/1,6,owner-request,4,NEUTRAL,11
2026-07-22,ASTS,0,63.34,CAUTION,56.32,59.2,86.0499,14.73,WHITE,0,2,0,BREAKDOWN,0,0,0,0,17,fails,0,G2 trend;G3 leader;G4 basis,F:0/2,,owner-request,,YELLOW,
2026-07-22,AVGO,0,386.5,ACCUMULATE,372.14,391.13,379.737,62.23,RED,3,3,1,INSIDE,0,0,0,1,45,fails,0,G1 size;G3 leader,F:3/3,,shadow-screen,,RED,
2026-07-22,AXON,0,511.17,CAUTION,490.92,515.97,393.819,61.07,WHITE,1,37,0,,0,0,0,0,27,fails,0,G2 trend;G3 leader,F:3/3,,owner-request,,YELLOW,
2026-07-22,AXP,0,350.79,ACCUMULATE,334.64,351.72,313.649,78.4,RED,3,4,1,BREAKOUT,0,0,0,1,52,fails,0,G3 leader,F:2/3,,shadow-screen,,YELLOW,
2026-07-22,AXTI,0,56.51,PULLBACK,52.72,55.41,66.8189,38.02,AMBER,2,4,1,,0,0,0,0,52,fails,0,G2 trend;G4 basis,F:0/3,,shadow-screen,,RED,
2026-07-22,AZO,0,3013.03,CAUTION,2710.1,2848.37,3077.93,11.53,WHITE,0,23,0,BREAKDOWN,0,0,1,0,17,fails,0,G2 trend;G3 leader;G4 basis,F:2/3,,shadow-screen,,YELLOW,
2026-07-22,BA,0,204.8,CAUTION,195.94,205.94,217.965,16.86,WHITE,1,1,0,BREAKDOWN,0,0,0,0,17,fails,0,G2 trend;G3 leader;G4 basis,F:2/3,,shadow-screen,,YELLOW,
2026-07-22,BAC,0,61.22,ACCUMULATE,60.12,63.19,52.0558,96.66,RED,4,8,1,BREAKOUT,0,0,0,1,53,fails,0,G3 leader,F:2/3,,shadow-screen,,NEUTRAL,
2026-07-22,BE,0,226.26,HOLD,205.65,216.14,278.421,52.05,RED,3,59,1,INSIDE,0,1,0,0,64,fails,0,G4 basis,F:2/3,,shadow-screen,,YELLOW,
2026-07-22,BKNG,0,179.4,BOTTOMING,175.8,184.77,168.127,65.37,WHITE,0,27,0,BREAKOUT,0,0,0,1,27,fails,0,G2 trend;G3 leader,F:2/3,,shadow-screen,,YELLOW,
2026-07-22,BSX,0,43.19,CAUTION,,,44.6055,4.42,WHITE,0,34,0,,0,0,0,0,17,fails,0,G2 trend;G3 leader;G4 basis,F:3/3,,shadow-screen,,NEUTRAL,
2026-07-22,C,0,132.84,ACCUMULATE,130.21,136.85,129.204,70.65,RED,3,19,1,BREAKOUT,1,1,0,1,63,STARTER,1,,F:2/3,,shadow-screen,,YELLOW,
2026-07-22,CAT,0,889.97,ACCUMULATE,869.34,913.7,887.084,61.26,RED,3,57,1,BREAKOUT,0,0,0,1,69,STARTER,1,,F:2/3,,shadow-screen,,YELLOW,
2026-07-22,CAVA,0,63.69,CAUTION,61.84,65,79.8304,16.74,WHITE,1,1,0,,0,0,0,1,25,fails,0,G2 trend;G3 leader;G4 basis,F:3/3,,owner-request,,YELLOW,
2026-07-22,CBRS,0,208.57,CAUTION,200.88,211.13,218.132,38.44,WHITE,0,11,0,,0,0,0,0,22,fails,0,G2 trend;G3 leader;G4 basis;G5 data,F:—,,shadow-screen,,RED,
2026-07-22,CDE,0,15.3,CAUTION,14.48,15.22,16.2809,11.65,WHITE,0,8,0,BREAKDOWN,0,0,0,0,27,fails,0,G2 trend;G4 basis,F:2/3,,owner-request,,YELLOW,
2026-07-22,CEG,0,262.22,BOTTOMING,246.85,259.45,270.626,27.88,WHITE,0,26,0,BREAKOUT,0,0,0,0,32,fails,0,G2 trend;G3 leader;G4 basis,F:2/3,,shadow-screen,,RED,
2026-07-22,CIEN,0,408.73,ACCUMULATE,397.22,417.49,440.28,46.46,RED,3,1,1,BREAKDOWN,0,0,0,1,67,fails,0,G4 basis,F:3/3,,shadow-screen,,YELLOW,
2026-07-22,COHR,0,317.22,ACCUMULATE,307.88,323.59,252.107,55.07,RED,3,1,1,BREAKDOWN,1,0,1,1,68,STARTER,1,,F:2/3,,shadow-screen,,NEUTRAL,
2026-07-22,COIN,0,175.85,BOTTOMING,160.8,169.01,164.086,39.94,WHITE,0,34,0,BREAKOUT,0,0,0,0,32,fails,0,G2 trend;G3 leader,F:1/2,,shadow-screen,,RED,
2026-07-22,COST,0,929.22,CAUTION,908.34,954.68,955.627,21.82,WHITE,1,3,0,BREAKDOWN,0,0,0,1,13,fails,0,G2 trend;G3 leader;G4 basis,F:2/3,,owner-request,,NEUTRAL,
2026-07-22,CRCL,0,71.08,CAUTION,68.23,71.71,82.0741,22.46,WHITE,0,7,0,BREAKDOWN,0,0,0,1,22,fails,0,G2 trend;G3 leader;G4 basis,F:2/2,,shadow-screen,,RED,
2026-07-22,CRDO,0,223.87,ACCUMULATE,215.09,226.07,247.119,65.01,RED,4,14,1,,0,0,0,1,78,fails,0,G4 basis,F:3/3,7,owner-request,10,YELLOW,7
2026-07-22,CRM,0,170.06,CAUTION,166.42,174.91,183.972,31.66,WHITE,0,71,0,,0,0,0,1,13,fails,0,G2 trend;G3 leader;G4 basis,F:2/3,,owner-request,,RED,
2026-07-22,CRWD,0,191.15,ACCUMULATE,185.36,194.82,106.509,90.63,RED,4,11,1,BREAKOUT,0,0,0,1,68,STARTER,1,,F:2/2,13,owner-request,13,YELLOW,6
2026-07-22,CRWV,0,79.58,CAUTION,78.6,82.61,117.292,16.81,WHITE,0,2,0,BREAKDOWN,0,0,0,1,18,fails,0,G2 trend;G3 leader;G4 basis,F:2/2,,shadow-screen,,YELLOW,
2026-07-22,CSCO,0,112.18,ACCUMULATE,110.15,115.77,77.9846,58.05,RED,3,65,1,,0,0,0,1,63,STARTER,1,,F:2/3,,shadow-screen,,YELLOW,
2026-07-22,CSPX,1,805.94,ACCUMULATE,796.06,836.67,812.305,84.52,RED,3,16,1,BREAKOUT,0,1,0,1,55,fails,0,G3 leader;G4 basis,F:—,17,holding,6,YELLOW,17
2026-07-22,CVX,0,191.07,ACCUMULATE,186.04,195.53,189.832,81.52,RED,3,2,1,BREAKOUT,0,0,0,0,48,fails,0,G3 leader,F:1/3,,shadow-screen,,RED,
2026-07-22,D05,0,72.7,ACCUMULATE,71.12,74.75,57.288,98.71,RED,4,66,1,BREAKOUT,0,0,0,0,75,CONVICTION,1,,F:—,12,owner-request,21,RED,12
2026-07-22,DDOG,1,254.79,HOLD,227.86,239.49,127.455,86.45,RED,4,12,1,BREAKOUT,0,0,1,0,72,STARTER,1,,F:2/2,,holding,,YELLOW,
2026-07-22,DELL,0,404.15,HOLD,237.25,249.35,118.395,73.36,RED,4,21,1,BREAKOUT,0,0,0,0,69,STARTER,1,,F:2/2,,shadow-screen,,YELLOW,
2026-07-22,DRAM,1,58.85,CAUTION,56.5,59.38,60.41,40.72,RED,3,16,0,,1,1,1,1,49,fails,0,G2 trend;G4 basis;G5 data,F:—,,holding,,NEUTRAL,
2026-07-22,DUOL,0,124.71,CAUTION,96.87,101.82,98.8507,63.39,WHITE,0,50,0,,0,0,0,0,30,fails,0,G2 trend;G3 leader,F:2/2,,owner-request,,YELLOW,
2026-07-22,ETHA,0,14.53,CAUTION,12.98,13.65,16.0445,28.59,WHITE,0,34,0,BREAKDOWN,0,0,1,0,25,fails,0,G2 trend;G3 leader;G4 basis,F:0/2,,owner-request,,RED,
2026-07-22,ETN,0,402.95,HOLD,367.7,386.46,406.625,66.58,RED,3,20,1,,0,0,0,0,47,fails,0,G3 leader;G4 basis,F:3/3,,shadow-screen,,YELLOW,
2026-07-22,FCX,0,62.56,ACCUMULATE,60.17,63.24,61.3992,65.72,RED,3,1,1,BREAKDOWN,1,1,0,1,62,STARTER,1,,F:2/3,,shadow-screen,,RED,
2026-07-22,GE,0,340.7,HOLD,311.8,327.71,283.601,75.14,RED,4,9,1,BREAKDOWN,0,1,0,0,48,fails,0,G3 leader,F:3/3,,shadow-screen,,YELLOW,
2026-07-22,GEV,0,1078.81,ACCUMULATE,1044.02,1097.29,1065.33,82.89,RED,3,68,1,BREAKOUT,0,0,0,1,74,STARTER,1,,F:2/3,,shadow-screen,,NEUTRAL,
2026-07-22,GLW,0,162.41,ACCUMULATE,156.62,164.61,188.579,41.39,RED,3,1,1,BREAKDOWN,0,0,0,1,59,fails,0,G4 basis,F:3/3,,shadow-screen,,YELLOW,
2026-07-22,GOOG,1,346.19,ACCUMULATE,332.15,349.1,360.33,57.93,RED,3,17,1,,0,0,0,0,50,fails,0,G1 size;G4 basis,F:2/2,10,holding,20,YELLOW,18
2026-07-22,GOOGL,0,347.15,ACCUMULATE,340.67,358.05,363.885,58.38,RED,3,17,1,,1,0,1,1,50,fails,0,G1 size;G4 basis,F:2/2,,shadow-screen,,YELLOW,
2026-07-22,GRAB,0,3.5,CAUTION,3.55,3.73,3.6237,23.29,WHITE,0,29,0,INSIDE,0,0,0,1,25,fails,0,G2 trend;G3 leader;G4 basis,F:2/2,,owner-request,,YELLOW,
2026-07-22,GS,0,1085.56,ACCUMULATE,1062.94,1117.17,931.302,90.06,RED,4,17,1,BREAKOUT,0,0,0,1,63,STARTER,1,,F:2/2,,shadow-screen,,NEUTRAL,
2026-07-22,HD,0,331.6,CAUTION,321.34,337.73,348.297,36.68,WHITE,0,21,0,BREAKDOWN,0,0,0,0,17,fails,0,G2 trend;G3 leader;G4 basis,F:2/3,,shadow-screen,,YELLOW,
2026-07-22,HIMS,0,32.73,ACCUMULATE,32.22,33.86,24.0908,67.45,RED,3,4,1,BREAKDOWN,0,0,0,1,55,fails,0,G3 leader,F:2/2,21,owner-request,19,YELLOW,19
2026-07-22,HON,0,229.86,PULLBACK,219.56,230.77,224.045,52,AMBER,2,4,1,,1,0,1,1,32,fails,0,G2 trend;G3 leader,F:2/3,,shadow-screen,,RED,
2026-07-22,HOOD,0,106.36,ACCUMULATE,103.35,108.62,76.046,72.81,RED,3,4,1,BREAKOUT,0,0,0,1,48,fails,0,G3 leader,F:2/2,20,owner-request,18,YELLOW,21
2026-07-22,IBIT,0,37.67,CAUTION,37.24,39.14,35.9225,32.62,WHITE,0,36,0,BREAKDOWN,1,1,1,0,23,fails,0,G2 trend;G3 leader,F:0/2,,owner-request,,RED,
2026-07-22,IBM,0,210.5,CAUTION,,,218.97,1.97,WHITE,0,2,0,,0,1,0,0,9,fails,0,G2 trend;G3 leader;G4 basis,F:2/3,,shadow-screen,,YELLOW,
2026-07-22,ICE,0,138.67,CAUTION,134.14,140.98,140.234,25.82,WHITE,0,24,0,BREAKDOWN,1,1,0,1,17,fails,0,G2 trend;G3 leader;G4 basis,F:2/3,,owner-request,,RED,
2026-07-22,INTC,0,105.45,HOLD,44.3,46.56,45.2035,58.07,RED,3,49,1,,0,0,0,0,60,fails,0,G1 size,F:1/3,,owner-request,,NEUTRAL,
2026-07-22,INTU,0,289.92,CAUTION,272.98,286.9,264.525,32,WHITE,0,42,0,,0,0,0,0,22,fails,0,G2 trend;G3 leader,F:3/3,,shadow-screen,,RED,
2026-07-22,IONQ,0,35.51,BOTTOMING,34.63,36.4,50.3,17.37,WHITE,0,2,0,BREAKOUT,0,0,0,1,17,fails,0,G2 trend;G3 leader;G4 basis,F:1/3,,shadow-screen,,YELLOW,
2026-07-22,IOT,0,36.07,HOLD,32.93,34.61,31.8175,70.83,RED,3,3,1,,0,0,0,0,50,fails,0,G3 leader,F:2/2,,owner-request,,NEUTRAL,
2026-07-22,IREN,0,41.29,CAUTION,40.95,43.04,41.7894,27.8,WHITE,0,2,0,BREAKDOWN,0,0,0,1,33,fails,0,G2 trend;G4 basis,F:2/2,,shadow-screen,,RED,
2026-07-22,ISRG,0,350.06,CAUTION,,,403.484,3.35,WHITE,0,25,0,,0,1,0,0,17,fails,0,G2 trend;G3 leader;G4 basis,F:3/3,,shadow-screen,,YELLOW,
2026-07-22,JNJ,0,250.61,ACCUMULATE,239.33,251.54,230.268,84.6,RED,4,54,1,BREAKOUT,0,0,0,0,63,STARTER,1,,F:2/3,,shadow-screen,,YELLOW,
2026-07-22,JPM,0,345.23,HOLD,324.82,341.4,310.622,97.85,RED,4,8,1,BREAKOUT,0,1,0,0,44,fails,0,G3 leader,F:2/3,,owner-request,,NEUTRAL,
2026-07-22,KLAC,0,217.56,ACCUMULATE,214.75,225.71,146.195,69.15,RED,4,63,1,BREAKOUT,0,0,0,1,74,STARTER,1,,F:3/3,9,owner-request,12,YELLOW,10
2026-07-22,KO,0,81.97,ACCUMULATE,79.37,83.42,78.9962,83.18,RED,4,29,1,BREAKOUT,0,0,0,1,53,fails,0,G3 leader,F:2/3,,shadow-screen,,YELLOW,
2026-07-22,LIN,0,505.03,ACCUMULATE,487.07,511.92,513.674,60.62,RED,3,24,1,,0,0,0,0,52,fails,0,G3 leader;G4 basis,F:2/3,,shadow-screen,,YELLOW,
2026-07-22,LITE,0,837.56,HOLD,768.04,807.22,871.238,60.31,RED,3,60,1,BREAKOUT,0,0,1,0,74,fails,0,G4 basis,F:2/3,,shadow-screen,,RED,
2026-07-22,LLY,0,1175.41,ACCUMULATE,1127.8,1185.34,919.232,89.33,RED,4,11,1,,0,0,0,1,59,fails,1,,F:3/3,14,owner-request,14,NEUTRAL,14
2026-07-22,LRCX,0,322,ACCUMULATE,314.62,330.68,321.045,68.15,RED,3,60,1,BREAKOUT,1,1,0,1,74,STARTER,1,,F:3/3,4,owner-request,2,YELLOW,9
2026-07-22,MA,0,538.3,BOTTOMING,530.03,557.08,494.824,77.1,WHITE,1,28,1,BREAKOUT,0,0,0,1,33,fails,0,G2 trend;G3 leader,F:3/3,,owner-request,,RED,
2026-07-22,MCD,0,263.91,CAUTION,,,276.096,0.4,WHITE,0,17,0,,0,1,0,0,17,fails,0,G2 trend;G3 leader;G4 basis,F:2/3,,shadow-screen,,YELLOW,
2026-07-22,MCHP,0,83.38,ACCUMULATE,81.22,85.37,90.0586,46.17,RED,3,1,1,,0,0,0,1,42,fails,0,G3 leader;G4 basis,F:2/3,,shadow-screen,,YELLOW,
2026-07-22,MDB,1,307.65,CAUTION,294.03,309.03,322.776,38.46,AMBER,2,2,0,BREAKDOWN,0,0,1,0,17,fails,0,G2 trend;G3 leader;G4 basis,F:3/3,,holding,,YELLOW,
2026-07-22,META,0,643.81,BOTTOMING,598.15,628.67,610.358,64.7,WHITE,1,37,1,BREAKOUT,0,0,0,0,25,fails,0,G1 size;G2 trend;G3 leader,F:2/2,,owner-request,,RED,
2026-07-22,MPWR,0,1383.26,ACCUMULATE,1328,1395.76,1355.11,62.3,RED,3,58,1,BREAKOUT,1,1,0,1,73,STARTER,1,,F:3/3,,shadow-screen,,RED,
2026-07-22,MRK,0,126.26,HOLD,118.66,124.72,121.085,89.9,RED,4,38,1,,0,0,0,0,62,STARTER,1,,F:2/3,,shadow-screen,,NEUTRAL,
2026-07-22,MRVL,0,207.96,ACCUMULATE,201.15,211.42,89.2744,50.87,RED,3,22,1,,1,0,1,1,65,fails,0,G1 size,F:3/3,5,owner-request,3,YELLOW,2
2026-07-22,MS,0,216.4,ACCUMULATE,209.65,220.35,190.864,80.29,RED,4,17,1,BREAKOUT,0,0,0,1,67,STARTER,1,,F:2/3,,shadow-screen,,YELLOW,
2026-07-22,MSFT,0,397.75,CAUTION,389.32,409.18,371.614,45.09,WHITE,0,28,0,,1,0,1,1,10,fails,0,G1 size;G2 trend;G3 leader,F:3/3,,owner-request,,RED,
2026-07-22,MSTR,0,101.95,CAUTION,93.03,97.77,94.9249,21.82,WHITE,0,42,0,BREAKDOWN,0,1,0,0,18,fails,0,G2 trend;G3 leader,F:0/2,,shadow-screen,,RED,
2026-07-22,MU,1,970.82,ACCUMULATE,958.92,1007.85,415.428,76.39,RED,4,59,1,,0,0,0,1,70,fails,0,G1 size,F:3/3,1,holding,8,NEUTRAL,1
2026-07-22,NBIS,1,216.92,ACCUMULATE,213.35,224.23,96.2489,72.87,RED,3,25,1,BREAKOUT,1,1,0,1,79,CONVICTION,1,,F:2/2,2,holding,1,NEUTRAL,4
2026-07-22,NEE,0,87.93,PULLBACK,86.03,90.42,87.785,52.39,AMBER,2,1,1,BREAKDOWN,1,0,1,1,32,fails,0,G2 trend;G3 leader,F:2/3,,shadow-screen,,NEUTRAL,
2026-07-22,NET,0,272.31,ACCUMULATE,267.57,281.23,196.946,94.22,RED,4,15,1,,0,0,0,1,62,fails,0,G3 leader,F:2/2,15,owner-request,15,RED,8
2026-07-22,NFLX,0,68.67,CAUTION,66.47,69.86,73.72,5.42,WHITE,0,36,0,BREAKDOWN,1,1,0,1,9,fails,0,G2 trend;G3 leader;G4 basis,F:2/3,,owner-request,,YELLOW,
2026-07-22,NKE,0,42.96,CAUTION,43.18,45.38,44.0571,31.21,WHITE,0,42,0,BREAKDOWN,1,1,0,1,17,fails,0,G2 trend;G3 leader;G4 basis,F:2/3,,shadow-screen,,NEUTRAL,
2026-07-22,NOW,0,102.06,CAUTION,100.51,105.64,102.561,40.62,WHITE,0,52,0,,0,0,0,1,13,fails,0,G2 trend;G3 leader;G4 basis,F:2/3,,shadow-screen,,YELLOW,
2026-07-22,NVDA,1,207.29,ACCUMULATE,197.71,207.79,182.93,72.98,RED,3,4,1,BREAKOUT,0,0,0,1,40,fails,0,G1 size;G3 leader,F:3/3,16,holding,16,RED,15
2026-07-22,NVO,0,49.38,BOTTOMING,46.88,49.27,44.0682,70.89,RED,3,1,0,BREAKOUT,0,0,0,0,47,fails,0,G2 trend;G3 leader,F:—,,owner-request,,YELLOW,
2026-07-22,NXPI,0,273.15,HOLD,232.14,243.99,294.045,46.83,RED,3,13,1,,0,0,0,0,42,fails,0,G3 leader;G4 basis,F:2/3,,shadow-screen,,YELLOW,
2026-07-22,ON,0,91.06,ACCUMULATE,88.53,93.05,93.8008,47.3,RED,3,33,1,BREAKOUT,1,1,0,1,62,fails,0,G4 basis,F:2/3,,shadow-screen,,YELLOW,
2026-07-22,ONON,0,37.24,BOTTOMING,36.77,38.64,35.8967,42.93,WHITE,0,21,0,BREAKOUT,0,0,0,1,25,fails,0,G2 trend;G3 leader,F:1/1,,owner-request,,NEUTRAL,
2026-07-22,ORCL,0,127.05,CAUTION,,,142.7,4.89,WHITE,0,5,0,BREAKDOWN,0,1,0,0,5,fails,0,G1 size;G2 trend;G3 leader;G4 basis,F:3/3,,owner-request,,YELLOW,
2026-07-22,PANW,0,342.15,HOLD,284.44,298.95,166.616,91.95,RED,4,11,1,,0,0,0,0,68,STARTER,1,,F:2/3,,owner-request,,YELLOW,
2026-07-22,PEP,0,135,CAUTION,128.16,134.7,142.322,4.32,WHITE,0,9,0,BREAKDOWN,0,1,0,0,17,fails,0,G2 trend;G3 leader;G4 basis,F:2/3,,shadow-screen,,YELLOW,
2026-07-22,PFE,0,24.94,CAUTION,24.67,25.92,25.169,33.06,WHITE,0,6,0,BREAKDOWN,0,0,0,1,17,fails,0,G2 trend;G3 leader;G4 basis,F:2/3,,shadow-screen,,RED,
2026-07-22,PG,0,148.1,CAUTION,145.66,153.09,144.267,50.27,WHITE,1,1,0,,0,0,0,1,22,fails,0,G2 trend;G3 leader,F:2/3,,shadow-screen,,YELLOW,
2026-07-22,PLTR,1,132.66,CAUTION,113.64,119.44,134.44,30.49,WHITE,0,24,0,,0,0,0,0,5,fails,0,G1 size;G2 trend;G3 leader;G4 basis,F:2/2,,holding,,RED,
2026-07-22,QCOM,0,173.5,BOTTOMING,169.96,178.64,131.179,37.04,AMBER,2,2,0,BREAKOUT,0,0,0,1,14,fails,0,G2 trend;G3 leader,F:3/3,,owner-request,,YELLOW,
2026-07-22,QQQ,0,708.97,HOLD,658.98,692.6,602.393,70.93,RED,3,16,1,BREAKDOWN,0,0,0,0,40,fails,0,G1 size;G3 leader,F:—,,owner-request,,YELLOW,
2026-07-22,RBLX,0,52.5,CAUTION,45.96,48.31,46.9007,40.65,WHITE,0,33,0,BREAKDOWN,0,0,0,0,25,fails,0,G2 trend;G3 leader,F:2/2,,owner-request,,YELLOW,
2026-07-22,RDDT,0,185.84,HOLD,167.98,176.55,142.753,71.98,RED,3,3,1,BREAKOUT,0,0,0,0,52,fails,0,G3 leader,F:2/2,,shadow-screen,,YELLOW,
2026-07-22,RKLB,0,69.12,CAUTION,66.65,70.05,68.0144,25.45,AMBER,2,3,0,BREAKDOWN,0,0,0,1,18,fails,0,G2 trend;G3 leader,F:1/3,,owner-request,,YELLOW,
2026-07-22,RTX,0,193.67,ACCUMULATE,184.59,194,176.191,64.47,RED,4,6,1,BREAKOUT,0,0,0,0,52,fails,0,G3 leader,F:2/3,,shadow-screen,,YELLOW,
2026-07-22,SCHW,0,99.96,HOLD,90.8,95.44,92.6562,81.36,RED,4,3,1,,0,0,0,0,47,fails,0,G3 leader,F:3/3,,shadow-screen,,YELLOW,
2026-07-22,SE,0,106.26,BOTTOMING,104.12,109.44,89.3319,62.54,WHITE,1,36,0,BREAKOUT,0,0,0,1,30,fails,0,G2 trend;G3 leader,F:2/2,,owner-request,,NEUTRAL,
2026-07-22,SHOP,0,123.03,BOTTOMING,115.74,121.65,112.82,64.44,WHITE,1,24,0,BREAKOUT,0,0,0,0,27,fails,0,G2 trend;G3 leader,F:2/2,,owner-request,,RED,
2026-07-22,SMCI,0,25.5,CAUTION,21.4,22.49,30.7939,11.72,WHITE,0,6,0,BREAKDOWN,0,0,0,0,17,fails,0,G2 trend;G3 leader;G4 basis,F:3/3,,shadow-screen,,YELLOW,
2026-07-22,SNDK,0,1589.4,ACCUMULATE,1518.81,1596.3,638.592,75,RED,3,58,1,BREAKOUT,1,1,0,1,75,fails,0,G1 size,F:3/3,,shadow-screen,,YELLOW,
2026-07-22,SNOW,0,271.73,HOLD,257.03,270.14,237.448,96.37,RED,4,7,1,BREAKOUT,0,0,0,0,58,fails,0,G3 leader,F:3/3,,owner-request,,NEUTRAL,
2026-07-22,SOFI,0,17.64,BOTTOMING,17.3,18.18,17.654,42.78,WHITE,0,23,0,BREAKOUT,0,0,0,1,13,fails,0,G2 trend;G3 leader;G4 basis,F:2/3,,owner-request,,YELLOW,
2026-07-22,SPCX,0,123.54,CAUTION,,,158.974,2.29,WHITE,0,3,0,,0,0,0,0,10,fails,0,G1 size;G2 trend;G3 leader;G4 basis;G5 data,F:—,,shadow-screen,,YELLOW,
2026-07-22,STX,0,891.83,ACCUMULATE,866.65,910.87,408.74,79.39,RED,3,62,1,BREAKOUT,1,1,0,1,74,STARTER,1,,F:3/3,,shadow-screen,,NEUTRAL,
2026-07-22,T,0,22.26,CAUTION,21.51,22.61,22.4962,30.59,WHITE,0,14,0,BREAKDOWN,1,1,0,1,13,fails,0,G2 trend;G3 leader;G4 basis,F:2/3,,shadow-screen,,RED,
2026-07-22,TER,0,374.04,ACCUMULATE,369.56,388.41,366.545,69.12,RED,3,50,1,BREAKOUT,0,0,0,1,78,CONVICTION,1,,F:2/3,,shadow-screen,,NEUTRAL,
2026-07-22,TMDX,0,74.29,CAUTION,73.36,77.1,69.2769,40.96,WHITE,0,18,0,INSIDE,0,0,0,1,30,fails,0,G2 trend;G3 leader,F:3/3,,owner-request,,RED,
2026-07-22,TMO,0,523.46,PULLBACK,498.41,523.84,472.719,73.44,AMBER,2,1,1,BREAKOUT,0,0,0,1,47,fails,0,G2 trend;G3 leader,F:2/3,,shadow-screen,,YELLOW,
2026-07-22,TMUS,0,190.77,CAUTION,183.08,192.42,186.813,42.38,WHITE,0,45,0,,0,0,0,1,22,fails,0,G2 trend;G3 leader,F:2/3,,shadow-screen,,RED,
2026-07-22,TOST,0,30.37,BOTTOMING,27.55,28.95,28.1072,77.62,WHITE,1,42,0,BREAKOUT,0,0,0,0,30,fails,0,G2 trend;G3 leader,F:2/2,,owner-request,,RED,
2026-07-22,TSLA,1,378.93,CAUTION,370.51,389.41,397.921,26.93,WHITE,0,5,0,BREAKDOWN,0,0,0,1,5,fails,0,G1 size;G2 trend;G3 leader;G4 basis,F:1/3,,holding,,YELLOW,
2026-07-22,TSM,1,424.61,ACCUMULATE,412.88,433.95,435.295,73.82,RED,3,60,1,,1,1,0,1,60,fails,0,G1 size;G4 basis,F:3/3,11,holding,5,NEUTRAL,13
2026-07-22,TXN,0,291.3,ACCUMULATE,286.83,301.47,292.688,63.62,RED,3,16,1,,0,0,0,1,53,fails,0,G3 leader;G4 basis,F:3/3,,shadow-screen,,YELLOW,
2026-07-22,UBER,0,71.55,BOTTOMING,64.75,68.06,73.5988,22.55,WHITE,0,32,0,BREAKOUT,0,0,0,0,27,fails,0,G2 trend;G3 leader;G4 basis,F:3/3,,owner-request,,YELLOW,
2026-07-22,UNH,0,436.35,ACCUMULATE,415.92,437.14,289.068,96.93,RED,4,12,1,BREAKOUT,0,0,0,1,78,CONVICTION,1,,F:3/3,,shadow-screen,,NEUTRAL,
2026-07-22,V,0,355.82,ACCUMULATE,349.13,366.94,329.468,90.43,RED,4,4,1,,0,0,0,1,44,fails,0,G3 leader,F:2/2,19,owner-request,17,RED,16
2026-07-22,VRT,0,304.5,ACCUMULATE,300.91,316.26,307.051,64.97,RED,3,59,1,,0,0,0,1,73,fails,0,G4 basis,F:3/3,8,owner-request,11,NEUTRAL,5
2026-07-22,VZ,0,43.78,CAUTION,41.84,43.97,47.4975,39.38,WHITE,1,3,0,BREAKDOWN,1,1,0,1,17,fails,0,G2 trend;G3 leader;G4 basis,F:2/3,,shadow-screen,,RED,
2026-07-22,WDC,0,548.39,HOLD,520.4,546.95,284.844,75.89,RED,3,60,1,BREAKOUT,0,1,0,0,65,fails,0,G1 size,F:3/3,,shadow-screen,,NEUTRAL,
2026-07-22,WFC,0,87.74,ACCUMULATE,85.34,89.69,81.3511,86.59,RED,3,3,1,BREAKOUT,0,0,0,1,52,fails,0,G3 leader,F:2/3,,shadow-screen,,NEUTRAL,
2026-07-22,WMT,0,110.39,CAUTION,100.68,105.82,118.748,15.24,WHITE,0,3,0,BREAKDOWN,0,1,0,0,13,fails,0,G2 trend;G3 leader;G4 basis,F:2/3,,shadow-screen,,NEUTRAL,
2026-07-22,XOM,0,151.71,ACCUMULATE,146.99,154.49,149.994,72.23,RED,3,2,1,BREAKOUT,1,1,1,0,68,STARTER,1,,F:—,,shadow-screen,,RED,
2026-07-22,ZETA,0,21.19,HOLD,19.19,20.17,18.4446,76.69,RED,4,9,1,,0,0,0,0,55,fails,0,G3 leader,F:2/2,,shadow-screen,,YELLOW,
2026-07-22,ZS,0,148.72,CAUTION,146.25,153.71,127.394,59.05,WHITE,0,33,0,,1,0,1,1,25,fails,0,G2 trend;G3 leader,F:3/3,,owner-request,,RED,
2026-07-23,0700,0,450,CAUTION,429.12,451.01,466.711,21.81,WHITE,0,23,0,,0,0,0,0,5,fails,0,G1 size;G2 trend;G3 leader;G4 basis,F:—,,owner-request,,YELLOW,
2026-07-23,1810,0,27,CAUTION,25.29,26.58,25.8019,28.9,WHITE,0,41,0,BREAKDOWN,0,0,0,0,10,fails,0,G1 size;G2 trend;G3 leader,F:—,,owner-request,,RED,
2026-07-23,3690,0,88.15,CAUTION,82.13,86.32,77.8804,69.56,WHITE,1,66,0,,0,0,0,0,19,fails,0,G2 trend;G3 leader,F:—,,owner-request,,RED,
2026-07-23,9992,1,163.3,CAUTION,151.17,158.89,154.259,44.2,WHITE,0,21,0,INSIDE,0,0,0,0,23,fails,0,G2 trend;G3 leader,F:—,,holding,,RED,
2026-07-23,AAL,0,14.79,HOLD,13.7,14.4,15.829,48.31,RED,4,9,1,BREAKOUT,0,1,0,0,38,fails,0,G3 leader;G4 basis,F:2/3,,shadow-screen,,YELLOW,
2026-07-23,AAOI,0,110.52,PULLBACK,95.31,100.18,170.785,32.28,AMBER,2,2,1,BREAKDOWN,0,0,0,0,52,fails,0,G2 trend;G4 basis,F:1/3,,shadow-screen,,NEUTRAL,
2026-07-23,AAPL,1,325.89,HOLD,305.05,320.61,311.273,95.45,RED,4,17,1,BREAKOUT,0,0,0,0,55,fails,0,G1 size,F:2/3,,holding,,RED,
2026-07-23,ABBV,0,253.3,ACCUMULATE,244.3,256.76,225.872,92.74,RED,4,7,1,BREAKOUT,0,0,0,1,58,fails,1,,F:2/3,,shadow-screen,,NEUTRAL,
2026-07-23,ABT,0,100.57,CAUTION,98.4,103.42,88.7909,61.58,WHITE,0,39,0,,0,0,0,1,27,fails,0,G2 trend;G3 leader,F:2/3,,shadow-screen,,RED,
2026-07-23,ACN,0,140.09,CAUTION,136.56,143.53,126.877,35.06,WHITE,0,26,0,BREAKDOWN,0,0,0,1,22,fails,0,G2 trend;G3 leader,F:1/2,,shadow-screen,,NEUTRAL,
2026-07-23,ADBE,0,218.36,CAUTION,196.72,206.75,243.185,23.4,WHITE,0,85,0,,0,0,0,0,17,fails,0,G2 trend;G3 leader;G4 basis,F:3/3,,owner-request,,NEUTRAL,
2026-07-23,ADI,0,386.73,ACCUMULATE,374.48,393.59,392.536,51.89,RED,3,37,1,BREAKOUT,0,0,0,1,58,fails,0,G4 basis,F:3/3,,shadow-screen,,NEUTRAL,
2026-07-23,ALAB,0,330.895,HOLD,207.63,218.22,123.076,70,RED,4,14,1,,0,0,0,0,78,CONVICTION,1,,F:3/3,,owner-request,,YELLOW,
2026-07-23,AMAT,0,553.92,HOLD,432.78,454.86,586.461,69.52,RED,4,45,1,BREAKOUT,0,0,0,0,60,fails,0,G1 size;G4 basis,F:2/3,,owner-request,,YELLOW,
2026-07-23,AMD,1,552.33,HOLD,523.24,549.94,215.827,97.45,RED,4,19,1,BREAKOUT,0,0,0,0,65,fails,0,G1 size,F:3/3,,holding,,NEUTRAL,
2026-07-23,AMZN,0,244.85,ACCUMULATE,233.55,245.46,246.526,62.39,RED,3,4,1,BREAKDOWN,0,0,1,0,35,fails,0,G1 size;G3 leader;G4 basis,F:3/3,14,owner-request,13,NEUTRAL,15
2026-07-23,ANET,0,174.87,HOLD,166.06,174.54,142.771,91.23,RED,4,15,1,BREAKOUT,0,0,1,0,67,STARTER,1,,F:3/3,,owner-request,,NEUTRAL,
2026-07-23,APH,0,157.51,HOLD,144.19,151.55,147.137,83.61,RED,4,9,1,BREAKOUT,0,0,0,0,62,STARTER,1,,F:3/3,,shadow-screen,,NEUTRAL,
2026-07-23,APP,0,412.48,CAUTION,378.85,398.18,466.365,18.23,WHITE,0,2,0,BREAKDOWN,0,0,0,0,13,fails,0,G2 trend;G3 leader;G4 basis,F:2/2,,owner-request,,YELLOW,
2026-07-23,ARM,0,283.4,HOLD,206.46,216.99,210.673,59.62,RED,3,16,1,,0,0,0,0,68,STARTER,1,,F:3/3,,owner-request,,YELLOW,
2026-07-23,ASML,0,1801.86,ACCUMULATE,1752.77,1842.19,1788.54,80.45,RED,4,49,1,,1,1,0,1,74,STARTER,1,,F:1/1,4,owner-request,4,NEUTRAL,5
2026-07-23,ASTS,0,61.95,CAUTION,56.32,59.2,86.0499,14.58,WHITE,0,2,0,BREAKDOWN,0,0,0,0,17,fails,0,G2 trend;G3 leader;G4 basis,F:0/2,,owner-request,,YELLOW,
2026-07-23,AVGO,0,396.81,ACCUMULATE,383.25,402.81,379.737,72.98,RED,3,3,1,INSIDE,0,0,0,1,45,fails,0,G1 size;G3 leader,F:3/3,,shadow-screen,,RED,
2026-07-23,AXON,0,491.49,CAUTION,425.31,447.01,393.819,55.1,WHITE,0,37,0,,0,0,0,0,22,fails,0,G2 trend;G3 leader,F:3/3,,owner-request,,YELLOW,
2026-07-23,AXP,0,348.74,ACCUMULATE,334.64,351.72,313.649,76.22,RED,3,4,1,BREAKOUT,0,0,0,0,52,fails,0,G3 leader,F:2/3,,shadow-screen,,YELLOW,
2026-07-23,AXTI,0,52.98,PULLBACK,52.72,55.41,53.7995,32.44,AMBER,2,4,1,,0,0,0,1,52,fails,0,G2 trend;G4 basis,F:0/3,,shadow-screen,,NEUTRAL,
2026-07-23,AZO,0,2972.45,CAUTION,2710.1,2848.37,3077.93,2.67,WHITE,0,23,0,BREAKDOWN,0,0,1,0,17,fails,0,G2 trend;G3 leader;G4 basis,F:2/3,,shadow-screen,,YELLOW,
2026-07-23,BA,0,208.65,CAUTION,203.51,213.89,217.965,21.9,WHITE,1,1,0,BREAKDOWN,0,0,0,1,17,fails,0,G2 trend;G3 leader;G4 basis,F:2/3,,shadow-screen,,YELLOW,
2026-07-23,BAC,0,61.62,ACCUMULATE,60.12,63.19,52.0558,97.56,RED,4,8,1,BREAKOUT,0,0,0,1,53,fails,0,G3 leader,F:2/3,,shadow-screen,,NEUTRAL,
2026-07-23,BE,0,218.22,ACCUMULATE,214.05,224.97,278.421,48.75,RED,3,59,1,BREAKDOWN,1,1,0,1,64,fails,0,G4 basis,F:2/3,,shadow-screen,,YELLOW,
2026-07-23,BKNG,0,177.86,BOTTOMING,168.9,177.52,168.127,57.05,WHITE,0,27,0,BREAKOUT,0,0,0,0,22,fails,0,G2 trend;G3 leader,F:2/3,,shadow-screen,,YELLOW,
2026-07-23,BSX,0,42.97,CAUTION,,,44.6055,4.55,WHITE,0,34,0,,0,0,0,0,17,fails,0,G2 trend;G3 leader;G4 basis,F:3/3,,shadow-screen,,NEUTRAL,
2026-07-23,C,0,132.25,ACCUMULATE,130.21,136.85,132.864,70.21,RED,3,19,1,BREAKOUT,1,1,0,1,58,fails,0,G4 basis,F:2/3,,shadow-screen,,YELLOW,
2026-07-23,CAT,0,889.31,ACCUMULATE,869.34,913.7,887.084,61.31,RED,3,57,1,BREAKOUT,0,0,0,1,69,STARTER,1,,F:2/3,,shadow-screen,,YELLOW,
2026-07-23,CAVA,0,62.35,CAUTION,61.84,65,79.8304,13.69,WHITE,1,1,0,,0,0,0,1,25,fails,0,G2 trend;G3 leader;G4 basis,F:3/3,,owner-request,,YELLOW,
2026-07-23,CBRS,0,209.8,CAUTION,200.88,211.13,218.132,39.27,WHITE,0,11,0,,0,0,0,0,22,fails,0,G2 trend;G3 leader;G4 basis;G5 data,F:—,,shadow-screen,,RED,
2026-07-23,CDE,0,15.84,CAUTION,14.48,15.22,16.2809,16.14,WHITE,0,8,0,BREAKDOWN,0,0,0,0,27,fails,0,G2 trend;G4 basis,F:2/3,,owner-request,,NEUTRAL,
2026-07-23,CEG,0,274.9,BOTTOMING,265.21,278.75,270.626,46.42,WHITE,0,26,0,BREAKOUT,0,0,0,0,37,fails,0,G2 trend;G3 leader,F:2/3,,shadow-screen,,RED,
2026-07-23,CIEN,0,397.16,PULLBACK,255.32,268.34,440.28,43.62,AMBER,2,2,1,BREAKDOWN,0,0,0,0,52,fails,0,G2 trend;G4 basis,F:3/3,,shadow-screen,,YELLOW,
2026-07-23,COHR,0,312.19,ACCUMULATE,307.88,323.59,252.107,53.27,RED,3,1,1,BREAKDOWN,1,0,1,1,68,STARTER,1,,F:2/3,,shadow-screen,,NEUTRAL,
2026-07-23,COIN,0,166.12,CAUTION,160.8,169.01,164.086,25.55,WHITE,0,34,0,INSIDE,0,0,0,1,27,fails,0,G2 trend;G3 leader,F:1/2,,shadow-screen,,RED,
2026-07-23,COST,0,927.31,CAUTION,908.34,954.68,955.627,22.31,WHITE,1,3,0,BREAKDOWN,0,0,0,1,13,fails,0,G2 trend;G3 leader;G4 basis,F:2/3,,owner-request,,NEUTRAL,
2026-07-23,CRCL,0,66.16,CAUTION,62.12,65.29,82.0741,14.57,WHITE,0,7,0,BREAKDOWN,0,0,0,0,22,fails,0,G2 trend;G3 leader;G4 basis,F:2/2,,shadow-screen,,RED,
2026-07-23,CRDO,0,228.27,HOLD,215.09,226.07,247.119,67.93,RED,4,14,1,,0,0,0,0,73,fails,0,G4 basis,F:3/3,,owner-request,,NEUTRAL,
2026-07-23,CRM,0,163,CAUTION,148.58,156.17,183.972,15.96,WHITE,0,71,0,,0,0,0,0,13,fails,0,G2 trend;G3 leader;G4 basis,F:2/3,,owner-request,,NEUTRAL,
2026-07-23,CRWD,0,188.42,ACCUMULATE,185.36,194.82,106.509,87.13,RED,4,11,1,BREAKOUT,0,0,0,1,68,STARTER,1,,F:2/2,8,owner-request,10,YELLOW,3
2026-07-23,CRWV,0,82.64,CAUTION,81.1,85.24,117.292,21.87,WHITE,1,2,0,BREAKDOWN,0,0,0,1,18,fails,0,G2 trend;G3 leader;G4 basis,F:2/2,,shadow-screen,,NEUTRAL,
2026-07-23,CSCO,0,112.21,ACCUMULATE,110.15,115.77,77.9846,57.76,RED,3,65,1,,0,0,0,1,63,STARTER,1,,F:2/3,,shadow-screen,,YELLOW,
2026-07-23,CSPX,1,808.04,ACCUMULATE,796.06,836.67,812.305,84.32,RED,4,16,1,BREAKOUT,0,1,0,1,55,fails,0,G3 leader;G4 basis,F:—,13,holding,8,YELLOW,12
2026-07-23,CVX,0,192.98,ACCUMULATE,186.04,195.53,189.832,85.38,RED,3,2,1,BREAKOUT,0,0,0,1,48,fails,0,G3 leader,F:1/3,,shadow-screen,,RED,
2026-07-23,D05,0,73.31,ACCUMULATE,70.84,74.45,57.3599,99.59,RED,4,66,1,BREAKOUT,0,0,0,0,75,CONVICTION,1,,F:—,7,owner-request,16,RED,7
2026-07-23,DDOG,1,245.77,HOLD,227.86,239.49,127.455,81.9,RED,4,12,1,BREAKOUT,0,0,1,0,67,STARTER,1,,F:2/2,,holding,,YELLOW,
2026-07-23,DELL,0,441.8,HOLD,404.82,425.47,118.395,94.06,RED,4,21,1,BREAKOUT,0,0,0,0,69,STARTER,1,,F:2/2,,shadow-screen,,NEUTRAL,
2026-07-23,DRAM,1,57.77,CAUTION,56.5,59.38,60.41,36.93,RED,3,16,0,,1,1,1,1,49,fails,0,G2 trend;G4 basis;G5 data,F:—,,holding,,YELLOW,
2026-07-23,DUOL,0,119.51,CAUTION,96.87,101.82,98.8507,58.08,WHITE,0,50,0,,0,0,0,0,25,fails,0,G2 trend;G3 leader,F:2/2,,owner-request,,YELLOW,
2026-07-23,ETHA,0,14.52,CAUTION,12.98,13.65,14.754,28.29,WHITE,0,34,0,BREAKDOWN,0,0,1,0,25,fails,0,G2 trend;G3 leader;G4 basis,F:0/2,,owner-request,,RED,
2026-07-23,ETN,0,406.91,ACCUMULATE,398.49,418.82,406.625,78,RED,3,20,1,,0,0,0,1,62,fails,0,G3 leader,F:3/3,,shadow-screen,,NEUTRAL,
2026-07-23,FCX,0,65,HOLD,60.17,63.24,61.3992,81.87,RED,3,1,1,BREAKDOWN,0,1,0,0,57,fails,1,,F:2/3,,shadow-screen,,RED,
2026-07-23,GE,0,341.19,HOLD,311.8,327.71,283.601,74.45,RED,4,9,1,BREAKDOWN,0,1,0,0,48,fails,0,G3 leader,F:3/3,,shadow-screen,,YELLOW,
2026-07-23,GEV,0,985.03,ACCUMULATE,938.09,985.95,1065.33,56.72,RED,3,68,1,INSIDE,0,0,0,0,69,fails,0,G4 basis,F:2/3,,shadow-screen,,YELLOW,
2026-07-23,GLW,0,154.06,PULLBACK,128.44,134.99,188.579,34.43,AMBER,2,2,1,BREAKDOWN,0,0,0,0,44,fails,0,G2 trend;G4 basis,F:3/3,,shadow-screen,,YELLOW,
2026-07-23,GOOG,1,341.91,ACCUMULATE,337.39,354.61,360.33,54.51,RED,3,17,1,,0,0,0,1,50,fails,0,G1 size;G4 basis,F:2/2,5,holding,9,YELLOW,14
2026-07-23,GOOGL,0,342.09,ACCUMULATE,332.7,349.67,363.885,52.41,RED,3,17,1,,0,0,0,0,50,fails,0,G1 size;G4 basis,F:2/2,,shadow-screen,,YELLOW,
2026-07-23,GRAB,0,3.35,CAUTION,,,3.6237,2.68,WHITE,0,29,0,BREAKDOWN,0,0,0,0,20,fails,0,G2 trend;G3 leader;G4 basis,F:2/2,,owner-request,,YELLOW,
2026-07-23,GS,0,1098.2,ACCUMULATE,1062.94,1117.17,931.302,91.79,RED,4,17,1,BREAKOUT,0,0,0,1,63,STARTER,1,,F:2/2,,shadow-screen,,RED,
2026-07-23,HD,0,331.45,CAUTION,321.34,337.73,335.183,36.47,WHITE,0,21,0,BREAKDOWN,0,0,0,0,17,fails,0,G2 trend;G3 leader;G4 basis,F:2/3,,shadow-screen,,YELLOW,
2026-07-23,HIMS,0,31.68,HOLD,28.77,30.24,24.0908,64.58,RED,3,4,1,BREAKDOWN,0,0,0,0,50,fails,0,G3 leader,F:2/2,,owner-request,,YELLOW,
2026-07-23,HON,0,232.99,HOLD,219.56,230.77,224.045,56.76,RED,3,1,1,,0,0,1,0,42,fails,0,G3 leader,F:2/3,,shadow-screen,,RED,
2026-07-23,HOOD,0,104.48,ACCUMULATE,103.35,108.62,76.046,70.69,RED,3,4,1,BREAKOUT,0,0,0,1,48,fails,0,G3 leader,F:2/2,16,owner-request,15,YELLOW,16
2026-07-23,IBIT,0,37.34,CAUTION,36.83,38.71,35.9225,29.18,WHITE,0,36,0,BREAKDOWN,1,0,1,1,23,fails,0,G2 trend;G3 leader,F:0/2,,owner-request,,RED,
2026-07-23,IBM,0,205.77,CAUTION,,,218.97,0.5,WHITE,0,2,0,,0,1,0,0,9,fails,0,G2 trend;G3 leader;G4 basis,F:2/3,,shadow-screen,,YELLOW,
2026-07-23,ICE,0,142.53,CAUTION,137.43,144.44,140.234,38.31,WHITE,0,24,0,BREAKDOWN,1,1,0,1,22,fails,0,G2 trend;G3 leader,F:2/3,,owner-request,,RED,
2026-07-23,INTC,0,102.62,HOLD,44.3,46.56,45.2035,55.22,RED,3,49,1,,0,0,0,0,60,fails,0,G1 size,F:1/3,,owner-request,,YELLOW,
2026-07-23,INTU,0,284.47,CAUTION,272.98,286.9,264.525,28.47,WHITE,0,42,0,,0,0,0,1,22,fails,0,G2 trend;G3 leader,F:3/3,,shadow-screen,,NEUTRAL,
2026-07-23,IONQ,0,34.68,CAUTION,34.63,36.4,35.34,15.26,WHITE,0,2,0,INSIDE,0,0,0,1,22,fails,0,G2 trend;G3 leader;G4 basis,F:1/3,,shadow-screen,,YELLOW,
2026-07-23,IOT,0,33.33,CAUTION,32.93,34.61,31.8175,53.49,AMBER,2,1,0,,0,0,0,0,25,fails,0,G2 trend;G3 leader,F:2/2,,owner-request,,YELLOW,
2026-07-23,IREN,0,41.28,CAUTION,40.95,43.04,41.7894,27.75,WHITE,0,2,0,BREAKDOWN,0,0,0,1,33,fails,0,G2 trend;G4 basis,F:2/2,,shadow-screen,,RED,
2026-07-23,ISRG,0,340.69,CAUTION,,,403.484,0.04,WHITE,0,25,0,,0,1,0,0,17,fails,0,G2 trend;G3 leader;G4 basis,F:3/3,,shadow-screen,,YELLOW,
2026-07-23,JNJ,0,255.63,ACCUMULATE,248.8,261.49,230.268,92.64,RED,4,54,1,BREAKOUT,0,0,0,1,63,STARTER,1,,F:2/3,,shadow-screen,,NEUTRAL,
2026-07-23,JPM,0,348.21,ACCUMULATE,339.11,356.41,310.622,99.69,RED,4,8,1,BREAKOUT,0,1,0,1,49,fails,0,G3 leader,F:2/3,12,owner-request,7,RED,10
2026-07-23,KLAC,0,214.69,HOLD,184.78,194.2,146.195,67.43,RED,3,63,1,BREAKOUT,0,0,0,0,69,STARTER,1,,F:3/3,,owner-request,,YELLOW,
2026-07-23,KO,0,82.2,ACCUMULATE,79.37,83.42,78.9962,85.3,RED,4,29,1,BREAKOUT,0,0,0,1,53,fails,0,G3 leader,F:2/3,,shadow-screen,,YELLOW,
2026-07-23,LIN,0,508.67,ACCUMULATE,487.07,511.92,513.674,64.19,RED,3,24,1,,0,0,0,0,52,fails,0,G3 leader;G4 basis,F:2/3,,shadow-screen,,YELLOW,
2026-07-23,LITE,0,829.7,HOLD,768.04,807.22,871.238,57.8,RED,3,60,1,BREAKOUT,0,0,1,0,69,fails,0,G4 basis,F:2/3,,shadow-screen,,RED,
2026-07-23,LLY,0,1163.01,ACCUMULATE,1136.2,1194.17,1159.39,86.86,RED,4,11,1,,1,0,1,1,59,fails,1,,F:3/3,9,owner-request,6,YELLOW,11
2026-07-23,LRCX,0,319.29,ACCUMULATE,314.62,330.68,321.045,65.75,RED,3,60,1,BREAKOUT,1,1,0,1,69,fails,0,G4 basis,F:3/3,2,owner-request,2,YELLOW,4
2026-07-23,MA,0,531.98,BOTTOMING,511.46,537.56,494.824,69.21,WHITE,1,28,1,BREAKOUT,0,0,0,0,33,fails,0,G2 trend;G3 leader,F:3/3,,owner-request,,NEUTRAL,
2026-07-23,MCD,0,263.57,CAUTION,,,276.096,0.58,WHITE,0,17,0,,0,1,0,0,17,fails,0,G2 trend;G3 leader;G4 basis,F:2/3,,shadow-screen,,YELLOW,
2026-07-23,MCHP,0,85.02,ACCUMULATE,81.22,85.37,90.0586,49.41,RED,3,1,1,,0,0,0,1,42,fails,0,G3 leader;G4 basis,F:2/3,,shadow-screen,,NEUTRAL,
2026-07-23,MDB,1,304.97,CAUTION,294.03,309.03,322.776,36.85,AMBER,2,2,0,BREAKDOWN,0,0,1,0,17,fails,0,G2 trend;G3 leader;G4 basis,F:3/3,,holding,,YELLOW,
2026-07-23,META,0,627.17,BOTTOMING,598.15,628.67,610.358,53.49,WHITE,1,37,0,BREAKOUT,0,0,0,0,10,fails,0,G1 size;G2 trend;G3 leader,F:2/2,,owner-request,,NEUTRAL,
2026-07-23,MPWR,0,1398.45,HOLD,1328,1395.76,1355.11,63.63,RED,3,58,1,BREAKOUT,0,1,0,0,72,STARTER,1,,F:3/3,,shadow-screen,,RED,
2026-07-23,MRK,0,127.47,ACCUMULATE,124.91,131.28,121.085,94.05,RED,4,38,1,,0,0,0,1,67,STARTER,1,,F:2/3,,shadow-screen,,NEUTRAL,
2026-07-23,MRVL,0,210.99,ACCUMULATE,201.15,211.42,89.2744,51.81,RED,3,22,1,,1,0,1,1,65,fails,0,G1 size,F:3/3,3,owner-request,3,YELLOW,1
2026-07-23,MS,0,218.5,ACCUMULATE,209.65,220.35,190.864,83.72,RED,4,17,1,BREAKOUT,0,0,0,1,72,STARTER,1,,F:2/3,,shadow-screen,,NEUTRAL,
2026-07-23,MSFT,0,390.34,CAUTION,378.15,397.44,397.266,34.03,WHITE,0,28,0,,1,0,1,1,5,fails,0,G1 size;G2 trend;G3 leader;G4 basis,F:3/3,,owner-request,,NEUTRAL,
2026-07-23,MSTR,0,100.01,CAUTION,93.03,97.77,94.9249,22.03,WHITE,0,42,0,BREAKDOWN,0,0,0,0,18,fails,0,G2 trend;G3 leader,F:0/2,,shadow-screen,,RED,
2026-07-23,MU,1,959.48,HOLD,909.66,956.07,415.428,75.01,RED,4,59,1,,0,0,0,0,65,fails,0,G1 size,F:3/3,,holding,,NEUTRAL,
2026-07-23,NBIS,1,218.16,ACCUMULATE,213.35,224.23,96.2489,74.5,RED,3,25,1,BREAKOUT,1,1,0,1,79,CONVICTION,1,,F:2/2,1,holding,1,NEUTRAL,2
2026-07-23,NEE,0,89.41,ACCUMULATE,86.45,90.86,88.215,66.51,RED,3,5,1,INSIDE,1,0,1,1,57,fails,0,G3 leader,F:2/3,,shadow-screen,,RED,
2026-07-23,NET,0,268.98,HOLD,238.58,250.75,196.946,92.32,RED,4,15,1,,0,0,0,0,57,fails,0,G3 leader,F:2/2,,owner-request,,YELLOW,
2026-07-23,NFLX,0,68.53,CAUTION,66.47,69.86,73.72,5.36,WHITE,0,36,0,BREAKDOWN,1,1,0,1,9,fails,0,G2 trend;G3 leader;G4 basis,F:2/3,,owner-request,,YELLOW,
2026-07-23,NKE,0,42.21,CAUTION,,,44.0571,15.36,WHITE,0,42,0,BREAKDOWN,0,1,0,0,17,fails,0,G2 trend;G3 leader;G4 basis,F:2/3,,shadow-screen,,NEUTRAL,
2026-07-23,NOW,0,95.46,CAUTION,93.48,98.25,102.561,24.53,WHITE,0,52,0,,0,0,0,0,13,fails,0,G2 trend;G3 leader;G4 basis,F:2/3,,shadow-screen,,YELLOW,
2026-07-23,NVDA,1,212.06,ACCUMULATE,205.08,215.54,182.93,84.71,RED,3,4,1,BREAKOUT,0,0,0,1,40,fails,0,G1 size;G3 leader,F:3/3,11,holding,12,RED,9
2026-07-23,NVO,0,48.19,CAUTION,46.88,49.27,44.0682,64.56,WHITE,1,1,0,BREAKDOWN,0,0,0,0,30,fails,0,G2 trend;G3 leader,F:—,,owner-request,,YELLOW,
2026-07-23,NXPI,0,278.8,HOLD,232.14,243.99,294.045,53.93,RED,3,13,1,,0,0,0,0,47,fails,0,G3 leader;G4 basis,F:2/3,,shadow-screen,,NEUTRAL,
2026-07-23,ON,0,92.33,HOLD,59.69,62.73,93.8008,51.6,RED,3,33,1,BREAKOUT,0,0,0,0,57,fails,0,G4 basis,F:2/3,,shadow-screen,,RED,
2026-07-23,ONON,0,36.65,BOTTOMING,35.18,36.97,35.8967,33.4,WHITE,0,21,0,BREAKOUT,0,0,0,0,25,fails,0,G2 trend;G3 leader,F:1/1,,owner-request,,NEUTRAL,
2026-07-23,ORCL,0,125.84,CAUTION,123.56,129.86,142.7,3.12,WHITE,0,5,0,BREAKDOWN,1,1,0,1,5,fails,0,G1 size;G2 trend;G3 leader;G4 basis,F:3/3,,owner-request,,NEUTRAL,
2026-07-23,PANW,0,335.28,HOLD,284.44,298.95,166.616,89.64,RED,4,11,1,,0,0,0,0,63,STARTER,1,,F:2/3,,owner-request,,YELLOW,
2026-07-23,PEP,0,135.65,CAUTION,128.16,134.7,142.322,6.18,WHITE,0,9,0,BREAKDOWN,0,1,0,0,17,fails,0,G2 trend;G3 leader;G4 basis,F:2/3,,shadow-screen,,YELLOW,
2026-07-23,PFE,0,24.82,CAUTION,23.67,24.87,25.169,24.54,WHITE,0,6,0,BREAKDOWN,0,0,0,1,17,fails,0,G2 trend;G3 leader;G4 basis,F:2/3,,shadow-screen,,RED,
2026-07-23,PG,0,149.13,CAUTION,146.61,154.09,144.267,61.28,AMBER,2,2,0,,0,0,0,1,27,fails,0,G2 trend;G3 leader,F:2/3,,shadow-screen,,NEUTRAL,
2026-07-23,PLTR,1,124.57,CAUTION,113.64,119.44,134.44,14.86,WHITE,0,24,0,,0,0,0,0,5,fails,0,G1 size;G2 trend;G3 leader;G4 basis,F:2/2,,holding,,NEUTRAL,
2026-07-23,QCOM,0,175.63,BOTTOMING,169.96,178.64,131.179,39.04,AMBER,2,2,0,BREAKOUT,0,0,0,1,14,fails,0,G2 trend;G3 leader,F:3/3,,owner-request,,YELLOW,
2026-07-23,QQQ,0,705.35,HOLD,658.98,692.6,602.393,66.48,RED,3,16,1,BREAKDOWN,0,0,0,0,40,fails,0,G1 size;G3 leader,F:—,,owner-request,,YELLOW,
2026-07-23,RBLX,0,49.64,CAUTION,45.96,48.31,46.9007,35.95,WHITE,0,33,0,BREAKDOWN,0,0,0,0,25,fails,0,G2 trend;G3 leader,F:2/2,,owner-request,,YELLOW,
2026-07-23,RDDT,0,170.38,PULLBACK,165.97,174.44,169.36,56.03,AMBER,2,1,1,BREAKOUT,1,0,1,1,37,fails,0,G2 trend;G3 leader,F:2/2,,shadow-screen,,YELLOW,
2026-07-23,RKLB,0,69.75,CAUTION,67.86,71.32,69.2438,28.93,AMBER,2,3,0,BREAKDOWN,0,0,0,1,28,fails,0,G2 trend,F:1/3,,owner-request,,YELLOW,
2026-07-23,RTX,0,194.88,ACCUMULATE,191.74,201.52,176.191,67.84,RED,4,6,1,BREAKOUT,0,0,0,1,52,fails,0,G3 leader,F:2/3,,shadow-screen,,NEUTRAL,
2026-07-23,SCHW,0,100.8,HOLD,90.8,95.44,92.6562,82.22,RED,4,3,1,,0,0,0,0,47,fails,0,G3 leader,F:3/3,,shadow-screen,,YELLOW,
2026-07-23,SE,0,104.88,BOTTOMING,104.12,109.44,89.3319,56.2,WHITE,1,36,0,BREAKOUT,0,0,0,1,25,fails,0,G2 trend;G3 leader,F:2/2,,owner-request,,YELLOW,
2026-07-23,SHOP,0,118.42,CAUTION,117.04,123.01,112.82,52.99,WHITE,0,24,0,INSIDE,0,0,0,1,27,fails,0,G2 trend;G3 leader,F:2/2,,owner-request,,YELLOW,
2026-07-23,SMCI,0,30.56,BOTTOMING,30.18,31.72,30.7939,41.35,WHITE,0,6,0,BREAKOUT,0,0,0,0,27,fails,0,G2 trend;G3 leader;G4 basis,F:3/3,,shadow-screen,,RED,
2026-07-23,SNDK,0,1599.27,ACCUMULATE,1537.81,1616.27,638.592,75.07,RED,3,58,1,BREAKOUT,1,1,0,1,75,fails,0,G1 size,F:3/3,,shadow-screen,,YELLOW,
2026-07-23,SNOW,0,267.8,ACCUMULATE,257.03,270.14,237.448,94.45,RED,4,7,1,BREAKOUT,0,0,0,1,67,fails,0,G3 leader,F:3/3,10,owner-request,11,YELLOW,6
2026-07-23,SOFI,0,17.07,BOTTOMING,15.9,16.72,17.4166,31.2,WHITE,0,23,0,BREAKOUT,0,0,0,0,13,fails,0,G2 trend;G3 leader;G4 basis,F:2/3,,owner-request,,YELLOW,
2026-07-23,SPCX,0,115.26,CAUTION,,,158.91,0,WHITE,0,3,0,,0,0,0,0,10,fails,0,G1 size;G2 trend;G3 leader;G4 basis;G5 data,F:—,,shadow-screen,,YELLOW,
2026-07-23,STX,0,908.1,ACCUMULATE,866.65,910.87,408.74,82.87,RED,3,62,1,BREAKOUT,1,1,1,1,74,STARTER,1,,F:3/3,,shadow-screen,,NEUTRAL,
2026-07-23,T,0,23.04,CAUTION,22.05,23.17,22.4962,40.35,WHITE,0,14,0,BREAKDOWN,1,1,0,1,18,fails,0,G2 trend;G3 leader,F:2/3,,shadow-screen,,RED,
2026-07-23,TER,0,369.46,ACCUMULATE,359.21,377.54,366.545,64.5,RED,3,50,1,BREAKOUT,0,0,0,1,78,CONVICTION,1,,F:2/3,,shadow-screen,,NEUTRAL,
2026-07-23,TMDX,0,71.2,CAUTION,67.89,71.36,69.2769,29.41,WHITE,0,18,0,BREAKDOWN,0,0,0,0,25,fails,0,G2 trend;G3 leader,F:3/3,,owner-request,,NEUTRAL,
2026-07-23,TMO,0,526.46,PULLBACK,514.81,541.07,472.719,75.33,AMBER,2,1,1,BREAKOUT,0,0,0,1,47,fails,0,G2 trend;G3 leader,F:2/3,,shadow-screen,,NEUTRAL,
2026-07-23,TMUS,0,190.94,CAUTION,183.08,192.42,186.813,42.07,WHITE,0,45,0,,0,0,0,1,22,fails,0,G2 trend;G3 leader,F:2/3,,shadow-screen,,RED,
2026-07-23,TOST,0,29.21,CAUTION,27.55,28.95,28.1072,68.63,WHITE,1,42,0,INSIDE,0,0,0,0,35,fails,0,G2 trend;G3 leader,F:2/2,,owner-request,,YELLOW,
2026-07-23,TSLA,1,374.01,CAUTION,341.33,358.74,397.921,21.18,WHITE,0,5,0,BREAKDOWN,0,0,0,0,5,fails,0,G1 size;G2 trend;G3 leader;G4 basis,F:1/3,,holding,,YELLOW,
2026-07-23,TSM,1,421.21,ACCUMULATE,412.88,433.95,435.295,70.55,RED,3,60,1,,1,1,0,1,60,fails,0,G1 size;G4 basis,F:3/3,6,holding,5,NEUTRAL,8
2026-07-23,TXN,0,294.19,ACCUMULATE,285.25,299.8,291.067,66.81,RED,3,16,1,,1,0,1,1,68,STARTER,1,,F:3/3,,shadow-screen,,YELLOW,
2026-07-23,UBER,0,70.33,CAUTION,64.75,68.06,73.5988,10.13,WHITE,0,32,0,INSIDE,0,0,0,0,22,fails,0,G2 trend;G3 leader;G4 basis,F:3/3,,owner-request,,YELLOW,
2026-07-23,UNH,0,431.31,ACCUMULATE,415.92,437.14,289.068,95.65,RED,4,12,1,BREAKOUT,0,0,0,1,78,CONVICTION,1,,F:3/3,,shadow-screen,,NEUTRAL,
2026-07-23,V,0,353.42,ACCUMULATE,340.93,358.32,329.468,87.64,RED,4,4,1,,0,0,0,1,44,fails,0,G3 leader,F:2/2,15,owner-request,14,YELLOW,13
2026-07-23,VRT,0,301.16,HOLD,258.36,271.54,307.051,61.7,RED,3,59,1,,0,0,0,0,68,fails,0,G4 basis,F:3/3,,owner-request,,YELLOW,
2026-07-23,VZ,0,44.29,CAUTION,41.84,43.97,47.4975,43.2,WHITE,1,3,0,BREAKDOWN,0,1,0,0,17,fails,0,G2 trend;G3 leader;G4 basis,F:2/3,,shadow-screen,,RED,
2026-07-23,WDC,0,556.67,HOLD,520.4,546.95,284.844,77.12,RED,3,60,1,BREAKOUT,0,1,0,0,65,fails,0,G1 size,F:3/3,,shadow-screen,,NEUTRAL,
2026-07-23,WFC,0,86.42,ACCUMULATE,82.28,86.47,87.0812,73.08,RED,3,3,1,BREAKOUT,0,0,0,0,47,fails,0,G3 leader;G4 basis,F:2/3,,shadow-screen,,YELLOW,
2026-07-23,WMT,0,109.33,CAUTION,106.96,112.42,118.748,14.64,WHITE,0,3,0,BREAKDOWN,1,1,0,1,13,fails,0,G2 trend;G3 leader;G4 basis,F:2/3,,shadow-screen,,NEUTRAL,
2026-07-23,XOM,0,154.45,ACCUMULATE,146.99,154.49,149.994,82.73,RED,3,2,1,BREAKOUT,0,0,0,0,68,STARTER,1,,F:—,,shadow-screen,,RED,
2026-07-23,ZETA,0,20.18,HOLD,19.19,20.17,18.4446,68.52,RED,4,9,1,,0,0,0,0,55,fails,0,G3 leader,F:2/2,,shadow-screen,,YELLOW,
2026-07-23,ZS,0,142.26,CAUTION,131.98,138.71,127.394,49.11,WHITE,0,33,0,,0,0,1,0,25,fails,0,G2 trend;G3 leader,F:3/3,,owner-request,,NEUTRAL,
2026-07-24,0700,0,433,CAUTION,372.59,391.6,466.711,9.95,WHITE,0,23,0,,0,0,0,0,5,fails,0,G1 size;G2 trend;G3 leader;G4 basis,F:—,,owner-request,,YELLOW,
2026-07-24,1810,0,26.6,CAUTION,25.29,26.58,25.8019,26.42,WHITE,0,41,0,BREAKDOWN,0,0,0,0,10,fails,0,G1 size;G2 trend;G3 leader,F:—,,owner-request,,RED,
2026-07-24,3690,0,86.25,CAUTION,82.13,86.32,77.8804,64.55,WHITE,1,66,0,,0,0,0,1,19,fails,0,G2 trend;G3 leader,F:—,,owner-request,,RED,
2026-07-24,9992,1,160,CAUTION,151.17,158.89,154.259,38.52,WHITE,0,21,0,INSIDE,0,0,0,0,23,fails,0,G2 trend;G3 leader,F:—,,holding,,NEUTRAL,
2026-07-24,AAL,0,13.555,BOTTOMING,13.36,14.05,15.829,36.25,RED,3,9,0,BREAKOUT,1,1,0,1,28,fails,0,G2 trend;G3 leader;G4 basis,F:2/3,,shadow-screen,,YELLOW,
2026-07-24,AAOI,0,112.02,PULLBACK,95.31,100.18,114.673,33.58,AMBER,2,2,1,BREAKDOWN,0,0,0,0,52,fails,0,G2 trend;G4 basis,F:1/3,,shadow-screen,,NEUTRAL,
2026-07-24,AAPL,1,321.66,ACCUMULATE,315.38,331.47,311.273,92.56,RED,4,17,1,BREAKOUT,0,0,0,1,60,fails,0,G1 size,F:2/3,15,holding,16,NEUTRAL,13
2026-07-24,ABBV,0,256.92,ACCUMULATE,249.4,262.12,225.872,96.51,RED,4,7,1,BREAKOUT,0,0,0,1,63,STARTER,1,,F:2/3,,shadow-screen,,NEUTRAL,
2026-07-24,ABT,0,100.75,CAUTION,98.9,103.94,88.7909,61.29,WHITE,0,39,0,,0,0,0,1,27,fails,0,G2 trend;G3 leader,F:2/3,,shadow-screen,,RED,
2026-07-24,ACN,0,138.74,CAUTION,136.56,143.53,126.877,31,WHITE,0,26,0,BREAKDOWN,0,0,0,1,22,fails,0,G2 trend;G3 leader,F:1/2,,shadow-screen,,NEUTRAL,
2026-07-24,ADBE,0,212.17,CAUTION,196.72,206.75,243.185,19.15,WHITE,0,85,0,,0,0,0,0,17,fails,0,G2 trend;G3 leader;G4 basis,F:3/3,,owner-request,,NEUTRAL,
2026-07-24,ADI,0,380.2,ACCUMULATE,374.48,393.59,392.536,47.55,RED,3,37,1,BREAKOUT,0,0,0,1,58,fails,0,G4 basis,F:3/3,,shadow-screen,,YELLOW,
2026-07-24,ALAB,0,326.97,HOLD,207.63,218.22,123.076,68.65,RED,4,14,1,,0,0,0,0,78,CONVICTION,1,,F:3/3,,owner-request,,YELLOW,
2026-07-24,AMAT,0,562.8,HOLD,432.78,454.86,586.461,70.49,RED,4,45,1,BREAKOUT,0,0,0,0,60,fails,0,G1 size;G4 basis,F:2/3,,owner-request,,YELLOW,
2026-07-24,AMD,1,539.69,ACCUMULATE,523.24,549.94,215.827,93.11,RED,4,19,1,BREAKOUT,0,0,0,1,70,fails,0,G1 size,F:3/3,3,holding,11,NEUTRAL,4
2026-07-24,AMZN,0,233.66,CAUTION,225.5,237,246.526,43.4,AMBER,2,1,0,BREAKDOWN,0,0,1,0,5,fails,0,G1 size;G2 trend;G3 leader;G4 basis,F:3/3,,owner-request,,YELLOW,
2026-07-24,ANET,0,176.61,ACCUMULATE,170.19,178.88,142.771,94.74,RED,4,15,1,BREAKOUT,1,0,1,1,72,STARTER,1,,F:3/3,12,owner-request,7,NEUTRAL,10
2026-07-24,APH,0,157.43,ACCUMULATE,153.84,161.69,147.137,83.34,RED,4,9,1,BREAKOUT,0,0,0,1,67,STARTER,1,,F:3/3,,shadow-screen,,NEUTRAL,
2026-07-24,APP,0,398.86,CAUTION,378.85,398.18,466.365,15.05,WHITE,0,2,0,BREAKDOWN,0,0,0,0,13,fails,0,G2 trend;G3 leader;G4 basis,F:2/2,,owner-request,,YELLOW,
2026-07-24,ARM,0,283.04,HOLD,206.46,216.99,210.673,59.74,RED,3,16,1,,0,0,0,0,68,STARTER,1,,F:3/3,,owner-request,,YELLOW,
2026-07-24,ASML,0,1803,ACCUMULATE,1752.77,1842.19,1788.54,83.59,RED,4,49,1,,1,1,0,1,74,STARTER,1,,F:1/1,6,owner-request,4,NEUTRAL,11
2026-07-24,ASTS,0,59.18,CAUTION,57.4,60.33,86.0499,11.72,WHITE,0,2,0,BREAKDOWN,0,0,0,1,17,fails,0,G2 trend;G3 leader;G4 basis,F:0/2,,owner-request,,YELLOW,
2026-07-24,AVGO,0,392.47,ACCUMULATE,383.25,402.81,379.737,69.33,RED,3,3,1,INSIDE,0,0,0,1,60,fails,0,G1 size,F:3/3,,shadow-screen,,RED,
2026-07-24,AXON,0,491.9,CAUTION,425.31,447.01,393.819,54.89,WHITE,0,37,0,,0,0,0,0,22,fails,0,G2 trend;G3 leader,F:3/3,,owner-request,,YELLOW,
2026-07-24,AXP,0,340.84,ACCUMULATE,334.64,351.72,341.473,63.23,RED,3,4,1,BREAKOUT,0,0,0,1,47,fails,0,G3 leader;G4 basis,F:2/3,,shadow-screen,,YELLOW,
2026-07-24,AXTI,0,52.93,PULLBACK,52.72,55.41,53.7995,32.39,AMBER,2,4,1,,0,0,0,1,52,fails,0,G2 trend;G4 basis,F:0/3,,shadow-screen,,NEUTRAL,
2026-07-24,AZO,0,2923.5,CAUTION,2710.1,2848.37,3077.93,0.23,WHITE,0,23,0,BREAKDOWN,0,0,1,0,17,fails,0,G2 trend;G3 leader;G4 basis,F:2/3,,shadow-screen,,YELLOW,
2026-07-24,BA,0,209.23,CAUTION,203.51,213.89,217.965,24.13,WHITE,1,1,0,BREAKDOWN,0,0,0,1,17,fails,0,G2 trend;G3 leader;G4 basis,F:2/3,,shadow-screen,,YELLOW,
2026-07-24,BAC,0,61.28,ACCUMULATE,60.12,63.19,52.0558,95.22,RED,4,8,1,BREAKOUT,0,0,0,1,58,fails,0,G3 leader,F:2/3,,shadow-screen,,NEUTRAL,
2026-07-24,BE,0,217.3,ACCUMULATE,214.05,224.97,278.421,48.47,RED,3,59,1,BREAKDOWN,1,1,0,1,64,fails,0,G4 basis,F:2/3,,shadow-screen,,YELLOW,
2026-07-24,BKNG,0,172.83,BOTTOMING,168.9,177.52,168.127,45.49,WHITE,0,27,0,BREAKOUT,0,0,0,0,22,fails,0,G2 trend;G3 leader,F:2/3,,shadow-screen,,YELLOW,
2026-07-24,BSX,0,43.58,CAUTION,,,44.6055,9.13,WHITE,0,34,0,,0,0,0,0,17,fails,0,G2 trend;G3 leader;G4 basis,F:3/3,,shadow-screen,,NEUTRAL,
2026-07-24,C,0,131.88,ACCUMULATE,126.62,133.08,132.864,67.74,RED,3,19,1,BREAKOUT,1,1,0,1,58,fails,0,G4 basis,F:2/3,,shadow-screen,,YELLOW,
2026-07-24,CAT,0,894.54,ACCUMULATE,869.34,913.7,887.084,61.01,RED,3,57,1,BREAKOUT,0,0,0,1,69,STARTER,1,,F:2/3,,shadow-screen,,YELLOW,
2026-07-24,CAVA,0,63.21,CAUTION,61.84,65,79.8304,18.43,WHITE,1,1,0,,0,0,0,1,25,fails,0,G2 trend;G3 leader;G4 basis,F:3/3,,owner-request,,YELLOW,
2026-07-24,CBRS,0,220,CAUTION,213.77,224.68,218.132,51.66,WHITE,0,11,0,,0,0,0,0,27,fails,0,G2 trend;G3 leader;G5 data,F:—,,shadow-screen,,RED,
2026-07-24,CDE,0,15.24,CAUTION,14.06,14.78,16.2809,12.78,WHITE,0,8,0,BREAKDOWN,0,0,0,0,27,fails,0,G2 trend;G4 basis,F:2/3,,owner-request,,NEUTRAL,
2026-07-24,CEG,0,275.6,BOTTOMING,265.21,278.75,270.626,46.69,WHITE,0,26,0,BREAKOUT,0,0,0,0,37,fails,0,G2 trend;G3 leader,F:2/3,,shadow-screen,,RED,
2026-07-24,CIEN,0,407.53,ACCUMULATE,397.22,417.49,440.28,46.89,RED,3,1,1,BREAKDOWN,0,0,0,1,67,fails,0,G4 basis,F:3/3,,shadow-screen,,YELLOW,
2026-07-24,COHR,0,313.22,ACCUMULATE,307.88,323.59,252.107,53.07,RED,3,1,1,BREAKDOWN,1,0,1,1,68,STARTER,1,,F:2/3,,shadow-screen,,NEUTRAL,
2026-07-24,COIN,0,161.16,CAUTION,160.8,169.01,164.086,20.4,WHITE,0,34,0,INSIDE,0,0,0,1,22,fails,0,G2 trend;G3 leader;G4 basis,F:1/2,,shadow-screen,,NEUTRAL,
2026-07-24,COST,0,926.06,CAUTION,908.34,954.68,955.627,18.42,WHITE,1,3,0,BREAKDOWN,0,0,0,1,13,fails,0,G2 trend;G3 leader;G4 basis,F:2/3,,owner-request,,NEUTRAL,
2026-07-24,CRCL,0,62.18,CAUTION,62.12,65.29,63.3924,5.97,WHITE,0,7,0,BREAKDOWN,0,0,0,1,22,fails,0,G2 trend;G3 leader;G4 basis,F:2/2,,shadow-screen,,NEUTRAL,
2026-07-24,CRDO,0,236.5,ACCUMULATE,229.87,241.59,247.119,72.42,RED,4,14,1,,0,0,0,1,78,fails,0,G4 basis,F:3/3,7,owner-request,12,NEUTRAL,6
2026-07-24,CRM,0,156.93,CAUTION,148.58,156.17,183.972,11.1,WHITE,0,71,0,,0,0,0,0,13,fails,0,G2 trend;G3 leader;G4 basis,F:2/3,,owner-request,,NEUTRAL,
2026-07-24,CRWD,0,183.42,HOLD,167.89,176.46,106.509,83.63,RED,4,11,1,BREAKOUT,0,0,0,0,63,STARTER,1,,F:2/2,,owner-request,,YELLOW,
2026-07-24,CRWV,0,81.1,CAUTION,76.09,79.97,117.292,19.21,WHITE,0,2,0,BREAKDOWN,0,0,0,0,18,fails,0,G2 trend;G3 leader;G4 basis,F:2/2,,shadow-screen,,RED,
2026-07-24,CSCO,0,112.76,ACCUMULATE,110.15,115.77,77.9846,59.51,RED,3,65,1,,0,0,0,1,68,STARTER,1,,F:2/3,,shadow-screen,,YELLOW,
2026-07-24,CSPX,1,809.48,ACCUMULATE,796.06,836.67,812.305,84.1,RED,4,16,1,BREAKOUT,0,0,0,1,55,fails,0,G3 leader;G4 basis,F:—,20,holding,18,NEUTRAL,21
2026-07-24,CVX,0,194.42,ACCUMULATE,186.04,195.53,189.832,85.69,RED,3,2,1,BREAKOUT,0,0,0,1,53,fails,0,G3 leader,F:1/3,,shadow-screen,,RED,
2026-07-24,D05,0,73.41,ACCUMULATE,70.88,74.49,57.3861,99.42,RED,4,66,1,BREAKOUT,0,0,0,0,75,CONVICTION,1,,F:—,13,owner-request,22,RED,12
2026-07-24,DDOG,1,244.39,ACCUMULATE,240.29,252.55,127.455,80.86,RED,4,12,1,BREAKOUT,1,0,1,1,72,STARTER,1,,F:2/2,11,holding,6,YELLOW,5
2026-07-24,DELL,0,439.34,HOLD,404.82,425.47,118.395,93.56,RED,4,21,1,BREAKOUT,0,0,0,0,69,STARTER,1,,F:2/2,,shadow-screen,,NEUTRAL,
2026-07-24,DRAM,1,58.3,CAUTION,56.95,59.85,58.11,40.15,RED,3,16,0,,1,1,1,1,54,fails,0,G2 trend;G5 data,F:—,,holding,,NEUTRAL,
2026-07-24,DUOL,0,120.67,CAUTION,96.87,101.82,98.8507,58.04,WHITE,0,50,0,,0,0,0,0,25,fails,0,G2 trend;G3 leader,F:2/2,,owner-request,,YELLOW,
2026-07-24,ETHA,0,14.11,CAUTION,12.98,13.65,14.754,26.22,WHITE,0,34,0,BREAKDOWN,0,0,1,0,25,fails,0,G2 trend;G3 leader;G4 basis,F:0/2,,owner-request,,RED,
2026-07-24,ETN,0,415.13,ACCUMULATE,398.49,418.82,406.625,89.48,RED,3,20,1,,0,0,0,1,62,fails,0,G3 leader,F:3/3,,shadow-screen,,RED,
2026-07-24,FCX,0,63.5,ACCUMULATE,60.56,63.65,61.7948,73.28,RED,3,1,1,BREAKDOWN,1,1,0,1,62,STARTER,1,,F:2/3,,shadow-screen,,RED,
2026-07-24,GE,0,349,ACCUMULATE,337.2,354.41,283.601,80.59,RED,4,9,1,BREAKDOWN,1,1,1,1,53,fails,0,G3 leader,F:3/3,,shadow-screen,,YELLOW,
2026-07-24,GEV,0,1031.19,ACCUMULATE,982.23,1032.34,1065.33,67.52,RED,3,68,1,BREAKOUT,0,0,0,1,69,fails,0,G4 basis,F:2/3,,shadow-screen,,YELLOW,
2026-07-24,GLW,0,156.06,ACCUMULATE,154.61,162.5,188.579,36.34,RED,3,1,1,BREAKDOWN,0,0,0,1,59,fails,0,G4 basis,F:3/3,,shadow-screen,,YELLOW,
2026-07-24,GOOG,1,318.34,PULLBACK,311.18,327.05,360.33,36.97,AMBER,2,1,1,,0,0,0,1,25,fails,0,G1 size;G2 trend;G4 basis,F:2/2,,holding,,YELLOW,
2026-07-24,GOOGL,0,317.69,CAUTION,311.45,327.34,363.885,35.08,AMBER,2,1,0,,0,0,0,1,15,fails,0,G1 size;G2 trend;G4 basis,F:2/2,,shadow-screen,,YELLOW,
2026-07-24,GRAB,0,3.3,CAUTION,,,3.6237,3.08,WHITE,0,29,0,BREAKDOWN,0,0,0,0,20,fails,0,G2 trend;G3 leader;G4 basis,F:2/2,,owner-request,,YELLOW,
2026-07-24,GS,0,1074.72,ACCUMULATE,1027.16,1079.57,931.302,84.94,RED,4,17,1,BREAKOUT,0,0,0,1,63,STARTER,1,,F:2/2,,shadow-screen,,YELLOW,
2026-07-24,HD,0,324.71,CAUTION,305.63,321.22,335.183,26.15,WHITE,0,21,0,BREAKDOWN,0,0,0,0,17,fails,0,G2 trend;G3 leader;G4 basis,F:2/3,,shadow-screen,,YELLOW,
2026-07-24,HIMS,0,32.74,ACCUMULATE,32.22,33.86,24.0908,66.81,RED,3,4,1,BREAKDOWN,0,0,0,1,55,fails,0,G3 leader,F:2/2,23,owner-request,21,YELLOW,18
2026-07-24,HON,0,246.27,ACCUMULATE,235.95,247.99,224.045,88.6,RED,3,1,1,,0,0,0,0,52,fails,0,G3 leader,F:2/3,,shadow-screen,,RED,
2026-07-24,HOOD,0,101.58,ACCUMULATE,98.54,103.57,76.046,64.5,RED,3,4,1,BREAKOUT,0,0,0,1,48,fails,0,G3 leader,F:2/2,22,owner-request,20,YELLOW,23
2026-07-24,IBIT,0,36.65,CAUTION,35.2,37,35.9225,23.64,WHITE,0,36,0,BREAKDOWN,0,0,0,1,23,fails,0,G2 trend;G3 leader,F:0/2,,owner-request,,RED,
2026-07-24,IBM,0,206.65,CAUTION,,,218.97,3.03,WHITE,0,2,0,,0,1,0,0,9,fails,0,G2 trend;G3 leader;G4 basis,F:2/3,,shadow-screen,,YELLOW,
2026-07-24,ICE,0,143.21,CAUTION,137.43,144.44,140.234,40.16,WHITE,0,24,0,BREAKDOWN,0,0,0,1,22,fails,0,G2 trend;G3 leader,F:2/3,,owner-request,,RED,
2026-07-24,INTC,0,100.23,HOLD,44.3,46.56,45.2035,52.18,RED,3,49,1,,0,0,0,0,60,fails,0,G1 size,F:1/3,,owner-request,,YELLOW,
2026-07-24,INTU,0,281.53,CAUTION,272.98,286.9,264.525,24.34,WHITE,0,42,0,,0,0,0,1,22,fails,0,G2 trend;G3 leader,F:3/3,,shadow-screen,,NEUTRAL,
2026-07-24,IONQ,0,34.07,CAUTION,,,35.34,13.3,WHITE,0,2,0,INSIDE,0,0,0,0,22,fails,0,G2 trend;G3 leader;G4 basis,F:1/3,,shadow-screen,,YELLOW,
2026-07-24,IOT,0,31.49,CAUTION,31.18,32.77,31.8175,37.68,AMBER,2,1,0,,0,0,0,0,20,fails,0,G2 trend;G3 leader;G4 basis,F:2/2,,owner-request,,YELLOW,
2026-07-24,IREN,0,40.58,CAUTION,34.14,35.88,41.7894,23.82,WHITE,0,2,0,BREAKDOWN,0,0,0,0,28,fails,0,G2 trend;G4 basis,F:2/2,,shadow-screen,,RED,
2026-07-24,ISRG,0,332.02,CAUTION,,,403.484,0.76,WHITE,0,25,0,,0,1,0,0,17,fails,0,G2 trend;G3 leader;G4 basis,F:3/3,,shadow-screen,,YELLOW,
2026-07-24,JNJ,0,259.27,ACCUMULATE,248.8,261.49,230.268,96.69,RED,4,54,1,BREAKOUT,0,0,0,1,68,STARTER,1,,F:2/3,,shadow-screen,,NEUTRAL,
2026-07-24,JPM,0,349.9,ACCUMULATE,339.11,356.41,310.622,99.41,RED,4,8,1,BREAKOUT,0,1,0,1,49,fails,0,G3 leader,F:2/3,19,owner-request,9,RED,16
2026-07-24,KLAC,0,218.73,ACCUMULATE,212.45,223.29,146.195,69.48,RED,4,63,1,BREAKOUT,0,0,0,1,74,STARTER,1,,F:3/3,8,owner-request,13,YELLOW,8
2026-07-24,KO,0,81.17,ACCUMULATE,79.65,83.71,81.2715,73.01,RED,3,29,1,BREAKOUT,0,0,0,1,48,fails,0,G3 leader;G4 basis,F:2/3,,shadow-screen,,YELLOW,
2026-07-24,LIN,0,506.32,ACCUMULATE,487.07,511.92,513.674,60.01,RED,3,24,1,,0,0,0,0,52,fails,0,G3 leader;G4 basis,F:2/3,,shadow-screen,,YELLOW,
2026-07-24,LITE,0,833.64,HOLD,768.04,807.22,871.238,57.26,RED,3,60,1,BREAKOUT,0,0,1,0,69,fails,0,G4 basis,F:2/3,,shadow-screen,,RED,
2026-07-24,LLY,0,1185.87,ACCUMULATE,1136.2,1194.17,1159.39,92.31,RED,4,11,1,,0,0,0,1,59,fails,1,,F:3/3,14,owner-request,15,NEUTRAL,20
2026-07-24,LRCX,0,319.78,ACCUMULATE,314.62,330.68,321.045,65.62,RED,3,60,1,BREAKOUT,1,1,0,1,69,fails,0,G4 basis,F:3/3,4,owner-request,2,YELLOW,9
2026-07-24,MA,0,530.29,BOTTOMING,511.46,537.56,494.824,69.42,WHITE,1,28,1,BREAKOUT,0,0,0,0,33,fails,0,G2 trend;G3 leader,F:3/3,,owner-request,,YELLOW,
2026-07-24,MCD,0,262.8,CAUTION,,,276.096,1.79,WHITE,0,17,0,,0,1,0,0,17,fails,0,G2 trend;G3 leader;G4 basis,F:2/3,,shadow-screen,,YELLOW,
2026-07-24,MCHP,0,81.35,HOLD,77.12,81.05,90.0586,41.87,RED,3,1,1,,0,0,0,0,37,fails,0,G3 leader;G4 basis,F:2/3,,shadow-screen,,YELLOW,
2026-07-24,MDB,1,299.14,CAUTION,294.03,309.03,322.776,32.54,AMBER,2,2,0,BREAKDOWN,1,0,1,1,17,fails,0,G2 trend;G3 leader;G4 basis,F:3/3,,holding,,YELLOW,
2026-07-24,META,0,606.1,CAUTION,598.15,628.67,610.358,36.18,WHITE,0,37,0,INSIDE,0,0,0,0,10,fails,0,G1 size;G2 trend;G3 leader;G4 basis,F:2/2,,owner-request,,YELLOW,
2026-07-24,MPWR,0,1397.15,HOLD,1328,1395.76,1355.11,63.75,RED,3,58,1,BREAKOUT,0,1,0,0,72,STARTER,1,,F:3/3,,shadow-screen,,RED,
2026-07-24,MRK,0,130.48,ACCUMULATE,125.43,131.83,121.085,99.55,RED,4,38,1,,0,0,0,1,72,STARTER,1,,F:2/3,,shadow-screen,,RED,
2026-07-24,MRVL,0,209.32,ACCUMULATE,201.15,211.42,89.2744,50.84,RED,3,22,1,,1,0,1,1,65,fails,0,G1 size,F:3/3,5,owner-request,3,YELLOW,2
2026-07-24,MS,0,215.18,ACCUMULATE,210.98,221.75,190.864,76.78,RED,4,17,1,BREAKOUT,0,0,0,1,72,STARTER,1,,F:2/3,,shadow-screen,,YELLOW,
2026-07-24,MSFT,0,381.58,CAUTION,364.18,382.76,385.865,23.14,WHITE,0,28,0,,0,0,1,0,5,fails,0,G1 size;G2 trend;G3 leader;G4 basis,F:3/3,,owner-request,,NEUTRAL,
2026-07-24,MSTR,0,93.63,CAUTION,93.03,97.77,94.9249,9.79,WHITE,0,42,0,BREAKDOWN,0,0,0,1,13,fails,0,G2 trend;G3 leader;G4 basis,F:0/2,,shadow-screen,,NEUTRAL,
2026-07-24,MU,1,990.21,ACCUMULATE,958.92,1007.85,415.428,79.02,RED,4,59,1,,0,0,0,1,70,fails,0,G1 size,F:3/3,1,holding,10,NEUTRAL,1
2026-07-24,NBIS,1,220.97,ACCUMULATE,215.68,226.69,96.2489,76.23,RED,3,25,1,BREAKOUT,1,1,0,1,79,CONVICTION,1,,F:2/2,2,holding,1,RED,3
2026-07-24,NEE,0,89.79,ACCUMULATE,86.45,90.86,88.215,69.76,RED,3,5,1,INSIDE,1,0,1,1,57,fails,0,G3 leader,F:2/3,,shadow-screen,,RED,
2026-07-24,NET,0,262.32,HOLD,238.58,250.75,196.946,86.11,RED,4,15,1,,0,0,0,0,57,fails,0,G3 leader,F:2/2,,owner-request,,YELLOW,
2026-07-24,NFLX,0,68.89,CAUTION,66.47,69.86,73.72,7.71,WHITE,0,36,0,BREAKDOWN,1,1,0,1,9,fails,0,G2 trend;G3 leader;G4 basis,F:2/3,,owner-request,,YELLOW,
2026-07-24,NKE,0,40.99,CAUTION,,,44.0571,4.99,WHITE,0,42,0,BREAKDOWN,0,0,0,0,17,fails,0,G2 trend;G3 leader;G4 basis,F:2/3,,shadow-screen,,YELLOW,
2026-07-24,NOW,0,91.94,CAUTION,89.26,93.81,102.561,14.2,WHITE,0,52,0,,0,0,0,0,13,fails,0,G2 trend;G3 leader;G4 basis,F:2/3,,shadow-screen,,YELLOW,
2026-07-24,NVDA,1,208.76,ACCUMULATE,205.08,215.54,209.265,76.14,RED,3,4,1,BREAKOUT,0,0,0,1,35,fails,0,G1 size;G3 leader;G4 basis,F:3/3,16,holding,17,RED,17
2026-07-24,NVO,0,48.18,CAUTION,46.88,49.27,44.0682,64.48,WHITE,1,1,0,BREAKDOWN,0,0,0,0,30,fails,0,G2 trend;G3 leader,F:—,,owner-request,,YELLOW,
2026-07-24,NXPI,0,277.29,ACCUMULATE,272.89,286.81,294.045,52.26,RED,3,13,1,,0,0,0,1,52,fails,0,G3 leader;G4 basis,F:2/3,,shadow-screen,,NEUTRAL,
2026-07-24,ON,0,90.13,ACCUMULATE,87.68,92.16,93.8008,45.24,RED,3,33,1,BREAKOUT,0,0,0,1,62,fails,0,G4 basis,F:2/3,,shadow-screen,,NEUTRAL,
2026-07-24,ONON,0,34.84,CAUTION,32,33.64,35.8967,14.82,WHITE,0,21,0,BREAKDOWN,0,0,0,0,20,fails,0,G2 trend;G3 leader;G4 basis,F:1/1,,owner-request,,YELLOW,
2026-07-24,ORCL,0,120.04,CAUTION,,,142.7,0.51,WHITE,0,5,0,BREAKDOWN,0,1,0,0,5,fails,0,G1 size;G2 trend;G3 leader;G4 basis,F:3/3,,owner-request,,NEUTRAL,
2026-07-24,PANW,0,325.63,HOLD,284.44,298.95,166.616,85.53,RED,4,11,1,,0,0,0,0,63,STARTER,1,,F:2/3,,owner-request,,YELLOW,
2026-07-24,PEP,0,134.95,CAUTION,128.16,134.7,142.322,5.3,WHITE,0,9,0,BREAKDOWN,0,1,0,0,17,fails,0,G2 trend;G3 leader;G4 basis,F:2/3,,shadow-screen,,YELLOW,
2026-07-24,PFE,0,25.01,CAUTION,24.67,25.92,25.169,33.34,WHITE,0,6,0,BREAKDOWN,0,0,0,1,17,fails,0,G2 trend;G3 leader;G4 basis,F:2/3,,shadow-screen,,RED,
2026-07-24,PG,0,146.97,CAUTION,141.38,148.59,144.267,42.98,WHITE,1,1,0,,0,0,0,0,22,fails,0,G2 trend;G3 leader,F:2/3,,shadow-screen,,YELLOW,
2026-07-24,PLTR,1,123.37,CAUTION,113.64,119.44,134.44,13.54,WHITE,0,24,0,,0,0,0,0,5,fails,0,G1 size;G2 trend;G3 leader;G4 basis,F:2/2,,holding,,YELLOW,
2026-07-24,QCOM,0,171.11,BOTTOMING,133.73,140.55,131.179,33.47,AMBER,2,2,0,BREAKOUT,0,0,0,0,14,fails,0,G2 trend;G3 leader,F:3/3,,owner-request,,YELLOW,
2026-07-24,QQQ,0,691.96,ACCUMULATE,658.98,692.6,602.393,60.55,RED,3,16,1,BREAKDOWN,0,0,0,0,45,fails,0,G1 size;G3 leader,F:—,18,owner-request,23,YELLOW,19
2026-07-24,RBLX,0,47.55,CAUTION,45.96,48.31,46.9007,30.16,WHITE,0,33,0,BREAKDOWN,0,0,0,0,25,fails,0,G2 trend;G3 leader,F:2/2,,owner-request,,YELLOW,
2026-07-24,RDDT,0,168.78,BOTTOMING,165.97,174.44,169.36,51.8,AMBER,2,1,0,BREAKOUT,0,0,0,1,22,fails,0,G2 trend;G3 leader;G4 basis,F:2/2,,shadow-screen,,YELLOW,
2026-07-24,RKLB,0,69.99,CAUTION,67.86,71.32,69.2438,29.3,AMBER,2,3,0,BREAKDOWN,0,0,0,1,28,fails,0,G2 trend,F:1/3,,owner-request,,YELLOW,
2026-07-24,RTX,0,209.16,HOLD,191.74,201.52,176.191,97.96,RED,4,6,1,BREAKOUT,0,0,0,0,57,fails,1,,F:2/3,,shadow-screen,,RED,
2026-07-24,SCHW,0,101.61,ACCUMULATE,99.99,105.09,92.6562,86.34,RED,4,3,1,,0,0,0,1,52,fails,0,G3 leader,F:3/3,,shadow-screen,,NEUTRAL,
2026-07-24,SE,0,99.5,BOTTOMING,87.55,92.01,89.3319,49.25,WHITE,0,36,0,BREAKOUT,0,0,0,0,25,fails,0,G2 trend;G3 leader,F:2/2,,owner-request,,YELLOW,
2026-07-24,SHOP,0,112,CAUTION,110.56,116.2,112.82,31.67,WHITE,0,24,0,BREAKDOWN,0,0,0,0,17,fails,0,G2 trend;G3 leader;G4 basis,F:2/2,,owner-request,,YELLOW,
2026-07-24,SMCI,0,31.2,BOTTOMING,30.18,31.72,30.7939,52.05,WHITE,0,6,0,BREAKOUT,0,0,0,1,32,fails,0,G2 trend;G3 leader,F:3/3,,shadow-screen,,RED,
2026-07-24,SNDK,0,1610.33,ACCUMULATE,1537.81,1616.27,638.592,75.84,RED,3,58,1,BREAKOUT,1,1,0,1,75,fails,0,G1 size,F:3/3,,shadow-screen,,NEUTRAL,
2026-07-24,SNOW,0,265.13,ACCUMULATE,259.46,272.7,237.448,91.97,RED,4,7,1,INSIDE,1,0,1,1,62,fails,0,G3 leader,F:3/3,17,owner-request,8,YELLOW,14
2026-07-24,SOFI,0,16.65,BOTTOMING,15.9,16.72,17.4166,24.25,WHITE,0,23,0,BREAKOUT,0,0,0,0,17,fails,0,G2 trend;G3 leader;G4 basis,F:2/3,,owner-request,,YELLOW,
2026-07-24,SPCX,0,118.24,CAUTION,112.85,118.61,159.157,3.47,WHITE,0,3,0,,0,0,0,0,10,fails,0,G1 size;G2 trend;G3 leader;G4 basis;G5 data,F:—,,shadow-screen,,YELLOW,
2026-07-24,STX,0,913.36,HOLD,866.65,910.87,408.74,83.8,RED,3,62,1,BREAKOUT,1,1,1,0,69,STARTER,1,,F:3/3,,shadow-screen,,RED,
2026-07-24,T,0,22.96,CAUTION,22.18,23.31,23.1778,40.28,WHITE,0,14,0,BREAKDOWN,1,1,0,1,13,fails,0,G2 trend;G3 leader;G4 basis,F:2/3,,shadow-screen,,RED,
2026-07-24,TER,0,373.75,ACCUMULATE,359.21,377.54,366.545,69.4,RED,3,50,1,BREAKOUT,0,0,0,1,78,CONVICTION,1,,F:2/3,,shadow-screen,,RED,
2026-07-24,TMDX,0,71.13,CAUTION,67.89,71.36,69.2769,29.72,WHITE,0,18,0,BREAKDOWN,0,0,0,0,25,fails,0,G2 trend;G3 leader,F:3/3,,owner-request,,NEUTRAL,
2026-07-24,TMO,0,572.32,HOLD,526.52,553.39,472.719,87.12,RED,3,1,1,BREAKOUT,0,0,0,0,57,fails,0,G3 leader,F:2/3,,shadow-screen,,RED,
2026-07-24,TMUS,0,170.42,CAUTION,,,186.813,1.36,WHITE,0,45,0,,0,0,0,0,17,fails,0,G2 trend;G3 leader;G4 basis,F:2/3,,shadow-screen,,YELLOW,
2026-07-24,TOST,0,28.4,CAUTION,27.55,28.95,28.1072,54.54,WHITE,0,42,0,BREAKDOWN,0,0,0,0,25,fails,0,G2 trend;G3 leader,F:2/2,,owner-request,,YELLOW,
2026-07-24,TSLA,1,319.69,CAUTION,315.39,331.48,397.921,6.98,WHITE,0,5,0,BREAKDOWN,0,0,0,1,5,fails,0,G1 size;G2 trend;G3 leader;G4 basis,F:1/3,,holding,,YELLOW,
2026-07-24,TSM,1,415.58,ACCUMULATE,399.18,419.54,421.309,67.34,RED,3,60,1,,1,1,0,1,60,fails,0,G1 size;G4 basis,F:3/3,10,holding,5,YELLOW,15
2026-07-24,TXN,0,284.99,HOLD,220.1,231.33,291.067,54.29,RED,3,16,1,,0,1,0,0,43,fails,0,G3 leader;G4 basis,F:3/3,,shadow-screen,,YELLOW,
2026-07-24,UBER,0,68.91,CAUTION,64.75,68.06,73.5988,3.74,WHITE,0,32,0,BREAKDOWN,0,0,0,0,17,fails,0,G2 trend;G3 leader;G4 basis,F:3/3,,owner-request,,YELLOW,
2026-07-24,UNH,0,423.56,ACCUMULATE,415.92,437.14,289.068,87.86,RED,4,12,1,BREAKOUT,0,0,0,1,78,CONVICTION,1,,F:3/3,,shadow-screen,,YELLOW,
2026-07-24,V,0,351.6,ACCUMULATE,340.93,358.32,329.468,85.8,RED,4,4,1,,0,0,0,1,44,fails,0,G3 leader,F:2/2,21,owner-request,19,YELLOW,22
2026-07-24,VRT,0,304.04,ACCUMULATE,300.91,316.26,307.051,64.98,RED,3,59,1,,0,0,0,1,73,fails,0,G4 basis,F:3/3,9,owner-request,14,NEUTRAL,7
2026-07-24,VZ,0,43.82,CAUTION,41.84,43.97,47.4975,40.23,WHITE,1,3,0,BREAKDOWN,1,1,0,1,17,fails,0,G2 trend;G3 leader;G4 basis,F:2/3,,shadow-screen,,RED,
2026-07-24,WDC,0,558.3,HOLD,520.4,546.95,284.844,77.56,RED,3,60,1,BREAKOUT,0,1,0,0,69,STARTER,1,,F:3/3,,shadow-screen,,NEUTRAL,
2026-07-24,WFC,0,86.19,ACCUMULATE,82.28,86.47,87.0812,73.17,RED,3,3,1,BREAKOUT,0,0,0,0,47,fails,0,G3 leader;G4 basis,F:2/3,,shadow-screen,,YELLOW,
2026-07-24,WMT,0,108.4,CAUTION,106.96,112.42,118.748,13.93,WHITE,0,3,0,BREAKDOWN,1,1,0,1,13,fails,0,G2 trend;G3 leader;G4 basis,F:2/3,,shadow-screen,,YELLOW,
2026-07-24,XOM,0,156.89,ACCUMULATE,154.1,161.96,149.994,85.91,RED,3,2,1,BREAKOUT,0,0,0,1,73,STARTER,1,,F:—,,shadow-screen,,RED,
2026-07-24,ZETA,0,19.38,ACCUMULATE,19.19,20.17,18.4446,56.15,RED,4,9,1,,0,0,0,0,55,fails,0,G3 leader,F:2/2,,shadow-screen,,YELLOW,
2026-07-24,ZS,0,139.7,CAUTION,131.98,138.71,127.394,45.57,WHITE,0,33,0,,0,0,1,0,25,fails,0,G2 trend;G3 leader,F:3/3,,owner-request,,YELLOW,
2026-07-27,0700,0,443.6,CAUTION,429.12,451.01,466.711,20.42,WHITE,0,24,0,,0,0,0,1,5,fails,0,G1 size;G2 trend;G3 leader;G4 basis,F:—,,owner-request,,YELLOW,
2026-07-27,1810,0,28.76,CAUTION,27.02,28.4,25.8019,39.85,WHITE,0,42,0,BREAKDOWN,0,0,0,0,10,fails,0,G1 size;G2 trend;G3 leader,F:—,,owner-request,,RED,
2026-07-27,3690,0,90.5,CAUTION,82.13,86.32,77.8804,72.53,WHITE,1,67,1,,0,0,0,0,29,fails,0,G2 trend;G3 leader,F:—,,owner-request,,RED,
2026-07-27,9992,1,165.1,BOTTOMING,151.17,158.89,154.259,44.52,WHITE,0,22,0,BREAKOUT,0,0,0,0,18,fails,0,G2 trend;G3 leader,F:—,,holding,,RED,
2026-07-27,AAL,0,14.48,HOLD,13.7,14.4,15.829,47.63,RED,4,9,1,BREAKOUT,0,1,0,0,38,fails,0,G3 leader;G4 basis,F:2/3,,shadow-screen,,YELLOW,
2026-07-27,AAOI,0,100.15,PULLBACK,97.21,102.17,114.673,26.16,AMBER,2,2,1,BREAKDOWN,0,0,0,1,52,fails,0,G2 trend;G4 basis,F:1/3,,shadow-screen,,NEUTRAL,
2026-07-27,AAPL,1,333.02,ACCUMULATE,323.99,340.52,311.273,99.57,RED,4,17,1,BREAKOUT,0,0,0,0,60,fails,0,G1 size,F:2/3,7,holding,14,RED,6
2026-07-27,ABBV,0,259.36,ACCUMULATE,249.4,262.12,225.872,98.95,RED,4,7,1,INSIDE,0,0,0,1,68,STARTER,1,,F:2/3,,shadow-screen,,NEUTRAL,
2026-07-27,ABT,0,103.06,CAUTION,98.9,103.94,88.7909,69.06,WHITE,1,39,0,,0,0,0,1,27,fails,0,G2 trend;G3 leader,F:2/3,,shadow-screen,,RED,
2026-07-27,ACN,0,146.99,CAUTION,136.56,143.53,126.877,42.38,WHITE,0,26,0,BREAKDOWN,0,0,0,0,22,fails,0,G2 trend;G3 leader,F:1/2,,shadow-screen,,RED,
2026-07-27,ADBE,0,225.11,CAUTION,221.68,232.99,243.185,28.26,WHITE,0,85,0,,0,0,0,1,17,fails,0,G2 trend;G3 leader;G4 basis,F:3/3,,owner-request,,RED,
2026-07-27,ADI,0,371.86,HOLD,343.86,361.41,392.536,42.38,RED,3,37,1,BREAKOUT,0,0,0,0,53,fails,0,G4 basis,F:3/3,,shadow-screen,,YELLOW,
2026-07-27,ALAB,0,291.58,HOLD,207.63,218.22,123.076,60.91,RED,4,14,1,,0,0,0,0,78,CONVICTION,1,,F:3/3,,owner-request,,YELLOW,
2026-07-27,AMAT,0,536.25,HOLD,432.78,454.86,586.461,64.04,RED,4,45,1,BREAKOUT,0,0,0,0,60,fails,0,G1 size;G4 basis,F:2/3,,owner-request,,YELLOW,
2026-07-27,AMD,1,521.95,ACCUMULATE,501.6,527.19,215.827,85.92,RED,4,19,1,BREAKOUT,0,0,0,1,70,fails,0,G1 size,F:3/3,3,holding,6,YELLOW,2
2026-07-27,AMZN,0,232.11,CAUTION,225.5,237,246.526,40.66,AMBER,2,1,0,BREAKDOWN,0,0,0,0,5,fails,0,G1 size;G2 trend;G3 leader;G4 basis,F:3/3,,owner-request,,YELLOW,
2026-07-27,ANET,0,173.99,ACCUMULATE,170.19,178.88,142.771,90.59,RED,4,15,1,BREAKOUT,1,0,1,1,72,STARTER,1,,F:3/3,8,owner-request,3,YELLOW,9
2026-07-27,APH,0,152.67,HOLD,144.19,151.55,147.137,74.1,RED,4,9,1,INSIDE,0,0,0,0,67,STARTER,1,,F:3/3,,shadow-screen,,YELLOW,
2026-07-27,APP,0,391.98,CAUTION,384.86,404.5,466.365,11.73,WHITE,0,2,0,BREAKDOWN,0,0,0,1,13,fails,0,G2 trend;G3 leader;G4 basis,F:2/2,,owner-request,,YELLOW,
2026-07-27,ARM,0,260.01,HOLD,206.46,216.99,210.673,55.08,RED,3,16,1,,0,0,0,0,63,STARTER,1,,F:3/3,,owner-request,,YELLOW,
2026-07-27,ASML,0,1757.09,HOLD,1485.42,1561.21,1788.54,68.9,RED,3,49,1,,0,1,0,0,64,fails,0,G4 basis,F:1/1,,owner-request,,YELLOW,
2026-07-27,ASTS,0,56.2,CAUTION,,,86.0499,7.45,WHITE,0,2,0,BREAKDOWN,0,0,0,0,17,fails,0,G2 trend;G3 leader;G4 basis,F:0/2,,owner-request,,YELLOW,
2026-07-27,AVGO,0,381.92,ACCUMULATE,372.14,391.13,379.737,57.11,RED,3,3,1,BREAKDOWN,0,0,0,1,35,fails,0,G1 size;G3 leader,F:3/3,,shadow-screen,,NEUTRAL,
2026-07-27,AXON,0,502.34,CAUTION,490.92,515.97,393.819,59.74,WHITE,1,37,0,,0,0,0,1,22,fails,0,G2 trend;G3 leader,F:3/3,,owner-request,,YELLOW,
2026-07-27,AXP,0,326.17,PULLBACK,307.38,323.06,341.473,48.91,AMBER,2,1,1,BREAKOUT,1,1,1,0,27,fails,0,G2 trend;G3 leader;G4 basis,F:2/3,,shadow-screen,,YELLOW,
2026-07-27,AXTI,0,47.23,CAUTION,43.44,45.66,53.7995,24.47,AMBER,2,4,0,,0,0,0,0,45,fails,0,G2 trend;G4 basis,F:0/3,,shadow-screen,,NEUTRAL,
2026-07-27,AZO,0,2957.41,CAUTION,2710.1,2848.37,3077.93,1.53,WHITE,0,23,0,BREAKDOWN,0,0,1,0,17,fails,0,G2 trend;G3 leader;G4 basis,F:2/3,,shadow-screen,,YELLOW,
2026-07-27,BA,0,209.52,CAUTION,203.51,213.89,217.965,24.07,WHITE,1,1,0,BREAKDOWN,0,0,0,1,17,fails,0,G2 trend;G3 leader;G4 basis,F:2/3,,shadow-screen,,YELLOW,
2026-07-27,BAC,0,62.05,ACCUMULATE,60.27,63.35,52.1725,99.49,RED,4,8,1,BREAKOUT,0,0,0,1,58,fails,0,G3 leader,F:2/3,,shadow-screen,,NEUTRAL,
2026-07-27,BE,0,184.89,CAUTION,149.65,157.28,278.421,41.13,AMBER,2,1,0,BREAKDOWN,0,1,0,0,34,fails,0,G2 trend;G4 basis,F:2/3,,shadow-screen,,YELLOW,
2026-07-27,BKNG,0,177.46,BOTTOMING,174.42,183.32,168.127,57.16,WHITE,0,27,0,BREAKOUT,0,0,0,1,22,fails,0,G2 trend;G3 leader,F:2/3,,shadow-screen,,YELLOW,
2026-07-27,BSX,0,44.25,CAUTION,43.71,45.94,44.6055,14.24,WHITE,0,34,0,INSIDE,0,0,0,1,22,fails,0,G2 trend;G3 leader;G4 basis,F:3/3,,shadow-screen,,RED,
2026-07-27,C,0,132.19,ACCUMULATE,130.21,136.85,132.864,70.42,RED,3,19,1,BREAKOUT,1,1,0,1,58,fails,0,G4 basis,F:2/3,,shadow-screen,,YELLOW,
2026-07-27,CAT,0,888.73,ACCUMULATE,869.34,913.7,887.084,60.92,RED,3,57,1,BREAKOUT,0,0,0,1,69,STARTER,1,,F:2/3,,shadow-screen,,YELLOW,
2026-07-27,CAVA,0,62.01,CAUTION,61.84,65,79.8304,14.69,WHITE,1,1,0,,0,0,0,1,25,fails,0,G2 trend;G3 leader;G4 basis,F:3/3,,owner-request,,YELLOW,
2026-07-27,CBRS,0,199.12,CAUTION,195.35,205.32,218.132,25.91,WHITE,0,11,0,,0,0,0,0,22,fails,0,G2 trend;G3 leader;G4 basis;G5 data,F:—,,shadow-screen,,NEUTRAL,
2026-07-27,CDE,0,15.13,CAUTION,14.06,14.78,16.2809,10.93,WHITE,0,8,0,BREAKDOWN,0,0,0,0,27,fails,0,G2 trend;G4 basis,F:2/3,,owner-request,,NEUTRAL,
2026-07-27,CEG,0,274.35,BOTTOMING,265.21,278.75,270.626,46.47,WHITE,0,26,0,BREAKOUT,0,0,0,0,37,fails,0,G2 trend;G3 leader,F:2/3,,shadow-screen,,RED,
2026-07-27,CIEN,0,390.96,PULLBACK,255.32,268.34,440.28,42.05,AMBER,2,2,1,BREAKDOWN,0,0,0,0,52,fails,0,G2 trend;G4 basis,F:3/3,,shadow-screen,,YELLOW,
2026-07-27,COHR,0,282.39,PULLBACK,247.06,259.67,252.107,43.86,AMBER,2,2,1,BREAKDOWN,0,0,1,0,57,fails,0,G2 trend,F:2/3,,shadow-screen,,YELLOW,
2026-07-27,COIN,0,158.29,CAUTION,154.06,161.92,157.201,15.22,WHITE,0,34,0,INSIDE,0,0,0,1,27,fails,0,G2 trend;G3 leader,F:1/2,,shadow-screen,,NEUTRAL,
2026-07-27,COST,0,935.03,CAUTION,908.34,954.68,955.627,27.43,WHITE,1,3,0,INSIDE,0,0,0,1,18,fails,0,G2 trend;G3 leader;G4 basis,F:2/3,,owner-request,,RED,
2026-07-27,CRCL,0,62.36,CAUTION,62.12,65.29,63.3924,6.44,WHITE,0,7,0,BREAKDOWN,0,0,0,1,22,fails,0,G2 trend;G3 leader;G4 basis,F:2/2,,shadow-screen,,NEUTRAL,
2026-07-27,CRDO,0,213.15,HOLD,185.55,195.02,247.119,57.77,RED,4,14,1,,0,0,0,0,63,fails,0,G4 basis,F:3/3,,owner-request,,YELLOW,
2026-07-27,CRM,0,163.66,CAUTION,148.58,156.17,183.972,17.23,WHITE,0,71,0,,0,0,0,0,13,fails,0,G2 trend;G3 leader;G4 basis,F:2/3,,owner-request,,YELLOW,
2026-07-27,CRWD,0,183.28,HOLD,167.89,176.46,106.509,83.45,RED,4,11,1,BREAKOUT,0,0,0,0,63,STARTER,1,,F:2/2,,owner-request,,YELLOW,
2026-07-27,CRWV,0,71.88,CAUTION,,,117.292,3.26,WHITE,0,2,0,BREAKDOWN,0,0,0,0,18,fails,0,G2 trend;G3 leader;G4 basis,F:2/2,,shadow-screen,,YELLOW,
2026-07-27,CSCO,0,114.17,ACCUMULATE,110.9,116.56,77.9846,63.52,RED,3,65,1,,0,0,0,1,73,STARTER,1,,F:2/3,,shadow-screen,,NEUTRAL,
2026-07-27,CSPX,1,801.86,ACCUMULATE,788.92,829.17,805.023,71.91,RED,3,16,1,BREAKOUT,0,0,0,1,55,fails,0,G3 leader;G4 basis,F:—,14,holding,11,YELLOW,15
2026-07-27,CVX,0,194.79,ACCUMULATE,186.04,195.53,189.832,85.14,RED,3,2,1,BREAKOUT,0,0,0,1,53,fails,0,G3 leader,F:1/3,,shadow-screen,,RED,
2026-07-27,D05,0,74.04,ACCUMULATE,70.89,74.51,57.2642,100,RED,4,67,1,BREAKOUT,0,0,0,0,75,CONVICTION,1,,F:—,6,owner-request,13,RED,7
2026-07-27,DDOG,1,246.86,ACCUMULATE,240.29,252.55,127.455,81.74,RED,4,12,1,BREAKOUT,1,0,1,1,77,CONVICTION,1,,F:2/2,4,holding,2,YELLOW,4
2026-07-27,DELL,0,437.5,HOLD,404.82,425.47,118.395,91.96,RED,4,21,1,BREAKOUT,0,0,0,0,73,STARTER,1,,F:2/2,,shadow-screen,,NEUTRAL,
2026-07-27,DRAM,1,53.2,CAUTION,49.73,52.27,58.11,18.4,AMBER,2,1,0,,1,1,1,0,34,fails,0,G2 trend;G4 basis;G5 data,F:—,,holding,,YELLOW,
2026-07-27,DUOL,0,122.24,CAUTION,96.87,101.82,98.8507,58,WHITE,0,50,0,,0,0,0,0,25,fails,0,G2 trend;G3 leader,F:2/2,,owner-request,,YELLOW,
2026-07-27,ETHA,0,14.04,CAUTION,12.98,13.65,14.754,24,WHITE,0,34,0,BREAKDOWN,0,0,1,0,25,fails,0,G2 trend;G3 leader;G4 basis,F:0/2,,owner-request,,NEUTRAL,
2026-07-27,ETN,0,404.07,ACCUMULATE,398.49,418.82,406.625,71.32,RED,3,20,1,,0,0,0,1,57,fails,0,G3 leader;G4 basis,F:3/3,,shadow-screen,,NEUTRAL,
2026-07-27,FCX,0,62.6,ACCUMULATE,60.56,63.65,61.7948,67.91,RED,3,1,1,BREAKDOWN,1,1,0,1,62,STARTER,1,,F:2/3,,shadow-screen,,RED,
2026-07-27,GE,0,353.73,ACCUMULATE,337.2,354.41,283.601,83.51,RED,4,9,1,INSIDE,1,1,1,1,63,fails,0,G3 leader,F:3/3,,shadow-screen,,NEUTRAL,
2026-07-27,GEV,0,1014.75,ACCUMULATE,991.05,1041.62,1065.33,62.96,RED,3,68,1,BREAKOUT,0,0,0,1,64,fails,0,G4 basis,F:2/3,,shadow-screen,,YELLOW,
2026-07-27,GLW,0,146.65,CAUTION,128.44,134.99,188.579,28.92,AMBER,2,2,0,BREAKDOWN,0,0,0,0,38,fails,0,G2 trend;G4 basis,F:3/3,,shadow-screen,,YELLOW,
2026-07-27,GOOG,1,319.09,PULLBACK,313.8,329.81,360.33,36.8,AMBER,2,1,1,,0,0,0,1,25,fails,0,G1 size;G2 trend;G4 basis,F:2/2,,holding,,YELLOW,
2026-07-27,GOOGL,0,319.74,PULLBACK,311.45,327.34,363.885,38.22,AMBER,2,1,1,,0,0,0,1,30,fails,0,G1 size;G2 trend;G4 basis,F:2/2,,shadow-screen,,YELLOW,
2026-07-27,GRAB,0,3.31,CAUTION,,,3.6237,3.72,WHITE,0,29,0,BREAKDOWN,0,0,0,0,20,fails,0,G2 trend;G3 leader;G4 basis,F:2/2,,owner-request,,YELLOW,
2026-07-27,GS,0,1061.23,ACCUMULATE,1027.16,1079.57,931.302,80.2,RED,4,17,1,BREAKOUT,0,0,0,1,63,STARTER,1,,F:2/2,,shadow-screen,,YELLOW,
2026-07-27,HD,0,332.98,CAUTION,327.05,343.74,333.725,40.31,WHITE,0,21,0,BREAKDOWN,0,0,0,1,17,fails,0,G2 trend;G3 leader;G4 basis,F:2/3,,shadow-screen,,YELLOW,
2026-07-27,HIMS,0,28.09,CAUTION,25.9,27.23,24.0908,48.03,AMBER,2,1,0,BREAKDOWN,0,0,0,0,22,fails,0,G2 trend;G3 leader,F:2/2,,owner-request,,YELLOW,
2026-07-27,HON,0,243.15,ACCUMULATE,235.95,247.99,224.045,80.12,RED,3,1,1,,0,0,0,0,52,fails,0,G3 leader,F:2/3,,shadow-screen,,RED,
2026-07-27,HOOD,0,94.91,HOLD,86.53,90.95,76.046,55.79,RED,3,4,1,BREAKOUT,0,0,0,0,38,fails,0,G3 leader,F:2/2,,owner-request,,YELLOW,
2026-07-27,IBIT,0,36.35,CAUTION,35.2,37,35.9225,24.22,WHITE,0,36,0,BREAKDOWN,1,0,1,1,27,fails,0,G2 trend;G3 leader,F:0/2,,owner-request,,NEUTRAL,
2026-07-27,IBM,0,214.19,CAUTION,209.25,219.93,213.523,11.77,WHITE,0,2,0,,1,1,0,1,14,fails,0,G2 trend;G3 leader,F:2/3,,shadow-screen,,YELLOW,
2026-07-27,ICE,0,145.79,CAUTION,137.43,144.44,140.234,42.65,WHITE,0,24,0,BREAKDOWN,0,0,0,0,22,fails,0,G2 trend;G3 leader,F:2/3,,owner-request,,RED,
2026-07-27,INTC,0,92.32,HOLD,44.3,46.56,45.2035,46.55,RED,3,49,1,,0,0,0,0,60,fails,0,G1 size,F:1/3,,owner-request,,YELLOW,
2026-07-27,INTU,0,296.33,CAUTION,272.98,286.9,264.525,35.58,WHITE,0,42,0,,0,0,0,0,22,fails,0,G2 trend;G3 leader,F:3/3,,shadow-screen,,RED,
2026-07-27,IONQ,0,32.84,CAUTION,,,35.34,9.12,WHITE,0,2,0,INSIDE,0,0,0,0,22,fails,0,G2 trend;G3 leader;G4 basis,F:1/3,,shadow-screen,,YELLOW,
2026-07-27,IOT,0,33.11,CAUTION,31.18,32.77,31.8175,50.85,AMBER,2,1,0,,0,0,0,0,25,fails,0,G2 trend;G3 leader,F:2/2,,owner-request,,YELLOW,
2026-07-27,IREN,0,37.07,CAUTION,34.14,35.88,41.7894,10.82,WHITE,0,2,0,BREAKDOWN,0,0,0,0,28,fails,0,G2 trend;G4 basis,F:2/2,,shadow-screen,,NEUTRAL,
2026-07-27,ISRG,0,337.5,CAUTION,327.77,344.5,403.484,2.31,WHITE,0,25,0,,1,1,0,1,17,fails,0,G2 trend;G3 leader;G4 basis,F:3/3,,shadow-screen,,YELLOW,
2026-07-27,JNJ,0,263.4,HOLD,248.8,261.49,230.268,97.95,RED,4,54,1,BREAKOUT,0,0,0,0,63,STARTER,1,,F:2/3,,shadow-screen,,NEUTRAL,
2026-07-27,JPM,0,353.21,ACCUMULATE,339.1,356.4,310.305,100,RED,4,8,1,BREAKOUT,0,1,0,1,49,fails,0,G3 leader,F:2/3,12,owner-request,4,RED,10
2026-07-27,KLAC,0,210.52,HOLD,184.78,194.2,146.195,63.29,RED,3,63,1,BREAKOUT,0,0,0,0,69,STARTER,1,,F:3/3,,owner-request,,YELLOW,
2026-07-27,KO,0,82.25,ACCUMULATE,79.65,83.71,81.2715,85.49,RED,4,29,1,BREAKOUT,0,0,0,1,57,fails,0,G3 leader,F:2/3,,shadow-screen,,YELLOW,
2026-07-27,LIN,0,512.28,ACCUMULATE,503.4,529.08,513.674,73,RED,3,24,1,,0,0,0,1,52,fails,0,G3 leader;G4 basis,F:2/3,,shadow-screen,,YELLOW,
2026-07-27,LITE,0,762.99,HOLD,699.41,735.1,871.238,42.02,RED,3,60,1,INSIDE,0,0,1,0,64,fails,0,G4 basis,F:2/3,,shadow-screen,,NEUTRAL,
2026-07-27,LLY,0,1196.03,ACCUMULATE,1178.23,1238.34,1159.39,93.33,RED,4,11,1,,0,0,0,1,59,fails,1,,F:3/3,9,owner-request,8,NEUTRAL,13
2026-07-27,LRCX,0,305.21,HOLD,257.9,271.06,321.045,58.74,RED,3,60,1,BREAKOUT,0,1,0,0,59,fails,0,G4 basis,F:3/3,,owner-request,,YELLOW,
2026-07-27,MA,0,539.66,BOTTOMING,530.03,557.08,494.824,77.46,WHITE,1,28,1,BREAKOUT,0,0,0,1,33,fails,0,G2 trend;G3 leader,F:3/3,,owner-request,,NEUTRAL,
2026-07-27,MCD,0,264.76,CAUTION,,,276.096,4.51,WHITE,0,17,0,,0,0,0,0,17,fails,0,G2 trend;G3 leader;G4 basis,F:2/3,,shadow-screen,,YELLOW,
2026-07-27,MCHP,0,78.86,PULLBACK,77.71,81.67,90.0586,37.71,AMBER,2,2,1,,0,0,0,1,27,fails,0,G2 trend;G3 leader;G4 basis,F:2/3,,shadow-screen,,YELLOW,
2026-07-27,MDB,0,298.22,CAUTION,294.03,309.03,322.776,32.61,AMBER,2,2,0,BREAKDOWN,1,0,1,1,20,fails,0,G2 trend;G3 leader;G4 basis,F:3/3,,owner-request,,YELLOW,
2026-07-27,META,0,595.19,CAUTION,557.67,586.12,610.358,23.84,WHITE,0,37,0,BREAKDOWN,0,0,0,0,5,fails,0,G1 size;G2 trend;G3 leader;G4 basis,F:2/2,,owner-request,,YELLOW,
2026-07-27,MPWR,0,1333.81,HOLD,1143.45,1201.79,1355.11,48.13,RED,3,58,1,INSIDE,0,1,0,0,67,fails,0,G4 basis,F:3/3,,shadow-screen,,NEUTRAL,
2026-07-27,MRK,0,131.07,ACCUMULATE,125.43,131.83,121.085,99.48,RED,4,38,1,,0,0,0,1,72,STARTER,1,,F:2/3,,shadow-screen,,RED,
2026-07-27,MRVL,0,194.23,HOLD,162.46,170.75,89.2744,43.53,RED,3,22,1,,0,0,1,0,60,fails,0,G1 size,F:3/3,,owner-request,,YELLOW,
2026-07-27,MS,0,214.48,ACCUMULATE,210.98,221.75,190.864,76.71,RED,4,17,1,BREAKOUT,0,0,0,1,72,STARTER,1,,F:2/3,,shadow-screen,,YELLOW,
2026-07-27,MSFT,0,381.7,CAUTION,364.18,382.76,385.865,23.07,WHITE,0,28,0,,0,0,1,0,5,fails,0,G1 size;G2 trend;G3 leader;G4 basis,F:3/3,,owner-request,,NEUTRAL,
2026-07-27,MSTR,0,91.67,CAUTION,93.03,97.77,94.9249,10.09,WHITE,0,42,0,BREAKDOWN,0,0,0,1,13,fails,0,G2 trend;G3 leader;G4 basis,F:0/2,,shadow-screen,,NEUTRAL,
2026-07-27,MU,1,920.95,ACCUMULATE,909.66,956.07,415.428,64.77,RED,4,59,1,,0,0,0,1,70,fails,0,G1 size,F:3/3,1,holding,5,YELLOW,1
2026-07-27,NBIS,1,187.77,ACCUMULATE,183.01,192.34,96.2489,54.61,RED,3,25,1,BREAKOUT,1,1,0,1,74,STARTER,1,,F:2/2,2,holding,1,YELLOW,3
2026-07-27,NEE,0,89.78,ACCUMULATE,86.45,90.86,88.215,69.51,RED,3,5,1,INSIDE,1,0,1,1,57,fails,0,G3 leader,F:2/3,,shadow-screen,,RED,
2026-07-27,NET,0,262.15,HOLD,238.58,250.75,196.946,85.64,RED,4,15,1,INSIDE,0,0,0,0,72,STARTER,1,,F:2/2,,owner-request,,YELLOW,
2026-07-27,NFLX,0,70.09,CAUTION,66.47,69.86,73.72,9.65,WHITE,0,36,0,BREAKDOWN,0,1,0,0,9,fails,0,G2 trend;G3 leader;G4 basis,F:2/3,,owner-request,,YELLOW,
2026-07-27,NKE,0,41.7,CAUTION,,,44.0571,5.63,WHITE,0,42,0,BREAKDOWN,0,0,0,0,17,fails,0,G2 trend;G3 leader;G4 basis,F:2/3,,shadow-screen,,YELLOW,
2026-07-27,NOW,0,98.78,CAUTION,93.48,98.25,102.561,33.37,WHITE,0,52,0,,0,0,0,0,13,fails,0,G2 trend;G3 leader;G4 basis,F:2/3,,shadow-screen,,YELLOW,
2026-07-27,NVDA,1,206.84,ACCUMULATE,197.71,207.79,209.265,71.47,RED,3,4,1,BREAKOUT,0,0,0,1,35,fails,0,G1 size;G3 leader;G4 basis,F:3/3,13,holding,10,NEUTRAL,11
2026-07-27,NVO,0,48.77,CAUTION,47.8,50.24,48.7778,63.97,RED,3,1,0,INSIDE,0,0,0,1,40,fails,0,G2 trend;G3 leader;G4 basis,F:—,,owner-request,,YELLOW,
2026-07-27,NXPI,0,269.24,HOLD,232.14,243.99,294.045,42.88,RED,3,13,1,,0,0,0,0,42,fails,0,G3 leader;G4 basis,F:2/3,,shadow-screen,,YELLOW,
2026-07-27,ON,0,86.81,HOLD,59.69,62.73,93.8008,38.8,RED,3,33,1,BREAKOUT,0,0,0,0,57,fails,0,G4 basis,F:2/3,,shadow-screen,,NEUTRAL,
2026-07-27,ONON,0,35.82,CAUTION,35.18,36.97,35.8967,24.14,WHITE,0,21,0,INSIDE,0,0,0,0,25,fails,0,G2 trend;G3 leader;G4 basis,F:1/1,,owner-request,,YELLOW,
2026-07-27,ORCL,0,114.99,CAUTION,,,142.7,0.21,WHITE,0,5,0,BREAKDOWN,0,1,0,0,5,fails,0,G1 size;G2 trend;G3 leader;G4 basis,F:3/3,,owner-request,,NEUTRAL,
2026-07-27,PANW,0,323.79,ACCUMULATE,319.78,336.09,166.616,85.26,RED,4,11,1,,0,0,0,1,68,STARTER,1,,F:2/3,5,owner-request,7,YELLOW,5
2026-07-27,PEP,0,136.64,CAUTION,133.82,140.65,142.322,12.42,WHITE,0,9,0,INSIDE,1,1,0,1,22,fails,0,G2 trend;G3 leader;G4 basis,F:2/3,,shadow-screen,,YELLOW,
2026-07-27,PFE,0,24.54,CAUTION,23.67,24.87,25.169,24.53,WHITE,0,6,0,BREAKDOWN,0,0,0,1,17,fails,0,G2 trend;G3 leader;G4 basis,F:2/3,,shadow-screen,,NEUTRAL,
2026-07-27,PG,0,147.41,CAUTION,141.38,148.59,144.267,46.93,WHITE,1,1,0,,0,0,0,0,22,fails,0,G2 trend;G3 leader,F:2/3,,shadow-screen,,YELLOW,
2026-07-27,PLTR,1,122.92,CAUTION,113.64,119.44,134.44,13.58,WHITE,0,24,0,,0,0,0,0,9,fails,0,G2 trend;G3 leader;G4 basis,F:2/2,,holding,,YELLOW,
2026-07-27,QCOM,0,166.97,CAUTION,133.73,140.55,131.179,29.38,AMBER,2,2,0,INSIDE,0,0,0,0,23,fails,0,G2 trend;G3 leader,F:3/3,,owner-request,,YELLOW,
2026-07-27,QQQ,0,684.23,ACCUMULATE,658.98,692.6,602.393,59.02,RED,3,16,1,BREAKDOWN,0,0,0,0,40,fails,0,G1 size;G3 leader,F:—,11,owner-request,15,YELLOW,12
2026-07-27,RBLX,0,47.55,CAUTION,45.96,48.31,46.9007,30.12,WHITE,0,33,0,BREAKDOWN,0,0,0,0,25,fails,0,G2 trend;G3 leader,F:2/2,,owner-request,,YELLOW,
2026-07-27,RDDT,0,168.73,BOTTOMING,165.97,174.44,169.36,51.65,AMBER,2,1,0,BREAKOUT,0,0,0,1,22,fails,0,G2 trend;G3 leader;G4 basis,F:2/2,,shadow-screen,,YELLOW,
2026-07-27,RKLB,0,63.91,CAUTION,46.17,48.53,68.0144,15.47,AMBER,2,3,0,BREAKDOWN,0,0,0,0,13,fails,0,G2 trend;G3 leader;G4 basis,F:1/3,,owner-request,,YELLOW,
2026-07-27,RTX,0,212.79,ACCUMULATE,206.41,216.94,175.259,99.3,RED,4,6,1,BREAKOUT,0,0,0,1,62,STARTER,1,,F:2/3,,shadow-screen,,RED,
2026-07-27,SCHW,0,101.97,ACCUMULATE,99.99,105.09,92.6562,86.33,RED,4,3,1,,0,0,0,1,52,fails,0,G3 leader,F:3/3,,shadow-screen,,NEUTRAL,
2026-07-27,SE,0,100,BOTTOMING,87.55,92.01,89.3319,49.26,WHITE,0,36,0,BREAKOUT,0,0,0,0,22,fails,0,G2 trend;G3 leader,F:2/2,,owner-request,,YELLOW,
2026-07-27,SHOP,0,113.75,CAUTION,110.56,116.2,112.82,37.01,WHITE,0,24,0,BREAKDOWN,0,0,0,0,22,fails,0,G2 trend;G3 leader,F:2/2,,owner-request,,YELLOW,
2026-07-27,SMCI,0,30.1,BOTTOMING,30.18,31.72,30.7939,40.88,WHITE,0,6,0,BREAKOUT,0,0,0,1,27,fails,0,G2 trend;G3 leader;G4 basis,F:3/3,,shadow-screen,,RED,
2026-07-27,SNDK,0,1436.56,ACCUMULATE,1385.81,1456.52,638.592,63.77,RED,3,58,1,BREAKOUT,1,1,0,1,75,fails,0,G1 size,F:3/3,,shadow-screen,,YELLOW,
2026-07-27,SNOW,0,268.06,ACCUMULATE,261.89,275.25,237.448,94.13,RED,4,7,1,BREAKOUT,0,0,0,1,67,fails,0,G3 leader,F:3/3,10,owner-request,9,NEUTRAL,8
2026-07-27,SOFI,0,16.46,BOTTOMING,15.9,16.72,17.4166,19.92,WHITE,0,23,0,BREAKOUT,0,0,0,0,17,fails,0,G2 trend;G3 leader;G4 basis,F:2/3,,owner-request,,YELLOW,
2026-07-27,SPCX,0,115.07,CAUTION,112.85,118.61,159.157,2.27,WHITE,0,3,0,,0,0,0,0,10,fails,0,G1 size;G2 trend;G3 leader;G4 basis;G5 data,F:—,,shadow-screen,,YELLOW,
2026-07-27,STX,0,851.69,HOLD,794.94,835.5,408.74,68.71,RED,3,62,1,BREAKOUT,1,1,1,0,69,STARTER,1,,F:3/3,,shadow-screen,,NEUTRAL,
2026-07-27,T,0,24.13,CAUTION,22.71,23.87,23.1778,53.98,WHITE,0,14,0,BREAKDOWN,0,1,0,0,18,fails,0,G2 trend;G3 leader,F:2/3,,shadow-screen,,RED,
2026-07-27,TER,0,349.92,ACCUMULATE,335.08,352.18,366.545,52.06,RED,3,50,1,BREAKDOWN,0,0,0,1,68,fails,0,G4 basis,F:2/3,,shadow-screen,,NEUTRAL,
2026-07-27,TMDX,0,72.26,CAUTION,71.99,75.66,69.2769,35.88,WHITE,0,18,0,INSIDE,0,0,0,1,30,fails,0,G2 trend;G3 leader,F:3/3,,owner-request,,NEUTRAL,
2026-07-27,TMO,0,568.26,HOLD,526.52,553.39,472.719,85.07,RED,3,1,1,BREAKOUT,0,0,0,0,57,fails,0,G3 leader,F:2/3,,shadow-screen,,RED,
2026-07-27,TMUS,0,180.09,CAUTION,,,186.813,12.98,WHITE,0,45,0,,0,0,1,0,17,fails,0,G2 trend;G3 leader;G4 basis,F:2/3,,shadow-screen,,YELLOW,
2026-07-27,TOST,0,29.04,CAUTION,27.55,28.95,28.1072,62.05,WHITE,1,42,0,INSIDE,0,0,0,0,35,fails,0,G2 trend;G3 leader,F:2/2,,owner-request,,YELLOW,
2026-07-27,TSLA,1,313.03,CAUTION,244.06,256.51,397.921,6.31,WHITE,0,5,0,BREAKDOWN,0,0,0,0,5,fails,0,G1 size;G2 trend;G3 leader;G4 basis,F:1/3,,holding,,YELLOW,
2026-07-27,TSM,1,403.41,HOLD,361.49,379.93,421.309,55.03,RED,3,60,1,,0,1,0,0,50,fails,0,G1 size;G4 basis,F:3/3,,holding,,YELLOW,
2026-07-27,TXN,0,279.58,HOLD,215.34,226.32,291.067,47.95,RED,3,16,1,,0,1,0,0,53,fails,0,G4 basis,F:3/3,,shadow-screen,,YELLOW,
2026-07-27,UBER,0,65.94,CAUTION,59.39,62.42,73.5988,0.75,WHITE,0,32,0,BREAKDOWN,0,0,0,0,17,fails,0,G2 trend;G3 leader;G4 basis,F:3/3,,owner-request,,YELLOW,
2026-07-27,UNH,0,420.74,HOLD,393.28,413.34,289.068,85.23,RED,4,12,1,BREAKOUT,0,0,0,0,73,STARTER,1,,F:3/3,,shadow-screen,,YELLOW,
2026-07-27,V,0,355.74,ACCUMULATE,349.13,366.94,329.468,90.18,RED,4,4,1,,0,0,0,1,48,fails,0,G3 leader,F:2/2,15,owner-request,12,NEUTRAL,14
2026-07-27,VRT,0,290.36,HOLD,258.36,271.54,307.051,52.52,RED,3,59,1,,0,0,0,0,63,fails,0,G4 basis,F:3/3,,owner-request,,YELLOW,
2026-07-27,VZ,0,46.38,PULLBACK,44.62,46.9,47.4975,60.55,AMBER,2,1,1,BREAKDOWN,0,0,0,1,33,fails,0,G2 trend;G3 leader;G4 basis,F:2/3,,shadow-screen,,RED,
2026-07-27,WDC,0,519.8,HOLD,456.91,480.22,284.844,67.55,RED,3,60,1,BREAKOUT,0,1,0,0,69,STARTER,1,,F:3/3,,shadow-screen,,YELLOW,
2026-07-27,WFC,0,86.31,ACCUMULATE,82.28,86.47,87.0812,72.98,RED,3,3,1,BREAKOUT,0,0,0,0,47,fails,0,G3 leader;G4 basis,F:2/3,,shadow-screen,,YELLOW,
2026-07-27,WMT,0,109.47,CAUTION,106.96,112.42,118.748,16.16,WHITE,0,3,0,BREAKDOWN,0,0,0,1,13,fails,0,G2 trend;G3 leader;G4 basis,F:2/3,,shadow-screen,,YELLOW,
2026-07-27,XOM,0,156.94,ACCUMULATE,154.1,161.96,149.994,85.63,RED,3,2,1,BREAKOUT,0,0,0,1,73,STARTER,1,,F:—,,shadow-screen,,RED,
2026-07-27,ZETA,0,19.13,HOLD,18.08,19,18.4446,51.62,RED,4,9,1,,0,0,0,0,50,fails,0,G3 leader,F:2/2,,shadow-screen,,YELLOW,
2026-07-27,ZS,0,142.32,CAUTION,131.98,138.71,127.394,49.41,WHITE,0,33,0,,0,0,1,0,25,fails,0,G2 trend;G3 leader,F:3/3,,owner-request,,YELLOW,
2026-07-28,0700,0,445,CAUTION,429.12,451.01,466.711,20.59,WHITE,0,24,0,,0,0,0,1,5,fails,0,G1 size;G2 trend;G3 leader;G4 basis,F:—,,owner-request,,YELLOW,
2026-07-28,1810,0,28.98,CAUTION,27.02,28.4,25.8019,41.91,WHITE,0,42,0,BREAKDOWN,0,0,0,0,10,fails,0,G1 size;G2 trend;G3 leader,F:—,,owner-request,,RED,
2026-07-28,3690,0,90.5,CAUTION,82.13,86.32,77.8804,72.43,WHITE,1,67,1,,0,0,0,0,29,fails,0,G2 trend;G3 leader,F:—,,owner-request,,RED,
2026-07-28,9992,1,160.2,CAUTION,151.17,158.89,154.259,38.33,WHITE,0,22,0,INSIDE,0,0,0,0,23,fails,0,G2 trend;G3 leader,F:—,,holding,,NEUTRAL,
2026-07-28,AAL,0,14.95,HOLD,13.7,14.4,15.829,53.18,RED,3,10,1,BREAKOUT,0,1,0,0,38,fails,0,G3 leader;G4 basis,F:2/3,,shadow-screen,,YELLOW,
2026-07-28,AAOI,0,97.82,PULLBACK,95.31,100.18,114.673,24.89,AMBER,2,3,1,BREAKDOWN,0,0,0,1,52,fails,0,G2 trend;G4 basis,F:1/3,,shadow-screen,,NEUTRAL,
2026-07-28,AAPL,1,336.91,HOLD,319.59,335.89,311.748,99.85,RED,4,18,1,BREAKOUT,0,0,0,0,55,fails,0,G1 size,F:2/3,,holding,,RED,
2026-07-28,ABBV,0,256.91,ACCUMULATE,244.71,257.2,226.226,95.59,RED,4,8,1,INSIDE,0,0,0,1,73,STARTER,1,,F:2/3,,shadow-screen,,NEUTRAL,
2026-07-28,ABT,0,104.49,CAUTION,98.9,103.94,88.7909,70.5,WHITE,1,40,0,,0,0,0,0,27,fails,0,G2 trend;G3 leader,F:2/3,,shadow-screen,,RED,
2026-07-28,ACN,0,154.06,CAUTION,136.56,143.53,126.877,42.47,WHITE,0,27,0,BREAKDOWN,0,0,0,0,22,fails,0,G2 trend;G3 leader,F:1/2,,shadow-screen,,RED,
2026-07-28,ADBE,0,237.75,CAUTION,221.68,232.99,243.185,41.29,WHITE,0,86,0,,0,0,0,0,17,fails,0,G2 trend;G3 leader;G4 basis,F:3/3,,owner-request,,RED,
2026-07-28,ADI,0,371.89,HOLD,343.86,361.41,392.536,42.87,RED,3,38,1,BREAKOUT,0,0,0,0,53,fails,0,G4 basis,F:3/3,,shadow-screen,,YELLOW,
2026-07-28,ALAB,0,282.52,HOLD,207.63,218.22,123.076,60.06,RED,3,15,1,,0,0,0,0,78,CONVICTION,1,,F:3/3,,owner-request,,YELLOW,
2026-07-28,AMAT,0,516.89,HOLD,432.78,454.86,586.461,61.77,RED,3,46,1,BREAKOUT,0,0,0,0,60,fails,0,G1 size;G4 basis,F:2/3,,owner-request,,YELLOW,
2026-07-28,AMD,1,494.95,HOLD,337.07,354.27,215.827,74.5,RED,4,20,1,BREAKOUT,0,0,0,0,65,fails,0,G1 size,F:3/3,,holding,,YELLOW,
2026-07-28,AMZN,0,231.39,CAUTION,225.5,237,246.526,36.86,AMBER,2,2,0,BREAKDOWN,0,0,0,0,5,fails,0,G1 size;G2 trend;G3 leader;G4 basis,F:3/3,,owner-request,,YELLOW,
2026-07-28,ANET,0,170.76,ACCUMULATE,166.06,174.54,142.771,82.88,RED,4,16,1,BREAKOUT,0,0,0,1,72,STARTER,1,,F:3/3,6,owner-request,7,YELLOW,7
2026-07-28,APH,0,149.28,ACCUMULATE,144.19,151.55,147.137,65.25,RED,4,10,1,INSIDE,0,0,0,0,72,STARTER,1,,F:3/3,,shadow-screen,,YELLOW,
2026-07-28,APP,0,412.73,CAUTION,402.91,423.46,466.365,20.51,WHITE,0,3,0,BREAKDOWN,0,0,0,1,13,fails,0,G2 trend;G3 leader;G4 basis,F:2/2,,owner-request,,YELLOW,
2026-07-28,ARM,0,266.33,HOLD,206.46,216.99,210.673,56.39,RED,3,17,1,,0,0,0,0,63,STARTER,1,,F:3/3,,owner-request,,YELLOW,
2026-07-28,ASML,0,1655.26,HOLD,1485.42,1561.21,1788.54,59.42,RED,3,50,1,,0,1,0,0,59,fails,0,G4 basis,F:1/1,,owner-request,,YELLOW,
2026-07-28,ASTS,0,58.29,CAUTION,56.32,59.2,86.0499,10.75,WHITE,0,3,0,BREAKDOWN,0,0,0,1,17,fails,0,G2 trend;G3 leader;G4 basis,F:0/2,,owner-request,,YELLOW,
2026-07-28,AVGO,0,383.22,ACCUMULATE,372.14,391.13,379.737,57.06,RED,3,4,1,BREAKDOWN,0,0,0,1,40,fails,0,G1 size;G3 leader,F:3/3,,shadow-screen,,NEUTRAL,
2026-07-28,AXON,0,525.48,CAUTION,517.17,543.56,393.819,65.29,WHITE,1,38,0,,0,0,0,1,27,fails,0,G2 trend;G3 leader,F:3/3,,owner-request,,NEUTRAL,
2026-07-28,AXP,0,335.39,HOLD,307.38,323.06,341.473,57.76,RED,3,1,1,BREAKOUT,1,1,1,0,37,fails,0,G3 leader;G4 basis,F:2/3,,shadow-screen,,YELLOW,
2026-07-28,AXTI,0,47.88,CAUTION,23.73,24.94,53.7995,24.64,AMBER,2,5,0,,0,0,0,0,45,fails,0,G2 trend;G4 basis,F:0/3,,shadow-screen,,NEUTRAL,
2026-07-28,AZO,0,3075.26,CAUTION,3016.37,3170.26,3077.93,24.66,WHITE,0,24,0,BREAKDOWN,0,0,1,0,17,fails,0,G2 trend;G3 leader;G4 basis,F:2/3,,shadow-screen,,RED,
2026-07-28,BA,0,211.5,CAUTION,203.51,213.89,217.965,25.65,WHITE,0,2,0,BREAKDOWN,0,0,0,1,17,fails,0,G2 trend;G3 leader;G4 basis,F:2/3,,shadow-screen,,YELLOW,
2026-07-28,BAC,0,62.13,ACCUMULATE,60.33,63.41,52.0528,98.82,RED,4,9,1,BREAKOUT,0,0,0,1,58,fails,0,G3 leader,F:2/3,,shadow-screen,,NEUTRAL,
2026-07-28,BE,0,188.18,CAUTION,149.65,157.28,278.421,41.48,AMBER,2,2,0,BREAKDOWN,0,1,0,0,34,fails,0,G2 trend;G4 basis,F:2/3,,shadow-screen,,YELLOW,
2026-07-28,BKNG,0,186.79,BOTTOMING,179.94,189.12,168.127,80.34,WHITE,1,28,1,BREAKOUT,0,0,0,1,37,fails,0,G2 trend;G3 leader,F:2/3,,shadow-screen,,NEUTRAL,
2026-07-28,BSX,0,45.51,BOTTOMING,43.71,45.94,44.6055,28.74,WHITE,0,35,0,BREAKOUT,0,0,0,1,32,fails,0,G2 trend;G3 leader,F:3/3,,shadow-screen,,RED,
2026-07-28,C,0,133.1,ACCUMULATE,130.21,136.85,132.864,73.65,RED,3,20,1,BREAKOUT,1,1,0,1,68,STARTER,1,,F:2/3,,shadow-screen,,YELLOW,
2026-07-28,CAT,0,873.28,HOLD,772.43,811.84,887.084,52.57,RED,3,58,1,BREAKOUT,0,0,0,0,58,fails,0,G4 basis,F:2/3,,shadow-screen,,YELLOW,
2026-07-28,CAVA,0,64.54,CAUTION,61.84,65,79.8304,23.2,WHITE,1,2,0,,1,1,0,1,25,fails,0,G2 trend;G3 leader;G4 basis,F:3/3,,owner-request,,YELLOW,
2026-07-28,CBRS,0,188.61,CAUTION,175.09,184.02,218.132,17.38,WHITE,0,12,0,,0,0,0,0,22,fails,0,G2 trend;G3 leader;G4 basis;G5 data,F:—,,shadow-screen,,NEUTRAL,
2026-07-28,CDE,0,15.36,CAUTION,14.06,14.78,16.2809,14.18,WHITE,0,9,0,BREAKDOWN,0,0,0,0,30,fails,0,G2 trend;G4 basis,F:2/3,,owner-request,,RED,
2026-07-28,CEG,0,270,BOTTOMING,265.21,278.75,270.626,35.14,WHITE,0,27,0,BREAKOUT,0,0,0,1,32,fails,0,G2 trend;G3 leader;G4 basis,F:2/3,,shadow-screen,,RED,
2026-07-28,CIEN,0,377.27,PULLBACK,255.32,268.34,440.28,39.33,AMBER,2,3,1,BREAKDOWN,0,0,0,0,52,fails,0,G2 trend;G4 basis,F:3/3,,shadow-screen,,YELLOW,
2026-07-28,COHR,0,271.31,PULLBACK,253.82,266.77,252.107,40.73,AMBER,2,3,1,BREAKDOWN,0,0,1,0,57,fails,0,G2 trend,F:2/3,,shadow-screen,,YELLOW,
2026-07-28,COIN,0,167.49,CAUTION,160.8,169.01,164.086,26.92,WHITE,0,35,0,INSIDE,0,0,0,1,27,fails,0,G2 trend;G3 leader,F:1/2,,shadow-screen,,RED,
2026-07-28,COST,0,951.58,BOTTOMING,930.88,978.37,949.877,42.13,WHITE,1,4,0,BREAKOUT,0,0,0,1,28,fails,0,G2 trend;G3 leader,F:2/3,,owner-request,,RED,
2026-07-28,CRCL,0,65.67,CAUTION,62.12,65.29,63.3924,16.4,WHITE,0,8,0,BREAKDOWN,0,0,0,0,27,fails,0,G2 trend;G3 leader,F:2/2,,shadow-screen,,RED,
2026-07-28,CRDO,0,208.14,HOLD,185.55,195.02,247.119,55.78,RED,3,15,1,,0,0,0,0,63,fails,0,G4 basis,F:3/3,,owner-request,,YELLOW,
2026-07-28,CRM,0,173.6,CAUTION,166.42,174.91,183.972,37.46,WHITE,0,72,0,,0,0,0,1,13,fails,0,G2 trend;G3 leader;G4 basis,F:2/3,,owner-request,,RED,
2026-07-28,CRWD,0,180.11,HOLD,167.89,176.46,106.509,81.76,RED,4,12,1,BREAKOUT,0,0,0,0,63,STARTER,1,,F:2/2,,owner-request,,YELLOW,
2026-07-28,CRWV,0,70.79,CAUTION,,,117.292,2.36,WHITE,0,3,0,BREAKDOWN,0,0,0,0,18,fails,0,G2 trend;G3 leader;G4 basis,F:2/2,,shadow-screen,,YELLOW,
2026-07-28,CSCO,0,114.57,ACCUMULATE,110.9,116.56,77.9846,63.56,RED,3,66,1,,0,0,0,1,73,STARTER,1,,F:2/3,,shadow-screen,,NEUTRAL,
2026-07-28,CSPX,1,801.86,ACCUMULATE,788.92,829.17,805.023,71.91,RED,3,16,1,BREAKOUT,0,0,0,1,55,fails,0,G3 leader;G4 basis,F:—,11,holding,11,YELLOW,12
2026-07-28,CVX,0,190,ACCUMULATE,186.04,195.53,189.832,75.83,RED,3,3,1,BREAKOUT,0,0,0,1,52,fails,0,G3 leader,F:1/3,,shadow-screen,,RED,
2026-07-28,D05,0,74,ACCUMULATE,70.74,74.35,57.4322,99.75,RED,4,67,1,BREAKOUT,0,0,0,1,75,CONVICTION,1,,F:—,5,owner-request,6,RED,6
2026-07-28,DDOG,1,251.86,ACCUMULATE,240.29,252.55,127.455,84.23,RED,4,13,1,BREAKOUT,1,0,1,1,77,CONVICTION,1,,F:2/2,4,holding,3,YELLOW,2
2026-07-28,DELL,0,426.91,HOLD,404.82,425.47,118.395,86.72,RED,4,22,1,BREAKOUT,0,0,0,0,73,STARTER,1,,F:2/2,,shadow-screen,,NEUTRAL,
2026-07-28,DRAM,1,52.43,CAUTION,49.73,52.27,53.97,15.63,AMBER,2,2,0,,0,1,0,0,34,fails,0,G2 trend;G4 basis;G5 data,F:—,,holding,,YELLOW,
2026-07-28,DUOL,0,132.82,CAUTION,96.87,101.82,98.8507,73.48,WHITE,0,51,0,,0,0,0,0,30,fails,0,G2 trend;G3 leader,F:2/2,,owner-request,,NEUTRAL,
2026-07-28,ETHA,0,14.71,CAUTION,14.46,15.2,14.754,32.35,WHITE,0,35,0,BREAKDOWN,1,0,1,1,25,fails,0,G2 trend;G3 leader;G4 basis,F:0/2,,owner-request,,RED,
2026-07-28,ETN,0,398.64,HOLD,367.7,386.46,406.625,55.79,RED,3,21,1,,0,0,0,0,47,fails,0,G3 leader;G4 basis,F:3/3,,shadow-screen,,YELLOW,
2026-07-28,FCX,0,62.72,ACCUMULATE,60.56,63.65,61.7948,67.99,RED,3,2,1,BREAKDOWN,1,1,0,1,62,STARTER,1,,F:2/3,,shadow-screen,,RED,
2026-07-28,GE,0,361.61,ACCUMULATE,351.32,369.24,283.601,91.38,RED,4,10,1,BREAKOUT,0,1,0,1,72,fails,0,G3 leader,F:3/3,,shadow-screen,,NEUTRAL,
2026-07-28,GEV,0,996.57,ACCUMULATE,982.23,1032.34,1065.33,58.16,RED,3,69,1,INSIDE,0,0,0,1,64,fails,0,G4 basis,F:2/3,,shadow-screen,,YELLOW,
2026-07-28,GLW,0,143.36,CAUTION,128.44,134.99,188.579,27.13,AMBER,2,3,0,BREAKDOWN,0,0,0,0,38,fails,0,G2 trend;G4 basis,F:3/3,,shadow-screen,,YELLOW,
2026-07-28,GOOG,1,326.57,PULLBACK,321.66,338.07,360.33,42.97,AMBER,2,2,1,,0,0,0,1,30,fails,0,G1 size;G2 trend;G4 basis,F:2/2,,holding,,YELLOW,
2026-07-28,GOOGL,0,326.56,PULLBACK,311.45,327.34,363.885,44.17,AMBER,2,2,1,,0,0,0,1,30,fails,0,G1 size;G2 trend;G4 basis,F:2/2,,shadow-screen,,YELLOW,
2026-07-28,GRAB,0,3.35,CAUTION,,,3.6237,3.67,WHITE,0,30,0,BREAKDOWN,0,0,0,0,20,fails,0,G2 trend;G3 leader;G4 basis,F:2/2,,owner-request,,YELLOW,
2026-07-28,GS,0,1048.23,ACCUMULATE,1027.16,1079.57,931.302,77.5,RED,4,18,1,BREAKOUT,0,0,0,1,63,STARTER,1,,F:2/2,,shadow-screen,,YELLOW,
2026-07-28,HD,0,336.09,CAUTION,328.48,345.24,335.183,46.01,WHITE,0,22,0,BREAKDOWN,0,0,0,1,22,fails,0,G2 trend;G3 leader,F:2/3,,shadow-screen,,NEUTRAL,
2026-07-28,HIMS,0,30.24,CAUTION,28.77,30.24,24.0908,60.24,RED,3,1,0,BREAKDOWN,0,0,0,0,40,fails,0,G2 trend;G3 leader,F:2/2,,owner-request,,YELLOW,
2026-07-28,HON,0,245.75,ACCUMULATE,235.95,247.99,224.045,88.41,RED,4,2,1,,0,0,0,0,52,fails,0,G3 leader,F:2/3,,shadow-screen,,RED,
2026-07-28,HOOD,0,95.65,HOLD,86.53,90.95,76.046,55.6,RED,3,5,1,BREAKOUT,0,0,0,0,38,fails,0,G3 leader,F:2/2,,owner-request,,YELLOW,
2026-07-28,IBIT,0,36.77,CAUTION,35.2,37,35.9225,27.94,WHITE,0,37,0,BREAKDOWN,1,0,1,1,27,fails,0,G2 trend;G3 leader,F:0/2,,owner-request,,RED,
2026-07-28,IBM,0,216.28,CAUTION,212.81,223.67,217.155,14.54,WHITE,0,3,0,,1,1,0,1,9,fails,0,G2 trend;G3 leader;G4 basis,F:2/3,,shadow-screen,,YELLOW,
2026-07-28,ICE,0,148.73,CAUTION,145.66,153.09,140.234,47.07,WHITE,0,25,0,INSIDE,0,0,0,0,27,fails,0,G2 trend;G3 leader,F:2/3,,owner-request,,RED,
2026-07-28,INTC,0,91.67,HOLD,44.3,46.56,45.2035,46.29,RED,3,50,1,,0,0,0,0,60,fails,0,G1 size,F:1/3,,owner-request,,YELLOW,
2026-07-28,INTU,0,303.91,CAUTION,272.98,286.9,264.525,40.25,WHITE,0,43,0,,0,0,0,0,22,fails,0,G2 trend;G3 leader,F:3/3,,shadow-screen,,RED,
2026-07-28,IONQ,0,35.92,CAUTION,34.63,36.4,35.34,19.36,WHITE,0,3,0,INSIDE,0,0,0,1,27,fails,0,G2 trend;G3 leader,F:1/3,,shadow-screen,,YELLOW,
2026-07-28,IOT,0,35.34,HOLD,32.93,34.61,31.8175,66.39,RED,3,1,1,,0,0,0,0,50,fails,0,G3 leader,F:2/2,,owner-request,,NEUTRAL,
2026-07-28,IREN,0,36.29,CAUTION,34.14,35.88,41.7894,10.03,WHITE,0,3,0,BREAKDOWN,0,0,0,0,28,fails,0,G2 trend;G4 basis,F:2/2,,shadow-screen,,NEUTRAL,
2026-07-28,ISRG,0,356.83,CAUTION,345.57,363.2,403.484,14.88,WHITE,0,26,0,,1,1,0,1,17,fails,0,G2 trend;G3 leader;G4 basis,F:3/3,,shadow-screen,,YELLOW,
2026-07-28,JNJ,0,265.95,ACCUMULATE,260.36,273.65,230.268,98.83,RED,4,55,1,BREAKOUT,0,0,0,1,68,STARTER,1,,F:2/3,,shadow-screen,,RED,
2026-07-28,JPM,0,356.2,ACCUMULATE,340.29,357.65,308.57,99.9,RED,4,9,1,BREAKOUT,0,1,0,1,54,fails,0,G3 leader,F:2/3,9,owner-request,4,RED,8
2026-07-28,KLAC,0,203.36,ACCUMULATE,196.31,206.32,146.195,59.98,RED,3,64,1,BREAKOUT,0,0,0,1,69,STARTER,1,,F:3/3,3,owner-request,5,YELLOW,3
2026-07-28,KO,0,84.07,HOLD,79.65,83.71,81.2715,96.2,RED,4,30,1,BREAKOUT,0,0,0,0,52,fails,0,G3 leader,F:2/3,,shadow-screen,,NEUTRAL,
2026-07-28,LIN,0,507.02,ACCUMULATE,487.07,511.92,513.674,63.67,RED,3,25,1,,0,0,0,0,52,fails,0,G3 leader;G4 basis,F:2/3,,shadow-screen,,YELLOW,
2026-07-28,LITE,0,711.96,ACCUMULATE,699.41,735.1,871.238,32.71,RED,3,61,1,BREAKDOWN,1,0,1,1,64,fails,0,G4 basis,F:2/3,,shadow-screen,,NEUTRAL,
2026-07-28,LLY,0,1197.53,ACCUMULATE,1178.23,1238.34,1159.39,93.27,RED,4,12,1,,0,0,0,1,63,STARTER,1,,F:3/3,7,owner-request,8,NEUTRAL,9
2026-07-28,LRCX,0,291.61,ACCUMULATE,287.93,302.62,321.045,55.14,RED,3,61,1,BREAKOUT,1,1,0,1,64,fails,0,G4 basis,F:3/3,2,owner-request,2,YELLOW,4
2026-07-28,MA,0,551.71,ACCUMULATE,530.03,557.08,494.824,87.85,RED,3,1,1,BREAKOUT,0,0,0,1,48,fails,0,G3 leader,F:3/3,13,owner-request,13,NEUTRAL,13
2026-07-28,MCD,0,270.67,CAUTION,263.48,276.92,276.096,15.39,WHITE,0,18,0,,0,0,0,1,17,fails,0,G2 trend;G3 leader;G4 basis,F:2/3,,shadow-screen,,NEUTRAL,
2026-07-28,MCHP,0,77.9,CAUTION,73.02,76.74,90.0586,35.62,AMBER,2,3,0,,0,0,0,0,17,fails,0,G2 trend;G3 leader;G4 basis,F:2/3,,shadow-screen,,YELLOW,
2026-07-28,MDB,0,309.71,CAUTION,294.03,309.03,322.776,39.47,AMBER,2,3,0,BREAKDOWN,0,0,1,0,20,fails,0,G2 trend;G3 leader;G4 basis,F:3/3,,owner-request,,YELLOW,
2026-07-28,META,0,593.87,CAUTION,557.67,586.12,610.358,23.77,WHITE,0,38,0,BREAKDOWN,0,0,0,0,5,fails,0,G1 size;G2 trend;G3 leader;G4 basis,F:2/2,,owner-request,,YELLOW,
2026-07-28,MPWR,0,1339.08,HOLD,1143.45,1201.79,1355.11,48.38,RED,3,59,1,INSIDE,0,1,0,0,67,fails,0,G4 basis,F:3/3,,shadow-screen,,NEUTRAL,
2026-07-28,MRK,0,130.76,ACCUMULATE,125.43,131.83,121.085,99.06,RED,4,39,1,,0,0,0,1,72,STARTER,1,,F:2/3,,shadow-screen,,RED,
2026-07-28,MRVL,0,189.17,HOLD,162.46,170.75,89.2744,41.91,RED,3,23,1,,0,0,1,0,60,fails,0,G1 size,F:3/3,,owner-request,,YELLOW,
2026-07-28,MS,0,214.56,ACCUMULATE,210.98,221.75,190.864,76.44,RED,4,18,1,BREAKOUT,0,0,0,1,72,STARTER,1,,F:2/3,,shadow-screen,,YELLOW,
2026-07-28,MSFT,0,389.1,CAUTION,383.73,403.31,391.565,35.1,WHITE,0,29,0,,1,0,1,1,5,fails,0,G1 size;G2 trend;G3 leader;G4 basis,F:3/3,,owner-request,,RED,
2026-07-28,MSTR,0,98.65,CAUTION,93.03,97.77,94.9249,17.8,WHITE,0,43,0,BREAKDOWN,0,0,0,0,18,fails,0,G2 trend;G3 leader,F:0/2,,shadow-screen,,RED,
2026-07-28,MU,1,900.2,HOLD,702.73,738.58,928.221,60.61,RED,3,60,1,,0,0,0,0,60,fails,0,G1 size;G4 basis,F:3/3,,holding,,YELLOW,
2026-07-28,NBIS,1,187.88,ACCUMULATE,183.01,192.34,96.2489,54.23,RED,3,26,1,BREAKOUT,1,1,0,1,74,STARTER,1,,F:2/2,1,holding,1,YELLOW,1
2026-07-28,NEE,0,88.83,ACCUMULATE,86.45,90.86,88.215,60.78,RED,3,6,1,INSIDE,1,0,1,1,57,fails,0,G3 leader,F:2/3,,shadow-screen,,NEUTRAL,
2026-07-28,NET,0,265.61,HOLD,238.58,250.75,196.946,88.11,RED,4,16,1,INSIDE,0,0,0,0,72,STARTER,1,,F:2/2,,owner-request,,YELLOW,
2026-07-28,NFLX,0,70.4,CAUTION,66.47,69.86,73.72,9.78,WHITE,0,37,0,BREAKDOWN,0,1,0,0,9,fails,0,G2 trend;G3 leader;G4 basis,F:2/3,,owner-request,,NEUTRAL,
2026-07-28,NKE,0,42.14,CAUTION,42.04,44.18,42.8979,17.65,WHITE,0,43,0,BREAKDOWN,0,0,0,1,17,fails,0,G2 trend;G3 leader;G4 basis,F:2/3,,shadow-screen,,YELLOW,
2026-07-28,NOW,0,105.56,CAUTION,100.51,105.64,102.561,62.07,WHITE,0,53,0,,0,0,0,1,23,fails,0,G2 trend;G3 leader,F:2/3,,shadow-screen,,NEUTRAL,
2026-07-28,NVDA,1,196.51,HOLD,184.8,194.23,209.265,53.48,RED,3,5,1,BREAKDOWN,0,0,0,0,25,fails,0,G1 size;G3 leader;G4 basis,F:3/3,,holding,,YELLOW,
2026-07-28,NVO,0,49.67,BOTTOMING,47.8,50.24,48.7778,70.84,RED,3,2,0,BREAKOUT,0,0,0,1,50,fails,0,G2 trend;G3 leader,F:—,,owner-request,,NEUTRAL,
2026-07-28,NXPI,0,267.67,HOLD,232.14,243.99,294.045,41.66,RED,3,14,1,,0,0,0,0,42,fails,0,G3 leader;G4 basis,F:2/3,,shadow-screen,,YELLOW,
2026-07-28,ON,0,89.04,ACCUMULATE,87.68,92.16,93.8008,43.76,RED,3,34,1,BREAKOUT,0,0,0,1,62,fails,0,G4 basis,F:2/3,,shadow-screen,,NEUTRAL,
2026-07-28,ONON,0,37.06,BOTTOMING,36.37,38.23,35.8967,39.66,WHITE,0,22,0,BREAKOUT,0,0,0,1,25,fails,0,G2 trend;G3 leader,F:1/1,,owner-request,,NEUTRAL,
2026-07-28,ORCL,0,119.9,CAUTION,,,142.7,2.87,WHITE,0,6,0,BREAKDOWN,0,1,0,0,5,fails,0,G1 size;G2 trend;G3 leader;G4 basis,F:3/3,,owner-request,,NEUTRAL,
2026-07-28,PANW,0,317.32,HOLD,284.44,298.95,166.616,82.6,RED,4,12,1,,0,0,0,0,63,STARTER,1,,F:2/3,,owner-request,,YELLOW,
2026-07-28,PEP,0,139.79,CAUTION,133.82,140.65,142.322,21.65,WHITE,0,10,0,INSIDE,1,1,0,1,22,fails,0,G2 trend;G3 leader;G4 basis,F:2/3,,shadow-screen,,RED,
2026-07-28,PFE,0,24.67,CAUTION,,,25.169,24.72,WHITE,0,7,0,BREAKDOWN,0,0,0,0,17,fails,0,G2 trend;G3 leader;G4 basis,F:2/3,,shadow-screen,,NEUTRAL,
2026-07-28,PG,0,148.63,CAUTION,141.38,148.59,144.267,53.93,WHITE,1,2,0,,0,0,0,0,22,fails,0,G2 trend;G3 leader,F:2/3,,shadow-screen,,NEUTRAL,
2026-07-28,PLTR,1,131.53,CAUTION,113.64,119.44,134.44,32.43,WHITE,0,25,0,,0,0,0,0,9,fails,0,G2 trend;G3 leader;G4 basis,F:2/2,,holding,,NEUTRAL,
2026-07-28,QCOM,0,170.04,CAUTION,133.73,140.55,131.179,32.58,WHITE,1,1,0,INSIDE,0,0,0,0,23,fails,0,G2 trend;G3 leader,F:3/3,,owner-request,,YELLOW,
2026-07-28,QQQ,0,682.12,ACCUMULATE,658.98,692.6,602.393,58.76,RED,3,17,1,BREAKDOWN,0,0,0,1,40,fails,0,G1 size;G3 leader,F:—,10,owner-request,10,YELLOW,11
2026-07-28,RBLX,0,48.42,CAUTION,45.96,48.31,46.9007,35.18,WHITE,0,34,0,BREAKDOWN,0,0,0,0,25,fails,0,G2 trend;G3 leader,F:2/2,,owner-request,,YELLOW,
2026-07-28,RDDT,0,179.23,HOLD,165.97,174.44,169.36,67.36,RED,3,1,1,BREAKOUT,0,0,0,0,52,fails,0,G3 leader,F:2/2,,shadow-screen,,YELLOW,
2026-07-28,RKLB,0,66.94,CAUTION,66.65,70.05,68.0144,22.49,AMBER,2,4,0,BREAKDOWN,0,0,0,1,23,fails,0,G2 trend;G4 basis,F:1/3,,owner-request,,YELLOW,
2026-07-28,RTX,0,218.42,ACCUMULATE,212.88,223.74,195.718,99.68,RED,4,7,1,BREAKOUT,0,0,0,1,62,STARTER,1,,F:2/3,,shadow-screen,,RED,
2026-07-28,SCHW,0,104.18,ACCUMULATE,99.99,105.09,92.6562,98.63,RED,4,4,1,,0,0,0,1,52,fails,0,G3 leader,F:3/3,,shadow-screen,,NEUTRAL,
2026-07-28,SE,0,104.39,BOTTOMING,104.12,109.44,89.3319,57.21,WHITE,1,37,0,BREAKOUT,0,0,0,1,22,fails,0,G2 trend;G3 leader,F:2/2,,owner-request,,NEUTRAL,
2026-07-28,SHOP,0,126.88,BOTTOMING,120.92,127.09,112.82,76.66,WHITE,1,25,1,BREAKOUT,0,0,0,1,37,fails,0,G2 trend;G3 leader,F:2/2,,owner-request,,NEUTRAL,
2026-07-28,SMCI,0,29.81,BOTTOMING,30.18,31.72,30.7939,41.21,WHITE,0,7,0,BREAKOUT,0,0,0,1,27,fails,0,G2 trend;G3 leader;G4 basis,F:3/3,,shadow-screen,,RED,
2026-07-28,SNDK,0,1278.23,HOLD,891.82,937.32,638.592,53.68,RED,3,59,1,BREAKOUT,0,1,0,0,65,fails,0,G1 size,F:3/3,,shadow-screen,,YELLOW,
2026-07-28,SNOW,0,272.92,ACCUMULATE,261.89,275.25,237.448,97.56,RED,4,8,1,BREAKOUT,0,0,0,1,72,fails,0,G3 leader,F:3/3,8,owner-request,9,NEUTRAL,5
2026-07-28,SOFI,0,16.88,BOTTOMING,15.9,16.72,17.4166,28.93,WHITE,0,24,0,BREAKOUT,0,0,0,0,17,fails,0,G2 trend;G3 leader;G4 basis,F:2/3,,owner-request,,YELLOW,
2026-07-28,SPCX,0,113.5,CAUTION,111.74,117.44,158.864,3.17,WHITE,0,4,0,,0,0,0,0,10,fails,0,G1 size;G2 trend;G3 leader;G4 basis;G5 data,F:—,,shadow-screen,,YELLOW,
2026-07-28,STX,0,816.99,ACCUMULATE,794.94,835.5,408.74,62.4,RED,3,63,1,BREAKOUT,1,1,0,1,74,STARTER,1,,F:3/3,,shadow-screen,,YELLOW,
2026-07-28,T,0,24.42,CAUTION,22.71,23.87,23.1778,57.89,WHITE,0,15,0,BREAKDOWN,0,0,0,0,18,fails,0,G2 trend;G3 leader,F:2/3,,shadow-screen,,RED,
2026-07-28,TER,0,334.77,HOLD,310.95,326.81,366.545,41.98,RED,3,51,1,BREAKDOWN,0,0,0,0,67,fails,0,G4 basis,F:2/3,,shadow-screen,,YELLOW,
2026-07-28,TMDX,0,74.28,CAUTION,71.99,75.66,73.4611,42.64,WHITE,0,19,0,INSIDE,0,0,0,1,30,fails,0,G2 trend;G3 leader,F:3/3,,owner-request,,RED,
2026-07-28,TMO,0,559.53,HOLD,526.52,553.39,472.719,82.05,RED,3,2,1,BREAKOUT,0,0,0,0,57,fails,0,G3 leader,F:2/3,,shadow-screen,,RED,
2026-07-28,TMUS,0,177.21,CAUTION,,,186.813,7.25,WHITE,0,46,0,,0,0,0,0,17,fails,0,G2 trend;G3 leader;G4 basis,F:2/3,,shadow-screen,,YELLOW,
2026-07-28,TOST,0,30.84,BOTTOMING,27.55,28.95,28.1072,80.99,WHITE,1,43,1,BREAKOUT,0,0,0,0,40,fails,0,G2 trend;G3 leader,F:2/2,,owner-request,,NEUTRAL,
2026-07-28,TSLA,1,309.22,CAUTION,244.06,256.51,397.921,5.95,WHITE,0,6,0,BREAKDOWN,0,0,0,0,5,fails,0,G1 size;G2 trend;G3 leader;G4 basis,F:1/3,,holding,,YELLOW,
2026-07-28,TSM,1,399.09,HOLD,361.49,379.93,407.324,52.32,RED,3,61,1,,0,1,0,0,45,fails,0,G1 size;G4 basis,F:3/3,,holding,,YELLOW,
2026-07-28,TXN,0,279.41,HOLD,215.34,226.32,291.067,47.98,RED,3,17,1,,0,1,0,0,53,fails,0,G4 basis,F:3/3,,shadow-screen,,YELLOW,
2026-07-28,UBER,0,68.18,CAUTION,59.39,62.42,73.5988,4.62,WHITE,0,33,0,BREAKDOWN,0,0,0,0,17,fails,0,G2 trend;G3 leader;G4 basis,F:3/3,,owner-request,,YELLOW,
2026-07-28,UNH,0,417.64,HOLD,393.28,413.34,289.068,83.35,RED,4,13,1,BREAKOUT,0,0,0,0,73,STARTER,1,,F:3/3,,shadow-screen,,YELLOW,
2026-07-28,V,0,362.53,ACCUMULATE,349.13,366.94,329.468,98.53,RED,4,5,1,,0,0,0,1,48,fails,0,G3 leader,F:2/2,12,owner-request,12,NEUTRAL,10
2026-07-28,VRT,0,287.6,HOLD,258.36,271.54,307.051,51.52,RED,3,60,1,,0,0,0,0,67,fails,0,G4 basis,F:3/3,,owner-request,,YELLOW,
2026-07-28,VZ,0,47.32,PULLBACK,46.53,48.91,47.4842,73.73,AMBER,2,2,1,INSIDE,0,0,0,0,42,fails,0,G2 trend;G3 leader;G4 basis,F:2/3,,shadow-screen,,RED,
2026-07-28,WDC,0,497.92,HOLD,463.26,486.9,284.844,63.38,RED,3,61,1,BREAKOUT,0,1,0,0,69,STARTER,1,,F:3/3,,shadow-screen,,YELLOW,
2026-07-28,WFC,0,87.27,ACCUMULATE,85.34,89.69,87.0812,82.67,RED,3,4,1,BREAKOUT,0,0,0,1,52,fails,0,G3 leader,F:2/3,,shadow-screen,,NEUTRAL,
2026-07-28,WMT,0,111.74,CAUTION,106.96,112.42,118.748,22.85,WHITE,0,4,0,BREAKDOWN,0,0,0,1,13,fails,0,G2 trend;G3 leader;G4 basis,F:2/3,,shadow-screen,,RED,
2026-07-28,XOM,0,154.77,HOLD,146.99,154.49,149.994,81.31,RED,3,3,1,BREAKOUT,0,0,0,0,63,STARTER,1,,F:—,,shadow-screen,,RED,
2026-07-28,ZETA,0,20.74,HOLD,19.19,20.17,18.4446,74.38,RED,4,10,1,,0,0,0,0,55,fails,0,G3 leader,F:2/2,,shadow-screen,,NEUTRAL,
2026-07-28,ZS,0,147.3,CAUTION,143.87,151.21,146.806,59.76,WHITE,0,34,0,,1,0,1,1,25,fails,0,G2 trend;G3 leader,F:3/3,,owner-request,,NEUTRAL,
2026-07-29,0700,0,463,CAUTION,457.38,480.71,466.711,40.95,WHITE,0,24,0,,0,0,0,1,5,fails,0,G1 size;G2 trend;G3 leader;G4 basis,F:—,,owner-request,,NEUTRAL,
2026-07-29,1810,0,31.8,CAUTION,31.36,32.96,25.8019,58.2,WHITE,1,42,0,INSIDE,0,0,0,0,15,fails,0,G1 size;G2 trend;G3 leader,F:—,,owner-request,,RED,
2026-07-29,3690,0,92.4,CAUTION,82.13,86.32,77.8804,73.92,WHITE,1,67,1,,0,0,0,0,29,fails,0,G2 trend;G3 leader,F:—,,owner-request,,RED,
2026-07-29,9992,1,167.2,BOTTOMING,151.17,158.89,154.259,50.01,WHITE,0,22,0,BREAKOUT,0,0,0,0,18,fails,0,G2 trend;G3 leader,F:—,,holding,,RED,
2026-07-29,AAL,0,15.36,ACCUMULATE,14.83,15.59,15.1365,61.35,RED,4,10,1,BREAKOUT,1,1,0,1,53,fails,0,G3 leader,F:2/3,,shadow-screen,,NEUTRAL,
2026-07-29,AAOI,0,88.14,CAUTION,44.12,46.37,114.673,18.85,AMBER,2,3,0,BREAKDOWN,0,0,0,0,42,fails,0,G2 trend;G4 basis,F:1/3,,shadow-screen,,YELLOW,
2026-07-29,AAPL,1,340.08,ACCUMULATE,324.42,340.97,310.993,99.28,RED,4,18,1,BREAKOUT,0,0,0,0,60,fails,0,G1 size,F:2/3,8,holding,16,RED,4
2026-07-29,ABBV,0,263.2,HOLD,249.06,261.77,225.908,99.4,RED,4,8,1,BREAKOUT,0,0,0,0,73,STARTER,1,,F:2/3,,shadow-screen,,NEUTRAL,
2026-07-29,ABT,0,107.27,CAUTION,104.84,110.19,88.7909,74.75,WHITE,1,40,1,,0,0,0,1,37,fails,0,G2 trend;G3 leader,F:2/3,,shadow-screen,,RED,
2026-07-29,ACN,0,164.66,CAUTION,163.44,171.78,126.877,46.69,WHITE,0,27,0,BREAKDOWN,0,0,0,1,22,fails,0,G2 trend;G3 leader,F:1/2,,shadow-screen,,RED,
2026-07-29,ADBE,0,249.18,CAUTION,246.64,259.23,243.185,59.65,WHITE,0,86,0,,0,0,0,0,22,fails,0,G2 trend;G3 leader,F:3/3,,owner-request,,RED,
2026-07-29,ADI,0,365.83,HOLD,343.86,361.41,392.536,39.97,RED,3,38,1,BREAKOUT,0,0,0,0,53,fails,0,G4 basis,F:3/3,,shadow-screen,,YELLOW,
2026-07-29,ALAB,0,260.23,HOLD,207.63,218.22,123.076,58.51,RED,3,15,1,,0,0,0,0,68,STARTER,1,,F:3/3,,owner-request,,YELLOW,
2026-07-29,AMAT,0,476.46,HOLD,432.78,454.86,586.461,56.67,RED,3,46,1,BREAKOUT,0,0,0,0,55,fails,0,G1 size;G4 basis,F:2/3,,owner-request,,YELLOW,
2026-07-29,AMD,1,454.62,HOLD,337.07,354.27,215.827,67.83,RED,3,20,1,BREAKOUT,0,0,0,0,65,fails,0,G1 size,F:3/3,,holding,,YELLOW,
2026-07-29,AMZN,0,230.86,CAUTION,225.5,237,246.526,36.99,AMBER,2,2,0,BREAKDOWN,0,0,0,1,5,fails,0,G1 size;G2 trend;G3 leader;G4 basis,F:3/3,,owner-request,,YELLOW,
2026-07-29,ANET,0,169.71,ACCUMULATE,166.06,174.54,142.771,83.01,RED,4,16,1,BREAKOUT,1,0,1,1,72,STARTER,1,,F:3/3,10,owner-request,3,YELLOW,9
2026-07-29,APH,0,143.85,HOLD,135.75,142.68,147.137,52.57,RED,3,10,1,BREAKDOWN,0,0,0,0,52,fails,0,G4 basis,F:3/3,,shadow-screen,,YELLOW,
2026-07-29,APP,0,418.22,CAUTION,402.91,423.46,466.365,23.55,WHITE,0,3,0,BREAKDOWN,0,0,0,1,13,fails,0,G2 trend;G3 leader;G4 basis,F:2/2,,owner-request,,YELLOW,
2026-07-29,ARM,0,244.74,HOLD,206.46,216.99,210.673,52.74,RED,3,17,1,,0,0,0,0,63,STARTER,1,,F:3/3,,owner-request,,YELLOW,
2026-07-29,ASML,0,1582.95,ACCUMULATE,1538.89,1617.41,1788.54,54.69,RED,3,50,1,,1,1,0,1,59,fails,0,G4 basis,F:1/1,2,owner-request,1,YELLOW,12
2026-07-29,ASTS,0,56.55,CAUTION,56.32,59.2,86.0499,9.44,WHITE,0,3,0,BREAKDOWN,0,0,0,1,17,fails,0,G2 trend;G3 leader;G4 basis,F:0/2,,owner-request,,YELLOW,
2026-07-29,AVGO,0,380.91,ACCUMULATE,372.14,391.13,379.737,57.15,RED,3,4,1,BREAKDOWN,0,0,0,1,40,fails,0,G1 size;G3 leader,F:3/3,,shadow-screen,,NEUTRAL,
2026-07-29,AXON,0,547.65,HOLD,517.17,543.56,393.819,72.14,RED,3,1,1,,0,0,0,0,47,fails,0,G3 leader,F:3/3,,owner-request,,NEUTRAL,
2026-07-29,AXP,0,336.63,HOLD,307.38,323.06,341.473,57.96,RED,3,1,1,BREAKOUT,1,1,1,0,37,fails,0,G3 leader;G4 basis,F:2/3,,shadow-screen,,YELLOW,
2026-07-29,AXTI,0,42.76,CAUTION,23.73,24.94,53.7995,19.17,AMBER,2,5,0,,0,0,0,0,45,fails,0,G2 trend;G4 basis,F:0/3,,shadow-screen,,NEUTRAL,
2026-07-29,AZO,0,3118.8,CAUTION,3016.37,3170.26,3077.93,41.67,WHITE,0,24,0,BREAKDOWN,0,0,1,0,22,fails,0,G2 trend;G3 leader,F:2/3,,shadow-screen,,RED,
2026-07-29,BA,0,221.56,PULLBACK,213.61,224.5,217.965,55.92,AMBER,2,1,1,INSIDE,1,1,0,1,37,fails,0,G2 trend;G3 leader,F:2/3,,shadow-screen,,RED,
2026-07-29,BAC,0,62.62,ACCUMULATE,60.33,63.41,52.0564,99.84,RED,4,9,1,INSIDE,0,0,0,1,63,fails,0,G3 leader,F:2/3,,shadow-screen,,NEUTRAL,
2026-07-29,BE,0,166.84,CAUTION,149.65,157.28,278.421,38.9,AMBER,2,2,0,BREAKDOWN,0,1,0,0,34,fails,0,G2 trend;G4 basis,F:2/3,,shadow-screen,,YELLOW,
2026-07-29,BKNG,0,199.31,BOTTOMING,192.35,202.17,168.127,85.64,WHITE,1,28,1,BREAKOUT,0,0,0,1,37,fails,0,G2 trend;G3 leader,F:2/3,,shadow-screen,,RED,
2026-07-29,BSX,0,46.06,BOTTOMING,43.71,45.94,44.6055,30.54,WHITE,0,35,0,BREAKOUT,0,0,0,0,32,fails,0,G2 trend;G3 leader,F:3/3,,shadow-screen,,RED,
2026-07-29,C,0,132.47,ACCUMULATE,130.21,136.85,132.864,69.98,RED,3,20,1,BREAKOUT,1,1,0,1,58,fails,0,G4 basis,F:2/3,,shadow-screen,,YELLOW,
2026-07-29,CAT,0,840.85,HOLD,772.43,811.84,887.084,45.11,RED,3,58,1,BREAKOUT,0,0,0,0,58,fails,0,G4 basis,F:2/3,,shadow-screen,,YELLOW,
2026-07-29,CAVA,0,65,CAUTION,61.84,65,79.8304,24.01,WHITE,1,2,0,,0,1,0,0,25,fails,0,G2 trend;G3 leader;G4 basis,F:3/3,,owner-request,,YELLOW,
2026-07-29,CBRS,0,192.72,CAUTION,175.09,184.02,218.132,21.65,WHITE,0,12,0,,0,0,0,0,22,fails,0,G2 trend;G3 leader;G4 basis;G5 data,F:—,,shadow-screen,,NEUTRAL,
2026-07-29,CDE,0,14.91,CAUTION,,,16.2809,9.49,WHITE,0,9,0,BREAKDOWN,0,0,0,0,30,fails,0,G2 trend;G4 basis,F:2/3,,owner-request,,NEUTRAL,
2026-07-29,CEG,0,259.82,BOTTOMING,246.85,259.45,270.626,23.58,WHITE,0,27,0,BREAKOUT,0,0,0,0,27,fails,0,G2 trend;G3 leader;G4 basis,F:2/3,,shadow-screen,,NEUTRAL,
2026-07-29,CIEN,0,350.51,CAUTION,333.61,350.63,440.28,37.23,AMBER,2,3,0,BREAKDOWN,1,1,0,1,42,fails,0,G2 trend;G4 basis,F:3/3,,shadow-screen,,YELLOW,
2026-07-29,COHR,0,243.33,CAUTION,226.79,238.36,252.107,25.84,AMBER,2,3,0,BREAKDOWN,0,1,0,0,42,fails,0,G2 trend;G4 basis,F:2/3,,shadow-screen,,YELLOW,
2026-07-29,COIN,0,167.9,CAUTION,160.8,169.01,164.086,32.7,WHITE,0,35,0,INSIDE,0,0,0,1,27,fails,0,G2 trend;G3 leader,F:1/2,,shadow-screen,,RED,
2026-07-29,COST,0,966.58,BOTTOMING,930.88,978.37,949.877,52.14,WHITE,1,4,1,BREAKOUT,0,0,0,1,38,fails,0,G2 trend;G3 leader,F:2/3,,owner-request,,RED,
2026-07-29,CRCL,0,64.32,CAUTION,62.12,65.29,63.3924,12.09,WHITE,0,8,0,BREAKDOWN,0,0,0,1,27,fails,0,G2 trend;G3 leader,F:2/2,,shadow-screen,,NEUTRAL,
2026-07-29,CRDO,0,192.28,ACCUMULATE,188.01,197.6,247.119,50.77,RED,3,15,1,,0,0,0,1,72,fails,0,G4 basis,F:3/3,4,owner-request,6,YELLOW,3
2026-07-29,CRM,0,181.5,CAUTION,172.37,181.16,183.972,51.59,WHITE,0,72,0,,0,0,0,0,13,fails,0,G2 trend;G3 leader;G4 basis,F:2/3,,owner-request,,RED,
2026-07-29,CRWD,0,181.8,HOLD,167.89,176.46,106.509,82.32,RED,4,12,1,BREAKOUT,0,0,0,0,63,STARTER,1,,F:2/2,,owner-request,,YELLOW,
2026-07-29,CRWV,0,67.3,CAUTION,,,117.292,1.37,WHITE,0,3,0,BREAKDOWN,0,0,0,0,18,fails,0,G2 trend;G3 leader;G4 basis,F:2/2,,shadow-screen,,YELLOW,
2026-07-29,CSCO,0,115.58,ACCUMULATE,110.9,116.56,77.9846,68.6,RED,3,66,1,,0,0,0,1,73,STARTER,1,,F:2/3,,shadow-screen,,RED,
2026-07-29,CSPX,1,796.66,HOLD,746.11,784.17,805.023,61.33,RED,3,17,1,BREAKOUT,0,0,0,0,50,fails,0,G3 leader;G4 basis,F:—,,holding,,YELLOW,
2026-07-29,CVX,0,187.58,HOLD,178.07,187.16,189.832,63.57,RED,3,3,1,BREAKOUT,0,0,0,0,42,fails,0,G3 leader;G4 basis,F:1/3,,shadow-screen,,NEUTRAL,
2026-07-29,D05,0,74.19,ACCUMULATE,70.74,74.35,57.4322,100,RED,4,67,1,BREAKOUT,0,0,0,1,75,CONVICTION,1,,F:—,7,owner-request,8,RED,5
2026-07-29,DDOG,1,250.88,ACCUMULATE,240.29,252.55,127.455,84.19,RED,4,13,1,BREAKOUT,1,0,1,1,72,STARTER,1,,F:2/2,6,holding,2,YELLOW,2
2026-07-29,DELL,0,392.1,HOLD,237.25,249.35,118.395,65.03,RED,4,22,1,BREAKOUT,0,0,0,0,73,STARTER,1,,F:2/2,,shadow-screen,,YELLOW,
2026-07-29,DRAM,1,47.77,CAUTION,46.58,48.96,53.97,7.44,AMBER,2,2,0,,1,1,0,1,34,fails,0,G2 trend;G4 basis;G5 data,F:—,,holding,,YELLOW,
2026-07-29,DUOL,0,140.73,CAUTION,96.87,101.82,98.8507,77.2,WHITE,1,51,0,,0,0,0,0,30,fails,0,G2 trend;G3 leader,F:2/2,,owner-request,,RED,
2026-07-29,ETHA,0,14.49,CAUTION,12.98,13.65,14.754,29.67,WHITE,0,35,0,BREAKDOWN,0,0,1,0,25,fails,0,G2 trend;G3 leader;G4 basis,F:0/2,,owner-request,,RED,
2026-07-29,ETN,0,386.26,PULLBACK,370.26,389.15,406.625,46.73,AMBER,2,1,1,,0,0,0,0,27,fails,0,G2 trend;G3 leader;G4 basis,F:3/3,,shadow-screen,,YELLOW,
2026-07-29,FCX,0,61.64,ACCUMULATE,60.56,63.65,61.7948,56.16,RED,3,2,1,BREAKDOWN,1,1,0,1,52,fails,0,G4 basis,F:2/3,,shadow-screen,,NEUTRAL,
2026-07-29,GE,0,363.59,ACCUMULATE,351.32,369.24,283.601,91.04,RED,4,10,1,BREAKOUT,0,1,0,1,72,fails,0,G3 leader,F:3/3,,shadow-screen,,NEUTRAL,
2026-07-29,GEV,0,943.38,ACCUMULATE,920.43,967.39,1065.33,48.46,RED,3,69,1,BREAKDOWN,1,1,0,1,59,fails,0,G4 basis,F:2/3,,shadow-screen,,YELLOW,
2026-07-29,GLW,0,126.01,CAUTION,118.37,124.41,188.579,19.24,AMBER,2,3,0,BREAKDOWN,0,1,0,0,38,fails,0,G2 trend;G4 basis,F:3/3,,shadow-screen,,YELLOW,
2026-07-29,GOOG,1,332.6,ACCUMULATE,321.66,338.07,360.33,46.31,RED,3,1,1,,0,0,0,1,45,fails,0,G1 size;G4 basis,F:2/2,5,holding,7,YELLOW,16
2026-07-29,GOOGL,0,333.71,HOLD,311.45,327.34,363.885,47.51,RED,3,1,1,,0,0,0,0,40,fails,0,G1 size;G4 basis,F:2/2,,shadow-screen,,YELLOW,
2026-07-29,GRAB,0,3.45,CAUTION,,,3.6237,13.22,WHITE,0,30,0,BREAKDOWN,0,0,1,0,20,fails,0,G2 trend;G3 leader;G4 basis,F:2/2,,owner-request,,YELLOW,
2026-07-29,GS,0,1033.34,ACCUMULATE,1005.69,1057,931.302,70.18,RED,4,18,1,BREAKOUT,0,0,0,0,63,STARTER,1,,F:2/2,,shadow-screen,,YELLOW,
2026-07-29,HD,0,344.47,CAUTION,328.48,345.24,335.183,59.71,WHITE,1,22,0,BREAKDOWN,0,0,0,1,22,fails,0,G2 trend;G3 leader,F:2/3,,shadow-screen,,NEUTRAL,
2026-07-29,HIMS,0,29.32,CAUTION,28.77,30.24,29.3603,53.46,AMBER,2,2,0,BREAKDOWN,0,0,0,1,20,fails,0,G2 trend;G3 leader;G4 basis,F:2/2,,owner-request,,YELLOW,
2026-07-29,HON,0,247.05,ACCUMULATE,235.95,247.99,224.045,89.65,RED,4,2,1,,0,0,0,0,52,fails,0,G3 leader,F:2/3,,shadow-screen,,RED,
2026-07-29,HOOD,0,92.76,PULLBACK,86.53,90.95,76.046,53.38,AMBER,2,1,1,BREAKOUT,0,0,0,0,28,fails,0,G2 trend;G3 leader,F:2/2,,owner-request,,YELLOW,
2026-07-29,IBIT,0,36.14,CAUTION,35.2,37,35.9225,20.65,WHITE,0,37,0,BREAKDOWN,1,0,1,1,27,fails,0,G2 trend;G3 leader,F:0/2,,owner-request,,NEUTRAL,
2026-07-29,IBM,0,227.55,CAUTION,223.49,234.89,217.155,31.23,WHITE,0,3,0,,0,1,0,0,14,fails,0,G2 trend;G3 leader,F:2/3,,shadow-screen,,NEUTRAL,
2026-07-29,ICE,0,152.72,BOTTOMING,145.66,153.09,140.234,52.8,WHITE,1,25,0,BREAKOUT,0,0,0,1,22,fails,0,G2 trend;G3 leader,F:2/3,,owner-request,,RED,
2026-07-29,INTC,0,86.3,HOLD,44.3,46.56,45.2035,45.02,RED,3,50,1,,0,0,0,0,60,fails,0,G1 size,F:1/3,,owner-request,,YELLOW,
2026-07-29,INTU,0,312.99,CAUTION,305.04,320.6,264.525,49.22,WHITE,0,43,0,,0,0,0,1,22,fails,0,G2 trend;G3 leader,F:3/3,,shadow-screen,,RED,
2026-07-29,IONQ,0,33.88,CAUTION,,,35.34,11.84,WHITE,0,3,0,INSIDE,0,0,0,0,22,fails,0,G2 trend;G3 leader;G4 basis,F:1/3,,shadow-screen,,YELLOW,
2026-07-29,IOT,0,37.5,ACCUMULATE,36.42,38.28,31.8175,82.57,RED,3,1,1,,0,0,0,1,55,fails,0,G3 leader,F:2/2,16,owner-request,15,NEUTRAL,10
2026-07-29,IREN,0,33.93,CAUTION,32.9,34.58,41.7894,7.03,WHITE,0,3,0,BREAKDOWN,0,0,0,1,28,fails,0,G2 trend;G4 basis,F:2/2,,shadow-screen,,NEUTRAL,
2026-07-29,ISRG,0,361.8,CAUTION,342.01,359.46,403.484,16.28,WHITE,0,26,0,,0,1,0,0,13,fails,0,G2 trend;G3 leader;G4 basis,F:3/3,,shadow-screen,,NEUTRAL,
2026-07-29,JNJ,0,266.73,ACCUMULATE,261.17,274.5,229.594,97.75,RED,4,55,1,BREAKOUT,0,0,0,1,68,STARTER,1,,F:2/3,,shadow-screen,,RED,
2026-07-29,JPM,0,357.31,ACCUMULATE,348.9,366.71,310.881,99.69,RED,4,9,1,INSIDE,0,1,0,0,59,fails,0,G3 leader,F:2/3,12,owner-request,11,RED,8
2026-07-29,KLAC,0,190.8,ACCUMULATE,184.78,194.2,146.195,53.4,RED,3,64,1,BREAKOUT,0,0,0,1,64,STARTER,1,,F:3/3,3,owner-request,5,YELLOW,7
2026-07-29,KO,0,88.27,ACCUMULATE,86.36,90.77,81.3581,99.08,RED,4,30,1,BREAKOUT,0,0,0,0,62,fails,0,G3 leader,F:2/3,,shadow-screen,,RED,
2026-07-29,LIN,0,511.18,ACCUMULATE,503.4,529.08,513.674,67.35,RED,3,25,1,,0,0,0,1,52,fails,0,G3 leader;G4 basis,F:2/3,,shadow-screen,,YELLOW,
2026-07-29,LITE,0,651.93,PULLBACK,630.79,662.98,871.238,25.89,AMBER,2,1,1,BREAKDOWN,1,0,1,1,44,fails,0,G2 trend;G4 basis,F:2/3,,shadow-screen,,YELLOW,
2026-07-29,LLY,0,1220.66,ACCUMULATE,1178.23,1238.34,1159.39,98.13,RED,4,12,1,INSIDE,0,0,0,1,68,STARTER,1,,F:3/3,9,owner-request,9,NEUTRAL,11
2026-07-29,LRCX,0,269.61,PULLBACK,257.9,271.06,321.045,49.27,AMBER,2,1,1,BREAKOUT,1,1,0,1,44,fails,0,G2 trend;G4 basis,F:3/3,,owner-request,,YELLOW,
2026-07-29,MA,0,562.75,ACCUMULATE,553.91,582.18,494.824,91.61,RED,3,1,1,BREAKOUT,0,0,0,1,48,fails,0,G3 leader,F:3/3,15,owner-request,14,RED,15
2026-07-29,MCD,0,273.02,CAUTION,263.48,276.92,276.096,21.91,WHITE,0,18,0,,0,0,0,1,17,fails,0,G2 trend;G3 leader;G4 basis,F:2/3,,shadow-screen,,RED,
2026-07-29,MCHP,0,75.71,CAUTION,74.77,78.59,90.0586,32.74,AMBER,2,3,0,,0,0,0,1,17,fails,0,G2 trend;G3 leader;G4 basis,F:2/3,,shadow-screen,,YELLOW,
2026-07-29,MDB,0,310.62,CAUTION,297.75,312.94,322.776,39.68,AMBER,2,3,0,BREAKDOWN,1,0,1,1,20,fails,0,G2 trend;G3 leader;G4 basis,F:3/3,,owner-request,,YELLOW,
2026-07-29,META,0,593.41,CAUTION,557.67,586.12,610.358,24.18,WHITE,0,38,0,BREAKDOWN,0,0,0,0,5,fails,0,G1 size;G2 trend;G3 leader;G4 basis,F:2/2,,owner-request,,YELLOW,
2026-07-29,MPWR,0,1282.01,PULLBACK,1143.45,1201.79,1355.11,36.59,AMBER,2,1,1,BREAKDOWN,0,0,0,0,47,fails,0,G2 trend;G4 basis,F:3/3,,shadow-screen,,NEUTRAL,
2026-07-29,MRK,0,131.82,ACCUMULATE,128.42,134.97,120.881,99.14,RED,4,39,1,,0,0,0,1,72,STARTER,1,,F:2/3,,shadow-screen,,RED,
2026-07-29,MRVL,0,174.47,HOLD,162.46,170.75,89.2744,38.28,RED,3,23,1,,0,0,0,0,60,fails,0,G1 size,F:3/3,,owner-request,,YELLOW,
2026-07-29,MS,0,211.58,HOLD,197.68,207.77,215.288,70.52,RED,4,18,1,BREAKOUT,0,0,1,0,62,fails,0,G4 basis,F:2/3,,shadow-screen,,YELLOW,
2026-07-29,MSFT,0,393.35,CAUTION,383.73,403.31,391.565,39.08,WHITE,0,29,0,,1,0,1,1,10,fails,0,G1 size;G2 trend;G3 leader,F:3/3,,owner-request,,RED,
2026-07-29,MSTR,0,96.16,CAUTION,93.03,97.77,94.9249,18.05,WHITE,0,43,0,BREAKDOWN,0,0,0,1,18,fails,0,G2 trend;G3 leader,F:0/2,,shadow-screen,,NEUTRAL,
2026-07-29,MU,1,820.53,ACCUMULATE,781.56,821.43,928.221,53.61,RED,3,60,1,,0,0,0,1,60,fails,0,G1 size;G4 basis,F:3/3,1,holding,4,YELLOW,1
2026-07-29,NBIS,1,169.69,HOLD,157.34,165.36,96.2489,47.17,RED,3,26,1,BREAKOUT,0,1,0,0,69,STARTER,1,,F:2/2,,holding,,YELLOW,
2026-07-29,NEE,0,89.28,ACCUMULATE,86.45,90.86,88.215,65.01,RED,3,6,1,INSIDE,1,0,1,1,57,fails,0,G3 leader,F:2/3,,shadow-screen,,RED,
2026-07-29,NET,0,264.1,HOLD,238.58,250.75,196.946,86.29,RED,4,16,1,INSIDE,0,0,0,0,62,fails,0,G3 leader,F:2/2,,owner-request,,YELLOW,
2026-07-29,NFLX,0,72.39,CAUTION,66.47,69.86,73.72,13.16,WHITE,0,37,0,BREAKDOWN,0,1,0,0,9,fails,0,G2 trend;G3 leader;G4 basis,F:2/3,,owner-request,,RED,
2026-07-29,NKE,0,43.05,CAUTION,42.04,44.18,42.8979,35,WHITE,0,43,0,BREAKDOWN,0,0,0,1,22,fails,0,G2 trend;G3 leader,F:2/3,,shadow-screen,,NEUTRAL,
2026-07-29,NOW,0,110.62,CAUTION,100.51,105.64,102.561,72.2,WHITE,0,53,0,,0,0,0,0,23,fails,0,G2 trend;G3 leader,F:2/3,,shadow-screen,,RED,
2026-07-29,NVDA,1,197.01,HOLD,184.8,194.23,209.265,53.75,RED,3,5,1,BREAKDOWN,0,0,0,0,25,fails,0,G1 size;G3 leader;G4 basis,F:3/3,,holding,,YELLOW,
2026-07-29,NVO,0,50.96,HOLD,47.8,50.24,48.7778,80.8,RED,3,2,1,BREAKOUT,0,0,0,0,60,fails,0,G3 leader,F:—,,owner-request,,NEUTRAL,
2026-07-29,NXPI,0,259.12,PULLBACK,232.14,243.99,294.045,39.45,AMBER,2,1,1,,0,0,0,0,27,fails,0,G2 trend;G3 leader;G4 basis,F:2/3,,shadow-screen,,YELLOW,
2026-07-29,ON,0,84.39,PULLBACK,59.69,62.73,93.8008,37.72,AMBER,2,1,1,BREAKOUT,0,0,0,0,42,fails,0,G2 trend;G4 basis,F:2/3,,shadow-screen,,NEUTRAL,
2026-07-29,ONON,0,37.89,BOTTOMING,36.37,38.23,35.8967,50.18,WHITE,0,22,0,BREAKOUT,0,0,0,1,25,fails,0,G2 trend;G3 leader,F:1/1,,owner-request,,RED,
2026-07-29,ORCL,0,119.96,CAUTION,118.9,124.97,142.7,3.7,WHITE,0,6,0,BREAKDOWN,1,1,0,1,5,fails,0,G1 size;G2 trend;G3 leader;G4 basis,F:3/3,,owner-request,,NEUTRAL,
2026-07-29,PANW,0,319,HOLD,284.44,298.95,166.616,83.06,RED,4,12,1,,0,0,0,0,63,STARTER,1,,F:2/3,,owner-request,,YELLOW,
2026-07-29,PEP,0,142.86,BOTTOMING,139.48,146.59,142.322,36.7,WHITE,0,10,0,BREAKOUT,0,1,0,0,32,fails,0,G2 trend;G3 leader,F:2/3,,shadow-screen,,RED,
2026-07-29,PFE,0,25.25,CAUTION,24.67,25.92,25.169,45.86,WHITE,0,7,0,BREAKDOWN,0,0,0,1,22,fails,0,G2 trend;G3 leader,F:2/3,,shadow-screen,,RED,
2026-07-29,PG,0,148.88,CAUTION,146.61,154.09,149.606,57.38,WHITE,1,2,0,,0,0,0,1,17,fails,0,G2 trend;G3 leader;G4 basis,F:2/3,,shadow-screen,,NEUTRAL,
2026-07-29,PLTR,1,123.53,CAUTION,115.29,121.17,134.44,13.97,WHITE,0,25,0,,0,0,0,0,9,fails,0,G2 trend;G3 leader;G4 basis,F:2/2,,holding,,YELLOW,
2026-07-29,QCOM,0,162.88,CAUTION,133.73,140.55,131.179,26.71,WHITE,1,1,0,BREAKDOWN,0,0,0,0,18,fails,0,G2 trend;G3 leader,F:3/3,,owner-request,,YELLOW,
2026-07-29,QQQ,0,675.49,ACCUMULATE,658.98,692.6,602.393,57.66,RED,3,17,1,BREAKDOWN,0,0,0,1,40,fails,0,G1 size;G3 leader,F:—,13,owner-request,12,YELLOW,14
2026-07-29,RBLX,0,49.5,CAUTION,45.96,48.31,46.9007,37.51,WHITE,0,34,0,BREAKDOWN,0,0,0,0,25,fails,0,G2 trend;G3 leader,F:2/2,,owner-request,,YELLOW,
2026-07-29,RDDT,0,178.44,HOLD,165.97,174.44,169.36,67.35,RED,3,1,1,BREAKOUT,0,0,0,0,52,fails,0,G3 leader,F:2/2,,shadow-screen,,YELLOW,
2026-07-29,RKLB,0,63.89,CAUTION,46.17,48.53,68.0144,15.8,WHITE,1,1,0,BREAKDOWN,0,0,0,0,13,fails,0,G2 trend;G3 leader;G4 basis,F:1/3,,owner-request,,YELLOW,
2026-07-29,RTX,0,218.58,ACCUMULATE,213.79,224.7,176.143,99.05,RED,4,7,1,BREAKOUT,0,0,0,1,62,STARTER,1,,F:2/3,,shadow-screen,,RED,
2026-07-29,SCHW,0,105.97,HOLD,99.99,105.09,92.6562,99.72,RED,4,4,1,,0,0,0,0,47,fails,0,G3 leader,F:3/3,,shadow-screen,,RED,
2026-07-29,SE,0,107.41,BOTTOMING,104.12,109.44,89.3319,64.42,WHITE,1,37,0,BREAKOUT,0,0,0,1,27,fails,0,G2 trend;G3 leader,F:2/2,,owner-request,,NEUTRAL,
2026-07-29,SHOP,0,130.28,BOTTOMING,128.69,135.26,112.82,80.74,WHITE,1,25,1,BREAKOUT,0,0,0,1,37,fails,0,G2 trend;G3 leader,F:2/2,,owner-request,,RED,
2026-07-29,SMCI,0,28.45,BOTTOMING,21.4,22.49,30.7939,23.99,WHITE,0,7,0,BREAKOUT,0,0,0,0,27,fails,0,G2 trend;G3 leader;G4 basis,F:3/3,,shadow-screen,,NEUTRAL,
2026-07-29,SNDK,0,1096.1,PULLBACK,1081.82,1137.01,638.592,50.96,AMBER,2,1,1,BREAKOUT,1,1,0,1,50,fails,0,G1 size;G2 trend,F:3/3,,shadow-screen,,YELLOW,
2026-07-29,SNOW,0,270.36,ACCUMULATE,261.89,275.25,237.448,95.58,RED,4,8,1,BREAKOUT,0,0,0,1,72,fails,0,G3 leader,F:3/3,11,owner-request,10,NEUTRAL,6
2026-07-29,SOFI,0,16.74,BOTTOMING,16.14,16.96,17.4166,29.66,WHITE,0,24,0,BREAKOUT,0,0,0,1,17,fails,0,G2 trend;G3 leader;G4 basis,F:2/3,,owner-request,,YELLOW,
2026-07-29,SPCX,0,116.41,CAUTION,112.14,117.86,158.911,9.11,WHITE,0,4,0,,0,0,0,0,10,fails,0,G1 size;G2 trend;G3 leader;G4 basis;G5 data,F:—,,shadow-screen,,YELLOW,
2026-07-29,STX,0,747.3,ACCUMULATE,723.24,760.14,408.74,52.24,RED,3,63,1,BREAKOUT,1,1,0,1,69,STARTER,1,,F:3/3,,shadow-screen,,YELLOW,
2026-07-29,T,0,24.66,CAUTION,24.18,25.42,23.1778,59.07,WHITE,1,15,0,BREAKDOWN,0,0,0,1,18,fails,0,G2 trend;G3 leader,F:2/3,,shadow-screen,,RED,
2026-07-29,TER,0,320.65,PULLBACK,310.95,326.81,366.545,37.58,AMBER,2,1,1,BREAKDOWN,0,0,0,1,52,fails,0,G2 trend;G4 basis,F:2/3,,shadow-screen,,YELLOW,
2026-07-29,TMDX,0,76.29,BOTTOMING,71.99,75.66,73.4611,53.76,WHITE,0,19,0,BREAKOUT,0,0,0,0,35,fails,0,G2 trend;G3 leader,F:3/3,,owner-request,,RED,
2026-07-29,TMO,0,576.41,ACCUMULATE,566.35,595.25,472.719,89.04,RED,3,2,1,BREAKOUT,0,0,0,1,62,fails,0,G3 leader,F:2/3,,shadow-screen,,RED,
2026-07-29,TMUS,0,182.39,CAUTION,178.79,187.91,182.438,17.89,WHITE,0,46,0,,1,0,1,1,17,fails,0,G2 trend;G3 leader;G4 basis,F:2/3,,shadow-screen,,YELLOW,
2026-07-29,TOST,0,32.34,BOTTOMING,27.55,28.95,28.1072,83.19,WHITE,1,43,1,BREAKOUT,0,0,0,0,40,fails,0,G2 trend;G3 leader,F:2/2,,owner-request,,RED,
2026-07-29,TSLA,1,307.44,CAUTION,,,397.921,5.61,WHITE,0,6,0,BREAKDOWN,0,0,0,0,5,fails,0,G1 size;G2 trend;G3 leader;G4 basis,F:1/3,,holding,,YELLOW,
2026-07-29,TSM,1,392.31,HOLD,361.49,379.93,407.324,47.86,RED,3,61,1,,0,1,0,0,45,fails,0,G1 size;G4 basis,F:3/3,,holding,,YELLOW,
2026-07-29,TXN,0,277.07,HOLD,215.34,226.32,291.067,46.41,RED,3,17,1,,0,1,0,0,53,fails,0,G4 basis,F:3/3,,shadow-screen,,YELLOW,
2026-07-29,UBER,0,70.74,CAUTION,59.39,62.42,73.5988,14.84,WHITE,0,33,0,INSIDE,0,0,0,0,22,fails,0,G2 trend;G3 leader;G4 basis,F:3/3,,owner-request,,NEUTRAL,
2026-07-29,UNH,0,428.79,ACCUMULATE,415.92,437.14,289.068,93.76,RED,4,13,1,BREAKOUT,0,0,0,1,78,CONVICTION,1,,F:3/3,,shadow-screen,,NEUTRAL,
2026-07-29,V,0,366.59,ACCUMULATE,349.13,366.94,329.468,99,RED,4,5,1,,0,0,0,1,48,fails,0,G3 leader,F:2/2,14,owner-request,13,NEUTRAL,13
2026-07-29,VRT,0,269.56,PULLBACK,258.36,271.54,307.051,45.84,AMBER,2,1,1,,0,1,0,0,47,fails,0,G2 trend;G4 basis,F:3/3,,owner-request,,YELLOW,
2026-07-29,VZ,0,48.19,ACCUMULATE,46.5,48.87,47.4445,83.19,RED,3,1,1,BREAKOUT,0,0,0,0,57,fails,0,G3 leader,F:2/3,,shadow-screen,,RED,
2026-07-29,WDC,0,463.51,ACCUMULATE,456.91,480.22,284.844,56.61,RED,3,61,1,BREAKOUT,1,1,0,1,69,STARTER,1,,F:3/3,,shadow-screen,,YELLOW,
2026-07-29,WFC,0,86.87,ACCUMULATE,85.34,89.69,87.0812,77.07,RED,3,4,1,BREAKOUT,0,0,0,1,47,fails,0,G3 leader;G4 basis,F:2/3,,shadow-screen,,NEUTRAL,
2026-07-29,WMT,0,113.1,CAUTION,106.96,112.42,118.748,25.25,WHITE,0,4,0,BREAKDOWN,0,0,0,0,13,fails,0,G2 trend;G3 leader;G4 basis,F:2/3,,shadow-screen,,RED,
2026-07-29,XOM,0,153.04,ACCUMULATE,146.99,154.49,149.994,73.45,RED,3,3,1,BREAKOUT,1,0,1,1,68,STARTER,1,,F:—,,shadow-screen,,RED,
2026-07-29,ZETA,0,21.89,ACCUMULATE,21.14,22.22,18.4446,87.41,RED,4,10,1,,0,0,0,1,60,fails,0,G3 leader,F:2/2,,shadow-screen,,NEUTRAL,
2026-07-29,ZS,0,151.63,CAUTION,143.87,151.21,146.806,65.77,WHITE,0,34,0,,0,0,1,0,30,fails,0,G2 trend;G3 leader,F:3/3,,owner-request,,RED,
2026-07-30,0700,0,470.6,CAUTION,457.38,480.71,466.711,47.15,WHITE,0,24,0,,0,0,0,1,10,fails,0,G1 size;G2 trend;G3 leader,F:—,,owner-request,,RED,
2026-07-30,1810,0,31.34,CAUTION,30.93,32.51,31.5588,54.94,WHITE,1,42,0,INSIDE,0,0,0,1,10,fails,0,G1 size;G2 trend;G3 leader;G4 basis,F:—,,owner-request,,RED,
2026-07-30,3690,0,92.15,CAUTION,82.13,86.32,77.8804,73.61,WHITE,1,67,1,,0,0,0,0,29,fails,0,G2 trend;G3 leader,F:—,,owner-request,,RED,
2026-07-30,9992,1,166.1,BOTTOMING,151.17,158.89,154.259,49.96,WHITE,0,22,0,BREAKOUT,0,0,0,0,18,fails,0,G2 trend;G3 leader,F:—,,holding,,RED,
2026-07-30,AAL,0,14.84,HOLD,13.7,14.4,15.1365,50.37,RED,3,10,1,BREAKOUT,0,1,0,0,38,fails,0,G3 leader;G4 basis,F:2/3,,shadow-screen,,YELLOW,
2026-07-30,AAOI,0,76.52,CAUTION,34.63,36.4,114.673,15.83,AMBER,2,3,0,BREAKDOWN,0,0,0,0,42,fails,0,G2 trend;G4 basis,F:1/3,,shadow-screen,,YELLOW,
2026-07-30,AAPL,1,338.19,ACCUMULATE,333.18,350.18,310.592,98.14,RED,4,18,1,BREAKOUT,0,0,0,0,60,fails,0,G1 size,F:2/3,5,holding,11,RED,3
2026-07-30,ABBV,0,263.3,ACCUMULATE,258.81,272.02,226.318,98.57,RED,4,8,1,BREAKOUT,0,0,0,1,78,CONVICTION,1,,F:2/3,,shadow-screen,,RED,
2026-07-30,ABT,0,108,CAUTION,102.36,107.59,88.7909,76.72,WHITE,1,40,1,,0,0,0,0,37,fails,0,G2 trend;G3 leader,F:2/3,,shadow-screen,,RED,
2026-07-30,ACN,0,173.17,CAUTION,163.44,171.78,126.877,51.52,WHITE,0,27,0,BREAKDOWN,0,0,1,0,22,fails,0,G2 trend;G3 leader,F:1/2,,shadow-screen,,RED,
2026-07-30,ADBE,0,263.43,CAUTION,246.64,259.23,251.675,74.32,WHITE,1,86,0,,0,0,0,0,27,fails,0,G2 trend;G3 leader,F:3/3,,owner-request,,RED,
2026-07-30,ADI,0,353.37,PULLBACK,343.86,361.41,392.536,36.67,AMBER,2,1,1,BREAKOUT,0,0,0,0,38,fails,0,G2 trend;G4 basis,F:3/3,,shadow-screen,,YELLOW,
2026-07-30,ALAB,0,249.74,PULLBACK,207.63,218.22,123.076,57.11,AMBER,2,1,1,,0,0,0,0,53,fails,0,G2 trend,F:3/3,,owner-request,,YELLOW,
2026-07-30,AMAT,0,436.45,PULLBACK,432.78,454.86,586.461,49.61,AMBER,2,1,1,BREAKOUT,0,0,0,0,40,fails,0,G1 size;G2 trend;G4 basis,F:2/3,,owner-request,,YELLOW,
2026-07-30,AMD,1,429.56,HOLD,246.15,258.71,215.827,62.37,RED,3,20,1,BREAKOUT,0,0,0,0,65,fails,0,G1 size,F:3/3,,holding,,YELLOW,
2026-07-30,AMZN,0,226.65,CAUTION,219.06,230.23,246.526,27.03,AMBER,2,2,0,BREAKDOWN,0,0,0,0,5,fails,0,G1 size;G2 trend;G3 leader;G4 basis,F:3/3,,owner-request,,YELLOW,
2026-07-30,ANET,0,157.97,ACCUMULATE,155.05,162.97,142.771,60.12,RED,4,16,1,INSIDE,0,0,0,0,62,fails,0,G3 leader,F:3/3,8,owner-request,12,YELLOW,7
2026-07-30,APH,0,150.31,ACCUMULATE,144.19,151.55,147.137,67.85,RED,4,10,1,INSIDE,0,0,0,0,72,STARTER,1,,F:3/3,,shadow-screen,,YELLOW,
2026-07-30,APP,0,399.46,CAUTION,384.86,404.5,466.365,15.92,WHITE,0,3,0,BREAKDOWN,0,0,0,1,13,fails,0,G2 trend;G3 leader;G4 basis,F:2/2,,owner-request,,YELLOW,
2026-07-30,ARM,0,224.89,PULLBACK,223.05,234.43,210.673,47.95,AMBER,2,1,1,,0,0,0,1,48,fails,0,G2 trend,F:3/3,,owner-request,,YELLOW,
2026-07-30,ASML,0,1550.69,ACCUMULATE,1485.42,1561.21,1788.54,51.65,RED,3,50,1,,0,1,0,0,54,fails,0,G4 basis,F:1/1,1,owner-request,2,YELLOW,9
2026-07-30,ASTS,0,53.03,CAUTION,,,86.0499,5.32,WHITE,0,3,0,BREAKDOWN,0,0,0,0,17,fails,0,G2 trend;G3 leader;G4 basis,F:0/2,,owner-request,,YELLOW,
2026-07-30,AVGO,0,370.32,PULLBACK,331.4,348.31,379.737,44.97,AMBER,2,1,1,BREAKDOWN,0,0,0,0,15,fails,0,G1 size;G2 trend;G3 leader;G4 basis,F:3/3,,shadow-screen,,YELLOW,
2026-07-30,AXON,0,531.2,ACCUMULATE,523.73,550.45,393.819,66.73,RED,3,1,1,,0,0,0,1,52,fails,0,G3 leader,F:3/3,12,owner-request,10,NEUTRAL,11
2026-07-30,AXP,0,331.5,HOLD,307.38,323.06,341.473,52.16,RED,3,1,1,BREAKOUT,1,1,1,0,37,fails,0,G3 leader;G4 basis,F:2/3,,shadow-screen,,YELLOW,
2026-07-30,AXTI,0,36.97,CAUTION,23.73,24.94,53.7995,15.09,AMBER,2,5,0,,0,0,0,0,45,fails,0,G2 trend;G4 basis,F:0/3,,shadow-screen,,NEUTRAL,
2026-07-30,AZO,0,3142.17,CAUTION,3016.37,3170.26,3077.93,47.83,WHITE,0,24,0,BREAKDOWN,0,0,1,0,22,fails,0,G2 trend;G3 leader,F:2/3,,shadow-screen,,RED,
2026-07-30,BA,0,214.01,CAUTION,203.51,213.89,217.965,29.51,WHITE,0,2,0,BREAKDOWN,0,1,0,0,17,fails,0,G2 trend;G3 leader;G4 basis,F:2/3,,shadow-screen,,RED,
2026-07-30,BAC,0,61.07,ACCUMULATE,58.16,61.13,52.0564,90.61,RED,4,9,1,BREAKDOWN,0,0,0,0,58,fails,0,G3 leader,F:2/3,,shadow-screen,,YELLOW,
2026-07-30,BE,0,163.75,CAUTION,155.25,163.17,278.421,36.38,AMBER,2,2,0,BREAKDOWN,0,1,0,0,29,fails,0,G2 trend;G4 basis,F:2/3,,shadow-screen,,YELLOW,
2026-07-30,BKNG,0,201.3,BOTTOMING,196.49,206.51,168.127,86.29,WHITE,1,28,1,BREAKOUT,0,0,0,1,37,fails,0,G2 trend;G3 leader,F:2/3,,shadow-screen,,RED,
2026-07-30,BSX,0,46.04,BOTTOMING,43.71,45.94,44.6055,32.23,WHITE,0,35,0,BREAKOUT,0,1,0,0,32,fails,0,G2 trend;G3 leader,F:3/3,,shadow-screen,,RED,
2026-07-30,C,0,127.13,ACCUMULATE,122.14,128.37,132.864,53.64,RED,3,20,1,INSIDE,0,1,0,0,58,fails,0,G4 basis,F:2/3,,shadow-screen,,YELLOW,
2026-07-30,CAT,0,782.71,PULLBACK,772.43,811.84,887.084,39.7,AMBER,2,1,1,BREAKDOWN,0,0,0,1,43,fails,0,G2 trend;G4 basis,F:2/3,,shadow-screen,,YELLOW,
2026-07-30,CAVA,0,65.36,CAUTION,61.84,65,79.8304,23.99,WHITE,1,2,0,,0,1,0,0,25,fails,0,G2 trend;G3 leader;G4 basis,F:3/3,,owner-request,,NEUTRAL,
2026-07-30,CBRS,0,169.39,CAUTION,,,218.132,3.26,WHITE,0,12,0,,0,0,0,0,22,fails,0,G2 trend;G3 leader;G4 basis;G5 data,F:—,,shadow-screen,,NEUTRAL,
2026-07-30,CDE,0,14.63,CAUTION,,,16.2809,8.21,WHITE,0,9,0,BREAKDOWN,0,0,0,0,30,fails,0,G2 trend;G4 basis,F:2/3,,owner-request,,NEUTRAL,
2026-07-30,CEG,0,257.95,BOTTOMING,246.85,259.45,270.626,20.21,WHITE,0,27,0,BREAKOUT,0,0,0,1,27,fails,0,G2 trend;G3 leader;G4 basis,F:2/3,,shadow-screen,,NEUTRAL,
2026-07-30,CIEN,0,330.37,CAUTION,255.32,268.34,440.28,31.88,AMBER,2,3,0,BREAKDOWN,0,1,0,0,42,fails,0,G2 trend;G4 basis,F:3/3,,shadow-screen,,YELLOW,
2026-07-30,COHR,0,222.05,CAUTION,186.25,195.75,252.107,19.58,AMBER,2,3,0,BREAKDOWN,0,1,0,0,32,fails,0,G2 trend;G4 basis,F:2/3,,shadow-screen,,YELLOW,
2026-07-30,COIN,0,160.09,CAUTION,,,164.086,15.05,WHITE,0,35,0,INSIDE,0,0,0,0,22,fails,0,G2 trend;G3 leader;G4 basis,F:1/2,,shadow-screen,,NEUTRAL,
2026-07-30,COST,0,974.03,PULLBACK,959.05,1007.99,949.877,60.43,AMBER,2,1,1,BREAKOUT,0,0,0,0,43,fails,0,G2 trend;G3 leader,F:2/3,,owner-request,,RED,
2026-07-30,CRCL,0,61.36,CAUTION,62.12,65.29,63.3924,6.58,WHITE,0,8,0,BREAKDOWN,0,0,0,1,22,fails,0,G2 trend;G3 leader;G4 basis,F:2/2,,shadow-screen,,NEUTRAL,
2026-07-30,CRDO,0,177.45,PULLBACK,156,163.96,247.119,42.95,AMBER,2,1,1,,0,0,0,0,47,fails,0,G2 trend;G4 basis,F:3/3,,owner-request,,YELLOW,
2026-07-30,CRM,0,188.38,CAUTION,180.29,189.49,183.972,68.4,WHITE,0,72,0,,0,0,0,0,23,fails,0,G2 trend;G3 leader,F:2/3,,owner-request,,RED,
2026-07-30,CRWD,0,179.38,HOLD,167.89,176.46,106.509,80.48,RED,4,12,1,BREAKOUT,0,0,0,0,63,STARTER,1,,F:2/2,,owner-request,,YELLOW,
2026-07-30,CRWV,0,60.82,CAUTION,,,117.292,0.4,WHITE,0,3,0,BREAKDOWN,0,0,0,0,18,fails,0,G2 trend;G3 leader;G4 basis,F:2/2,,shadow-screen,,YELLOW,
2026-07-30,CSCO,0,112.48,HOLD,89.92,94.5,77.9846,57.5,RED,3,66,1,,0,0,0,0,63,STARTER,1,,F:2/3,,shadow-screen,,YELLOW,
2026-07-30,CSPX,1,800.91,ACCUMULATE,788.92,829.17,805.023,71.54,RED,3,17,1,BREAKOUT,0,0,0,1,55,fails,0,G3 leader;G4 basis,F:—,10,holding,8,YELLOW,8
2026-07-30,CVX,0,191.86,ACCUMULATE,186.04,195.53,189.832,78.99,RED,3,3,1,BREAKOUT,0,0,0,1,57,fails,0,G3 leader,F:1/3,,shadow-screen,,RED,
2026-07-30,D05,0,74.39,ACCUMULATE,71.72,75.38,57.4286,98.84,RED,4,67,1,BREAKOUT,0,0,0,1,75,CONVICTION,1,,F:—,4,owner-request,5,RED,4
2026-07-30,DDOG,1,264.2,ACCUMULATE,256.27,269.34,127.455,94.71,RED,4,13,1,BREAKOUT,0,0,0,1,77,CONVICTION,1,,F:2/2,2,holding,3,NEUTRAL,1
2026-07-30,DELL,0,369.64,HOLD,237.25,249.35,118.395,58.95,RED,4,22,1,BREAKOUT,0,0,0,0,68,STARTER,1,,F:2/2,,shadow-screen,,YELLOW,
2026-07-30,DRAM,1,44.85,CAUTION,,,53.97,4.01,WHITE,1,1,0,,0,1,0,0,29,fails,0,G2 trend;G4 basis;G5 data,F:—,,holding,,YELLOW,
2026-07-30,DUOL,0,140.17,CAUTION,96.87,101.82,98.8507,76.94,WHITE,1,51,0,,0,0,0,0,30,fails,0,G2 trend;G3 leader,F:2/2,,owner-request,,RED,
2026-07-30,ETHA,0,14.24,CAUTION,14.04,14.75,14.754,26.55,WHITE,0,35,0,BREAKDOWN,1,0,1,1,25,fails,0,G2 trend;G3 leader;G4 basis,F:0/2,,owner-request,,RED,
2026-07-30,ETN,0,361.88,CAUTION,352.3,370.27,406.625,26.82,AMBER,2,1,0,,0,0,0,0,17,fails,0,G2 trend;G3 leader;G4 basis,F:3/3,,shadow-screen,,YELLOW,
2026-07-30,FCX,0,59.99,ACCUMULATE,57.84,60.8,61.7948,42.23,RED,3,2,1,BREAKDOWN,1,1,0,1,52,fails,0,G4 basis,F:2/3,,shadow-screen,,NEUTRAL,
2026-07-30,GE,0,350.63,ACCUMULATE,337.2,354.41,283.601,79.73,RED,4,10,1,BREAKDOWN,1,1,1,1,62,fails,0,G3 leader,F:3/3,,shadow-screen,,YELLOW,
2026-07-30,GEV,0,900.28,PULLBACK,876.29,921,1065.33,41.64,AMBER,2,1,1,BREAKDOWN,0,1,0,0,39,fails,0,G2 trend;G4 basis,F:2/3,,shadow-screen,,YELLOW,
2026-07-30,GLW,0,124.05,CAUTION,104.28,109.6,188.579,18.15,AMBER,2,3,0,BREAKDOWN,0,1,0,0,33,fails,0,G2 trend;G4 basis,F:3/3,,shadow-screen,,YELLOW,
2026-07-30,GOOG,1,335.76,ACCUMULATE,329.53,346.34,360.33,48.43,RED,3,1,1,,0,0,0,1,45,fails,0,G1 size;G4 basis,F:2/2,3,holding,4,YELLOW,10
2026-07-30,GOOGL,0,336.71,HOLD,311.45,327.34,363.885,49.59,RED,3,1,1,,0,0,0,0,40,fails,0,G1 size;G4 basis,F:2/2,,shadow-screen,,YELLOW,
2026-07-30,GRAB,0,3.35,CAUTION,,,3.6237,3.9,WHITE,0,30,0,BREAKDOWN,0,1,0,0,20,fails,0,G2 trend;G3 leader;G4 basis,F:2/2,,owner-request,,YELLOW,
2026-07-30,GS,0,980.75,HOLD,912.68,959.24,931.302,57.95,RED,3,18,1,BREAKOUT,0,0,0,0,53,fails,1,,F:2/2,,shadow-screen,,YELLOW,
2026-07-30,HD,0,338.27,CAUTION,328.48,345.24,348.297,50.61,WHITE,0,22,0,BREAKDOWN,0,0,0,1,17,fails,0,G2 trend;G3 leader;G4 basis,F:2/3,,shadow-screen,,NEUTRAL,
2026-07-30,HIMS,0,25,CAUTION,23.61,24.81,29.3603,31.95,WHITE,1,1,0,BREAKDOWN,0,0,0,0,17,fails,0,G2 trend;G3 leader;G4 basis,F:2/2,,owner-request,,YELLOW,
2026-07-30,HON,0,241.12,ACCUMULATE,235.95,247.99,224.045,73.33,RED,3,2,1,,0,0,0,1,52,fails,0,G3 leader,F:2/3,,shadow-screen,,RED,
2026-07-30,HOOD,0,89.84,BOTTOMING,86.53,90.95,76.046,49.69,AMBER,2,1,0,BREAKOUT,0,0,0,0,18,fails,0,G2 trend;G3 leader,F:2/2,,owner-request,,YELLOW,
2026-07-30,IBIT,0,36,CAUTION,35.2,37,35.9225,20.67,WHITE,0,37,0,BREAKDOWN,0,0,0,1,27,fails,0,G2 trend;G3 leader,F:0/2,,owner-request,,NEUTRAL,
2026-07-30,IBM,0,226.44,CAUTION,223.49,234.89,217.155,31.25,WHITE,0,3,0,,1,1,0,1,14,fails,0,G2 trend;G3 leader,F:2/3,,shadow-screen,,NEUTRAL,
2026-07-30,ICE,0,154.28,BOTTOMING,145.66,153.09,140.234,57.38,WHITE,1,25,1,BREAKOUT,0,0,0,0,32,fails,0,G2 trend;G3 leader,F:2/3,,owner-request,,RED,
2026-07-30,INTC,0,81.88,PULLBACK,44.3,46.56,45.2035,41.26,AMBER,2,1,1,,0,0,0,0,45,fails,0,G1 size;G2 trend,F:1/3,,owner-request,,YELLOW,
2026-07-30,INTU,0,333.13,CAUTION,305.04,320.6,264.525,56.9,WHITE,0,43,0,,0,0,0,0,22,fails,0,G2 trend;G3 leader,F:3/3,,shadow-screen,,RED,
2026-07-30,IONQ,0,31.99,CAUTION,,,33.3,7.57,WHITE,0,3,0,BREAKDOWN,0,0,0,0,17,fails,0,G2 trend;G3 leader;G4 basis,F:1/3,,shadow-screen,,YELLOW,
2026-07-30,IOT,0,38.75,HOLD,36.42,38.28,31.8175,90.53,RED,3,1,1,,0,0,0,0,55,fails,0,G3 leader,F:2/2,,owner-request,,NEUTRAL,
2026-07-30,IREN,0,29.31,CAUTION,18.03,18.95,41.7894,4.11,WHITE,0,3,0,BREAKDOWN,0,0,0,0,28,fails,0,G2 trend;G4 basis,F:2/2,,shadow-screen,,YELLOW,
2026-07-30,ISRG,0,353.1,CAUTION,345.57,363.2,403.484,12.12,WHITE,0,26,0,,1,1,0,1,13,fails,0,G2 trend;G3 leader;G4 basis,F:3/3,,shadow-screen,,YELLOW,
2026-07-30,JNJ,0,265.53,ACCUMULATE,261.18,274.51,229.601,96.4,RED,4,55,1,BREAKOUT,0,0,0,1,68,STARTER,1,,F:2/3,,shadow-screen,,RED,
2026-07-30,JPM,0,344.71,HOLD,325.77,342.4,310.921,92.11,RED,4,9,1,BREAKDOWN,0,1,0,0,49,fails,0,G3 leader,F:2/3,,owner-request,,NEUTRAL,
2026-07-30,KLAC,0,170.19,CAUTION,143.27,150.58,179.136,37.92,AMBER,2,1,0,BREAKDOWN,0,0,0,0,28,fails,0,G2 trend;G4 basis,F:3/3,,owner-request,,YELLOW,
2026-07-30,KO,0,89.08,HOLD,79.62,83.68,79.273,98.38,RED,4,30,1,BREAKOUT,0,0,0,0,57,fails,0,G3 leader,F:2/3,,shadow-screen,,RED,
2026-07-30,LIN,0,511.17,ACCUMULATE,503.4,529.08,513.674,67.35,RED,3,25,1,,0,0,0,1,52,fails,0,G3 leader;G4 basis,F:2/3,,shadow-screen,,YELLOW,
2026-07-30,LITE,0,602.35,CAUTION,373.46,392.52,871.238,22.53,AMBER,2,1,0,BREAKDOWN,0,0,1,0,34,fails,0,G2 trend;G4 basis,F:2/3,,shadow-screen,,YELLOW,
2026-07-30,LLY,0,1210.02,ACCUMULATE,1186.64,1247.18,1159.39,93.82,RED,4,12,1,INSIDE,0,0,0,1,73,STARTER,1,,F:3/3,6,owner-request,6,NEUTRAL,5
2026-07-30,LRCX,0,252.35,PULLBACK,231.21,243.01,321.045,41.76,AMBER,2,1,1,BREAKDOWN,0,1,0,0,39,fails,0,G2 trend;G4 basis,F:3/3,,owner-request,,YELLOW,
2026-07-30,MA,0,563.32,ACCUMULATE,551.26,579.39,494.824,91.35,RED,3,1,1,BREAKOUT,0,0,0,1,48,fails,0,G3 leader,F:3/3,11,owner-request,9,RED,6
2026-07-30,MCD,0,271.52,CAUTION,263.48,276.92,276.096,17.65,WHITE,0,18,0,,0,0,0,1,17,fails,0,G2 trend;G3 leader;G4 basis,F:2/3,,shadow-screen,,RED,
2026-07-30,MCHP,0,71.37,CAUTION,63.64,66.88,90.0586,23.94,AMBER,2,3,0,,0,0,0,0,17,fails,0,G2 trend;G3 leader;G4 basis,F:2/3,,shadow-screen,,YELLOW,
2026-07-30,MDB,0,321.1,ACCUMULATE,316.32,332.46,322.776,51.19,RED,3,1,1,BREAKDOWN,1,0,1,1,45,fails,0,G3 leader;G4 basis,F:3/3,9,owner-request,1,NEUTRAL,12
2026-07-30,META,0,585.61,CAUTION,557.67,586.12,610.358,16.96,WHITE,0,38,0,BREAKDOWN,0,0,0,0,5,fails,0,G1 size;G2 trend;G3 leader;G4 basis,F:2/2,,owner-request,,YELLOW,
2026-07-30,MPWR,0,1248.76,PULLBACK,1143.45,1201.79,1355.11,33.05,AMBER,2,1,1,BREAKDOWN,0,0,0,0,42,fails,0,G2 trend;G4 basis,F:3/3,,shadow-screen,,YELLOW,
2026-07-30,MRK,0,130.36,ACCUMULATE,125.28,131.67,120.881,96.7,RED,4,39,1,,0,0,0,1,72,STARTER,1,,F:2/3,,shadow-screen,,RED,
2026-07-30,MRVL,0,163.4,PULLBACK,162.46,170.75,89.2744,33.87,AMBER,2,1,1,,0,0,0,1,40,fails,0,G1 size;G2 trend,F:3/3,,owner-request,,YELLOW,
2026-07-30,MS,0,203.13,ACCUMULATE,197.68,207.77,215.288,61.91,RED,3,18,1,BREAKOUT,0,0,0,0,62,fails,0,G4 basis,F:2/3,,shadow-screen,,YELLOW,
2026-07-30,MSFT,0,390.54,CAUTION,378.15,397.44,394.416,34.37,WHITE,0,29,0,,1,0,1,1,5,fails,0,G1 size;G2 trend;G3 leader;G4 basis,F:3/3,,owner-request,,RED,
2026-07-30,MSTR,0,93.33,CAUTION,93.03,97.77,94.9249,9.83,WHITE,0,43,0,BREAKDOWN,0,0,0,1,13,fails,0,G2 trend;G3 leader;G4 basis,F:0/2,,shadow-screen,,NEUTRAL,
2026-07-30,MU,1,739,HOLD,407.12,427.89,928.221,47.18,RED,3,60,1,,0,0,0,0,55,fails,0,G1 size;G4 basis,F:3/3,,holding,,YELLOW,
2026-07-30,NBIS,1,148.22,PULLBACK,124.66,131.02,96.2489,39.93,AMBER,2,1,1,BREAKDOWN,0,1,0,0,54,fails,0,G2 trend,F:2/2,,holding,,YELLOW,
2026-07-30,NEE,0,88.46,ACCUMULATE,86.45,90.86,88.215,54.67,RED,3,6,1,BREAKDOWN,1,0,1,1,47,fails,0,G3 leader,F:2/3,,shadow-screen,,NEUTRAL,
2026-07-30,NET,0,270.38,ACCUMULATE,263.43,276.87,196.946,91.67,RED,4,16,1,BREAKOUT,0,0,0,1,72,fails,0,G3 leader,F:2/2,7,owner-request,7,NEUTRAL,2
2026-07-30,NFLX,0,73.63,CAUTION,72.25,75.93,73.72,17.79,WHITE,0,37,0,BREAKDOWN,1,1,0,1,9,fails,0,G2 trend;G3 leader;G4 basis,F:2/3,,owner-request,,RED,
2026-07-30,NKE,0,43.22,CAUTION,42.04,44.18,42.8979,35.12,WHITE,0,43,0,BREAKDOWN,0,0,0,1,22,fails,0,G2 trend;G3 leader,F:2/3,,shadow-screen,,RED,
2026-07-30,NOW,0,115.76,CAUTION,100.51,105.64,102.561,79.06,WHITE,1,53,0,,0,0,0,0,23,fails,0,G2 trend;G3 leader,F:2/3,,shadow-screen,,RED,
2026-07-30,NVDA,1,190.01,PULLBACK,184.8,194.23,209.265,41.23,AMBER,2,1,1,BREAKDOWN,0,0,0,0,15,fails,0,G1 size;G2 trend;G3 leader;G4 basis,F:3/3,,holding,,YELLOW,
2026-07-30,NVO,0,51.58,HOLD,47.8,50.24,48.7778,80.44,RED,3,2,1,BREAKOUT,0,0,0,0,60,fails,0,G3 leader,F:—,,owner-request,,NEUTRAL,
2026-07-30,NXPI,0,240.98,CAUTION,233.84,245.77,294.045,36.57,AMBER,2,1,0,,0,0,0,0,17,fails,0,G2 trend;G3 leader;G4 basis,F:2/3,,shadow-screen,,YELLOW,
2026-07-30,ON,0,78.86,PULLBACK,59.69,62.73,93.8008,35.35,AMBER,2,1,1,BREAKOUT,0,0,0,0,32,fails,0,G2 trend;G3 leader;G4 basis,F:2/3,,shadow-screen,,YELLOW,
2026-07-30,ONON,0,37.91,BOTTOMING,36.37,38.23,35.8967,50.08,WHITE,0,22,0,BREAKOUT,0,0,0,1,25,fails,0,G2 trend;G3 leader,F:1/1,,owner-request,,RED,
2026-07-30,ORCL,0,117.74,CAUTION,116.58,122.52,142.7,1.8,WHITE,0,6,0,BREAKDOWN,1,1,0,1,5,fails,0,G1 size;G2 trend;G3 leader;G4 basis,F:3/3,,owner-request,,NEUTRAL,
2026-07-30,PANW,0,314.15,HOLD,284.44,298.95,166.616,81.47,RED,4,12,1,,0,0,0,0,63,STARTER,1,,F:2/3,,owner-request,,YELLOW,
2026-07-30,PEP,0,143.5,BOTTOMING,139.48,146.59,142.322,45.04,WHITE,0,10,0,BREAKOUT,0,1,0,0,32,fails,0,G2 trend;G3 leader,F:2/3,,shadow-screen,,RED,
2026-07-30,PFE,0,25.15,CAUTION,24.67,25.92,25.169,34.1,WHITE,0,7,0,BREAKDOWN,0,0,0,1,17,fails,0,G2 trend;G3 leader;G4 basis,F:2/3,,shadow-screen,,RED,
2026-07-30,PG,0,146.1,CAUTION,141.38,148.59,144.267,35.62,WHITE,1,2,0,,0,1,0,0,22,fails,0,G2 trend;G3 leader,F:2/3,,shadow-screen,,YELLOW,
2026-07-30,PLTR,1,123,CAUTION,115.29,121.17,134.44,13.99,WHITE,0,25,0,,0,0,0,0,9,fails,0,G2 trend;G3 leader;G4 basis,F:2/2,,holding,,YELLOW,
2026-07-30,QCOM,0,155.68,CAUTION,133.73,140.55,131.179,22.24,WHITE,1,1,0,BREAKDOWN,0,0,0,0,18,fails,0,G2 trend;G3 leader,F:3/3,,owner-request,,YELLOW,
2026-07-30,QQQ,0,661.73,PULLBACK,634.76,667.14,602.393,55.28,AMBER,2,1,1,BREAKDOWN,0,0,0,0,20,fails,0,G1 size;G2 trend;G3 leader,F:—,,owner-request,,YELLOW,
2026-07-30,RBLX,0,50.13,CAUTION,50.17,52.73,46.9007,39.3,WHITE,0,34,0,BREAKDOWN,0,0,0,1,25,fails,0,G2 trend;G3 leader,F:2/2,,owner-request,,YELLOW,
2026-07-30,RDDT,0,177.99,ACCUMULATE,174,182.87,169.36,66.97,RED,3,1,1,BREAKOUT,0,0,0,1,57,fails,0,G3 leader,F:2/2,,shadow-screen,,YELLOW,
2026-07-30,RKLB,0,58.6,CAUTION,46.17,48.53,68.0144,12.74,WHITE,0,1,0,BREAKDOWN,0,0,0,0,17,fails,0,G2 trend;G3 leader;G4 basis,F:1/3,,owner-request,,YELLOW,
2026-07-30,RTX,0,215.25,ACCUMULATE,206.31,216.83,176.143,95.08,RED,4,7,1,BREAKOUT,0,0,0,1,62,STARTER,1,,F:2/3,,shadow-screen,,RED,
2026-07-30,SCHW,0,104.47,ACCUMULATE,99.99,105.09,92.6562,97.35,RED,4,4,1,,0,0,0,1,52,fails,0,G3 leader,F:3/3,,shadow-screen,,RED,
2026-07-30,SE,0,108.37,BOTTOMING,104.12,109.44,89.3319,64.32,WHITE,1,37,0,BREAKOUT,0,0,0,1,27,fails,0,G2 trend;G3 leader,F:2/2,,owner-request,,NEUTRAL,
2026-07-30,SHOP,0,129.17,BOTTOMING,120.92,127.09,112.82,78.74,WHITE,1,25,1,BREAKOUT,0,0,0,0,37,fails,0,G2 trend;G3 leader,F:2/2,,owner-request,,RED,
2026-07-30,SMCI,0,25.7,CAUTION,21.4,22.49,30.7939,10.58,WHITE,0,7,0,BREAKDOWN,0,0,0,0,17,fails,0,G2 trend;G3 leader;G4 basis,F:3/3,,shadow-screen,,NEUTRAL,
2026-07-30,SNDK,0,1015.89,PULLBACK,891.82,937.32,638.592,47.92,AMBER,2,1,1,BREAKOUT,0,1,0,0,50,fails,0,G1 size;G2 trend,F:3/3,,shadow-screen,,YELLOW,
2026-07-30,SNOW,0,282.9,HOLD,261.89,275.25,237.448,98.91,RED,4,8,1,BREAKOUT,0,0,0,0,67,fails,0,G3 leader,F:3/3,,owner-request,,NEUTRAL,
2026-07-30,SOFI,0,15.25,CAUTION,13.11,13.78,17.4166,4.05,WHITE,0,24,0,BREAKDOWN,0,0,0,0,13,fails,0,G2 trend;G3 leader;G4 basis,F:2/3,,owner-request,,YELLOW,
2026-07-30,SPCX,0,112.55,CAUTION,,,158.911,4.61,WHITE,0,4,0,,0,0,0,0,10,fails,0,G1 size;G2 trend;G3 leader;G4 basis;G5 data,F:—,,shadow-screen,,YELLOW,
2026-07-30,STX,0,764.43,HOLD,723.24,760.14,408.74,52.82,RED,3,63,1,BREAKOUT,0,1,0,0,64,STARTER,1,,F:3/3,,shadow-screen,,YELLOW,
2026-07-30,T,0,23.94,CAUTION,22.71,23.87,23.1778,51.36,WHITE,0,15,0,BREAKDOWN,0,0,0,0,18,fails,0,G2 trend;G3 leader,F:2/3,,shadow-screen,,RED,
2026-07-30,TER,0,319.41,PULLBACK,310.95,326.81,366.545,36.62,AMBER,2,1,1,BREAKDOWN,1,1,0,1,52,fails,0,G2 trend;G4 basis,F:2/3,,shadow-screen,,YELLOW,
2026-07-30,TMDX,0,78,BOTTOMING,71.99,75.66,73.4611,56.3,WHITE,0,19,0,BREAKOUT,0,0,0,0,35,fails,0,G2 trend;G3 leader,F:3/3,,owner-request,,RED,
2026-07-30,TMO,0,576.46,ACCUMULATE,566.35,595.25,472.719,88.43,RED,3,2,1,BREAKOUT,0,0,0,1,62,fails,0,G3 leader,F:2/3,,shadow-screen,,RED,
2026-07-30,TMUS,0,181.52,CAUTION,178.79,187.91,182.438,18.85,WHITE,0,46,0,,0,0,0,1,17,fails,0,G2 trend;G3 leader;G4 basis,F:2/3,,shadow-screen,,YELLOW,
2026-07-30,TOST,0,32.6,BOTTOMING,31.81,33.43,28.1072,83.7,WHITE,1,43,1,BREAKOUT,0,0,0,1,40,fails,0,G2 trend;G3 leader,F:2/2,,owner-request,,RED,
2026-07-30,TSLA,1,298.32,CAUTION,,,397.921,4.24,WHITE,0,6,0,BREAKDOWN,0,0,0,0,5,fails,0,G1 size;G2 trend;G3 leader;G4 basis,F:1/3,,holding,,YELLOW,
2026-07-30,TSM,1,374.67,PULLBACK,361.49,379.93,407.324,41.28,AMBER,2,1,1,,0,1,0,0,25,fails,0,G1 size;G2 trend;G4 basis,F:3/3,,holding,,YELLOW,
2026-07-30,TXN,0,271.3,HOLD,215.34,226.32,291.067,42.31,RED,3,17,1,,0,1,0,0,53,fails,0,G4 basis,F:3/3,,shadow-screen,,YELLOW,
2026-07-30,UBER,0,71.2,CAUTION,59.39,62.42,73.5988,21.66,WHITE,0,33,0,INSIDE,0,0,0,0,22,fails,0,G2 trend;G3 leader;G4 basis,F:3/3,,owner-request,,NEUTRAL,
2026-07-30,UNH,0,420.57,HOLD,393.28,413.34,424.412,83.98,RED,4,13,1,BREAKOUT,0,0,0,0,68,fails,0,G4 basis,F:3/3,,shadow-screen,,YELLOW,
2026-07-30,V,0,368.73,HOLD,349.13,366.94,329.468,99.09,RED,4,5,1,,0,0,0,0,43,fails,0,G3 leader,F:0/1,,owner-request,,RED,
2026-07-30,VRT,0,223.04,CAUTION,173.25,182.09,307.051,26.8,AMBER,2,1,0,,0,1,0,0,28,fails,0,G2 trend;G4 basis,F:3/3,,owner-request,,YELLOW,
2026-07-30,VZ,0,47.22,PULLBACK,46.5,48.87,47.4445,68.48,AMBER,2,2,1,INSIDE,0,0,0,1,42,fails,0,G2 trend;G3 leader;G4 basis,F:2/3,,shadow-screen,,RED,
2026-07-30,WDC,0,462.04,HOLD,279.15,293.39,284.844,56.02,RED,3,61,1,BREAKOUT,0,1,0,0,64,STARTER,1,,F:3/3,,shadow-screen,,YELLOW,
2026-07-30,WFC,0,83.87,ACCUMULATE,82.28,86.47,87.0812,53.96,RED,3,4,1,BREAKOUT,0,0,0,0,42,fails,0,G3 leader;G4 basis,F:2/3,,shadow-screen,,YELLOW,
2026-07-30,WMT,0,114.22,CAUTION,112.45,118.19,118.748,32.84,WHITE,0,4,0,BREAKDOWN,0,0,0,1,13,fails,0,G2 trend;G3 leader;G4 basis,F:2/3,,shadow-screen,,RED,
2026-07-30,XOM,0,156.75,ACCUMULATE,154.1,161.96,149.994,85.41,RED,3,3,1,BREAKOUT,0,0,0,1,73,STARTER,1,,F:—,,shadow-screen,,RED,
2026-07-30,ZETA,0,22.08,ACCUMULATE,21.14,22.22,18.4446,86.61,RED,4,10,1,,0,0,0,1,70,STARTER,1,,F:2/2,,shadow-screen,,NEUTRAL,
2026-07-30,ZS,0,153.77,CAUTION,143.87,151.21,146.806,70.14,WHITE,0,34,0,,0,0,1,0,30,fails,0,G2 trend;G3 leader,F:3/3,,owner-request,,RED,
2026-07-31,0700,0,475.2,CAUTION,457.38,480.71,466.711,58.16,WHITE,0,24,0,,0,0,0,1,10,fails,0,G1 size;G2 trend;G3 leader,F:—,,owner-request,,RED,
2026-07-31,1810,0,28.9,CAUTION,27.02,28.4,31.5588,38.55,WHITE,0,42,0,BREAKDOWN,0,0,0,0,5,fails,0,G1 size;G2 trend;G3 leader;G4 basis,F:—,,owner-request,,RED,
2026-07-31,3690,0,92.2,CAUTION,82.13,86.32,77.8804,73.53,WHITE,1,67,1,,0,0,0,0,25,fails,0,G1 size;G2 trend;G3 leader,F:—,,owner-request,,RED,
2026-07-31,9992,1,162.8,CAUTION,159.26,167.38,154.259,44.63,WHITE,0,22,0,INSIDE,0,0,0,1,23,fails,0,G2 trend;G3 leader,F:—,,holding,,RED,
2026-07-31,AAL,0,15.43,ACCUMULATE,14.83,15.59,15.1365,63.31,RED,4,10,1,BREAKOUT,1,1,0,1,53,fails,0,G3 leader,F:2/3,,shadow-screen,,NEUTRAL,
2026-07-31,AAOI,0,90.11,CAUTION,85.83,90.21,114.673,22.03,AMBER,2,3,0,BREAKDOWN,0,0,0,1,42,fails,0,G2 trend;G4 basis,F:1/3,,shadow-screen,,YELLOW,
2026-07-31,AAPL,1,333.43,ACCUMULATE,324.18,340.72,310.592,95.94,RED,4,18,1,BREAKOUT,0,0,0,1,60,fails,0,G1 size,F:2/3,10,holding,15,RED,6
2026-07-31,ABBV,0,257.41,ACCUMULATE,249.56,262.29,226.318,94.67,RED,4,8,1,INSIDE,0,0,0,1,73,STARTER,1,,F:2/3,,shadow-screen,,NEUTRAL,
2026-07-31,ABT,0,105.61,CAUTION,98.9,103.94,88.7909,69.95,WHITE,1,40,1,,0,0,0,0,37,fails,0,G2 trend;G3 leader,F:2/3,,shadow-screen,,RED,
2026-07-31,ACN,0,163.29,CAUTION,136.56,143.53,126.877,44.43,WHITE,0,27,0,BREAKDOWN,0,0,1,0,22,fails,0,G2 trend;G3 leader,F:1/2,,shadow-screen,,RED,
2026-07-31,ADBE,0,247.9,CAUTION,246.64,259.23,251.675,58.56,WHITE,0,86,0,,0,0,0,1,17,fails,0,G2 trend;G3 leader;G4 basis,F:3/3,,owner-request,,RED,
2026-07-31,ADI,0,366.67,ACCUMULATE,359.17,377.5,392.536,42.39,RED,3,38,1,BREAKOUT,0,0,0,1,53,fails,0,G4 basis,F:3/3,,shadow-screen,,YELLOW,
2026-07-31,ALAB,0,299.69,HOLD,207.63,218.22,123.076,63.4,RED,3,15,1,,0,0,0,0,78,CONVICTION,1,,F:3/3,,owner-request,,YELLOW,
2026-07-31,AMAT,0,501.77,HOLD,476.45,500.76,586.461,61.55,RED,3,46,1,BREAKOUT,0,0,0,0,64,fails,0,G4 basis,F:2/3,,owner-request,,YELLOW,
2026-07-31,AMD,1,485.39,HOLD,432.32,454.38,215.827,73.39,RED,4,20,1,BREAKOUT,0,0,0,0,65,fails,0,G1 size,F:3/3,,holding,,YELLOW,
2026-07-31,AMZN,0,235.5,CAUTION,225.5,237,246.526,47.75,AMBER,2,2,0,BREAKDOWN,1,1,0,1,5,fails,0,G1 size;G2 trend;G3 leader;G4 basis,F:3/3,,owner-request,,YELLOW,
2026-07-31,ANET,0,171.02,ACCUMULATE,164.69,173.09,142.771,86.12,RED,4,16,1,BREAKOUT,1,0,1,1,67,STARTER,1,,F:3/3,12,owner-request,5,NEUTRAL,11
2026-07-31,APH,0,159.82,ACCUMULATE,153.84,161.69,147.137,87.96,RED,4,10,1,BREAKOUT,0,0,0,1,67,STARTER,1,,F:3/3,,shadow-screen,,NEUTRAL,
2026-07-31,APP,0,403.87,CAUTION,390.88,410.82,466.365,16.9,WHITE,0,3,0,BREAKDOWN,1,1,0,1,13,fails,0,G2 trend;G3 leader;G4 basis,F:2/2,,owner-request,,YELLOW,
2026-07-31,ARM,0,241.54,HOLD,223.05,234.43,210.673,52.3,RED,3,17,1,,0,0,0,0,63,STARTER,1,,F:3/3,,owner-request,,YELLOW,
2026-07-31,ASML,0,1651.44,ACCUMULATE,1619.1,1701.7,1788.54,59.72,RED,3,50,1,,1,1,0,1,59,fails,0,G4 basis,F:1/1,5,owner-request,3,YELLOW,10
2026-07-31,ASTS,0,58.44,CAUTION,56.32,59.2,86.0499,12.71,WHITE,0,3,0,BREAKDOWN,0,0,0,1,17,fails,0,G2 trend;G3 leader;G4 basis,F:0/2,,owner-request,,YELLOW,
2026-07-31,AVGO,0,387.84,ACCUMULATE,372.14,391.13,379.737,66.57,RED,3,4,1,INSIDE,0,0,0,1,45,fails,0,G1 size;G3 leader,F:3/3,,shadow-screen,,RED,
2026-07-31,AXON,0,525.3,CAUTION,517.17,543.56,393.819,64.21,WHITE,1,38,0,,0,0,0,1,30,fails,0,G2 trend;G3 leader,F:3/3,,owner-request,,YELLOW,
2026-07-31,AXP,0,337.52,HOLD,307.38,323.06,341.473,62.07,RED,3,1,1,BREAKOUT,1,1,1,0,42,fails,0,G3 leader;G4 basis,F:2/3,,shadow-screen,,YELLOW,
2026-07-31,AXTI,0,46.94,CAUTION,46.92,49.32,53.7995,27.78,AMBER,2,5,0,,0,0,0,1,45,fails,0,G2 trend;G4 basis,F:0/3,,shadow-screen,,NEUTRAL,
2026-07-31,AZO,0,3006.57,CAUTION,2710.1,2848.37,3077.93,12.93,WHITE,0,24,0,BREAKDOWN,0,0,1,0,17,fails,0,G2 trend;G3 leader;G4 basis,F:2/3,,shadow-screen,,NEUTRAL,
2026-07-31,BA,0,220.9,PULLBACK,213.61,224.5,217.965,56.99,AMBER,2,1,1,INSIDE,1,1,0,1,37,fails,0,G2 trend;G3 leader,F:2/3,,shadow-screen,,RED,
2026-07-31,BAC,0,61.73,ACCUMULATE,60.33,63.41,52.0564,95.89,RED,4,9,1,BREAKDOWN,0,0,0,1,58,fails,0,G3 leader,F:2/3,,shadow-screen,,NEUTRAL,
2026-07-31,BE,0,207.12,ACCUMULATE,205.65,216.14,278.421,50.62,RED,3,1,1,BREAKDOWN,1,1,0,1,59,fails,0,G4 basis,F:2/3,,shadow-screen,,NEUTRAL,
2026-07-31,BKNG,0,193.24,BOTTOMING,179.94,189.12,168.127,80.35,WHITE,1,28,1,BREAKOUT,0,0,0,0,37,fails,0,G2 trend;G3 leader,F:2/3,,shadow-screen,,RED,
2026-07-31,BSX,0,46,BOTTOMING,43.71,45.94,44.6055,33.28,WHITE,0,35,0,BREAKOUT,0,1,0,0,32,fails,0,G2 trend;G3 leader,F:3/3,,shadow-screen,,RED,
2026-07-31,C,0,132.32,ACCUMULATE,130.21,136.85,132.864,70.46,RED,3,20,1,BREAKOUT,1,1,0,1,58,fails,0,G4 basis,F:2/3,,shadow-screen,,NEUTRAL,
2026-07-31,CAT,0,809.14,ACCUMULATE,794.79,835.34,887.084,42.59,RED,3,58,1,INSIDE,0,0,0,1,68,fails,0,G4 basis,F:2/3,,shadow-screen,,YELLOW,
2026-07-31,CAVA,0,66.44,CAUTION,61.84,65,79.8304,27.21,WHITE,1,2,0,,0,1,0,0,25,fails,0,G2 trend;G3 leader;G4 basis,F:3/3,,owner-request,,RED,
2026-07-31,CBRS,0,203.07,CAUTION,199.03,209.19,218.132,35.59,WHITE,0,12,0,,0,0,0,0,22,fails,0,G2 trend;G3 leader;G4 basis;G5 data,F:—,,shadow-screen,,RED,
2026-07-31,CDE,0,15.4,CAUTION,14.69,15.44,16.2809,17.25,WHITE,0,9,0,BREAKDOWN,0,0,0,1,30,fails,0,G2 trend;G4 basis,F:2/3,,owner-request,,RED,
2026-07-31,CEG,0,263.56,BOTTOMING,246.85,259.45,270.626,27.54,WHITE,0,27,0,BREAKOUT,0,0,0,0,27,fails,0,G2 trend;G3 leader;G4 basis,F:2/3,,shadow-screen,,RED,
2026-07-31,CIEN,0,372.07,PULLBACK,333.61,350.63,440.28,40.65,AMBER,2,3,1,BREAKDOWN,0,1,0,0,52,fails,0,G2 trend;G4 basis,F:3/3,,shadow-screen,,YELLOW,
2026-07-31,COHR,0,249.06,CAUTION,243.69,256.12,248.659,31.61,AMBER,2,3,0,BREAKDOWN,1,1,0,1,42,fails,0,G2 trend,F:2/3,,shadow-screen,,YELLOW,
2026-07-31,COIN,0,163.58,CAUTION,160.8,169.01,164.086,21.45,WHITE,0,35,0,INSIDE,0,0,0,1,22,fails,0,G2 trend;G3 leader;G4 basis,F:1/2,,shadow-screen,,RED,
2026-07-31,COST,0,954.17,BOTTOMING,936.51,984.3,955.627,40.93,WHITE,1,4,0,BREAKOUT,0,0,0,1,23,fails,0,G2 trend;G3 leader;G4 basis,F:2/3,,owner-request,,RED,
2026-07-31,CRCL,0,64.24,CAUTION,62.12,65.29,63.3924,12.99,WHITE,0,8,0,BREAKDOWN,0,0,0,1,27,fails,0,G2 trend;G3 leader,F:2/2,,shadow-screen,,RED,
2026-07-31,CRDO,0,201.08,HOLD,188.01,197.6,247.119,54.93,RED,3,15,1,,0,0,0,0,67,fails,0,G4 basis,F:3/3,,owner-request,,YELLOW,
2026-07-31,CRM,0,180.71,CAUTION,166.42,174.91,183.972,51.14,WHITE,0,72,0,,0,0,0,0,13,fails,0,G2 trend;G3 leader;G4 basis,F:2/3,,owner-request,,RED,
2026-07-31,CRWD,0,185.22,HOLD,167.89,176.46,106.509,84.5,RED,4,12,1,BREAKOUT,0,0,0,0,63,STARTER,1,,F:2/2,,owner-request,,YELLOW,
2026-07-31,CRWV,0,73.9,CAUTION,72.33,76.02,117.292,11.65,WHITE,0,3,0,BREAKDOWN,0,0,0,1,18,fails,0,G2 trend;G3 leader;G4 basis,F:2/2,,shadow-screen,,NEUTRAL,
2026-07-31,CSCO,0,113.56,ACCUMULATE,110.9,116.56,77.9846,60.37,RED,3,66,1,,0,0,0,1,73,STARTER,1,,F:2/3,,shadow-screen,,NEUTRAL,
2026-07-31,CSPX,1,793.8,HOLD,746.11,784.17,805.023,60.54,RED,3,17,1,BREAKOUT,0,0,0,0,50,fails,0,G3 leader;G4 basis,F:—,,holding,,YELLOW,
2026-07-31,CVX,0,192.31,ACCUMULATE,186.04,195.53,189.832,82.14,RED,3,3,1,BREAKOUT,0,0,0,1,52,fails,0,G3 leader,F:1/3,,shadow-screen,,RED,
2026-07-31,D05,0,74.19,ACCUMULATE,71.72,75.38,57.4286,98.07,RED,4,67,1,BREAKOUT,0,0,0,1,75,CONVICTION,1,,F:—,9,owner-request,14,NEUTRAL,7
2026-07-31,DDOG,1,268.56,ACCUMULATE,258.04,271.21,127.455,97.44,RED,4,13,1,BREAKOUT,0,0,0,1,77,CONVICTION,1,,F:2/2,6,holding,11,NEUTRAL,3
2026-07-31,DELL,0,404.81,ACCUMULATE,394.12,414.23,118.395,71.79,RED,4,22,1,BREAKOUT,0,0,0,1,78,CONVICTION,1,,F:2/2,,shadow-screen,,YELLOW,
2026-07-31,DRAM,1,52.34,CAUTION,49.73,52.27,53.97,25.76,AMBER,2,2,0,,0,1,0,0,34,fails,0,G2 trend;G4 basis;G5 data,F:—,,holding,,YELLOW,
2026-07-31,DUOL,0,133.6,CAUTION,96.87,101.82,98.8507,71.91,WHITE,0,51,0,,0,0,0,0,30,fails,0,G2 trend;G3 leader,F:2/2,,owner-request,,RED,
2026-07-31,ETHA,0,14.51,CAUTION,14.04,14.75,14.3238,30.32,WHITE,0,35,0,BREAKDOWN,1,0,1,1,30,fails,0,G2 trend;G3 leader,F:0/2,,owner-request,,RED,
2026-07-31,ETN,0,386.89,ACCUMULATE,370.26,389.15,406.625,48.53,RED,3,21,1,,0,0,0,1,47,fails,0,G3 leader;G4 basis,F:3/3,,shadow-screen,,YELLOW,
2026-07-31,FCX,0,63.44,ACCUMULATE,60.95,64.06,62.1905,74.55,RED,3,2,1,BREAKDOWN,1,1,1,1,62,STARTER,1,,F:2/3,,shadow-screen,,RED,
2026-07-31,GE,0,355.04,HOLD,337.2,354.41,283.601,81.76,RED,4,10,1,INSIDE,1,1,1,0,62,fails,0,G3 leader,F:3/3,,shadow-screen,,NEUTRAL,
2026-07-31,GEV,0,981.98,HOLD,876.29,921,1065.33,55.77,RED,3,69,1,INSIDE,0,1,0,0,59,fails,0,G4 basis,F:2/3,,shadow-screen,,YELLOW,
2026-07-31,GLW,0,135.22,CAUTION,128.44,134.99,188.579,30.4,AMBER,2,3,0,BREAKDOWN,0,1,0,0,38,fails,0,G2 trend;G4 basis,F:3/3,,shadow-screen,,YELLOW,
2026-07-31,GOOG,1,333.68,ACCUMULATE,329.53,346.34,360.33,48.69,RED,3,1,1,,0,0,0,1,45,fails,0,G1 size;G4 basis,F:2/2,7,holding,12,YELLOW,16
2026-07-31,GOOGL,0,333.66,HOLD,311.45,327.34,363.885,46.9,RED,3,1,1,,0,0,0,0,40,fails,0,G1 size;G4 basis,F:2/2,,shadow-screen,,YELLOW,
2026-07-31,GRAB,0,3.4,CAUTION,3.43,3.6,3.499,15.09,WHITE,0,30,0,BREAKDOWN,1,1,1,1,20,fails,0,G2 trend;G3 leader;G4 basis,F:2/2,,owner-request,,YELLOW,
2026-07-31,GS,0,1024.86,ACCUMULATE,998.54,1049.48,931.302,68.04,RED,4,18,1,BREAKOUT,0,0,0,1,63,STARTER,1,,F:2/2,,shadow-screen,,YELLOW,
2026-07-31,HD,0,333.35,CAUTION,327.05,343.74,333.725,39.24,WHITE,0,22,0,BREAKDOWN,1,1,0,1,17,fails,0,G2 trend;G3 leader;G4 basis,F:2/3,,shadow-screen,,YELLOW,
2026-07-31,HIMS,0,27.04,CAUTION,25.9,27.23,24.0908,45.49,AMBER,2,2,0,BREAKDOWN,0,0,0,0,25,fails,0,G2 trend;G3 leader,F:2/2,,owner-request,,YELLOW,
2026-07-31,HON,0,241.91,ACCUMULATE,235.95,247.99,224.045,76.01,RED,3,2,1,,0,0,0,1,52,fails,0,G3 leader,F:2/3,,shadow-screen,,RED,
2026-07-31,HOOD,0,86.6,BOTTOMING,82.93,87.16,76.046,42.23,AMBER,2,1,0,BREAKOUT,0,0,0,0,18,fails,0,G2 trend;G3 leader,F:2/2,,owner-request,,YELLOW,
2026-07-31,IBIT,0,36.7,CAUTION,36.02,37.86,35.9225,24.96,WHITE,0,37,0,BREAKDOWN,0,0,0,1,27,fails,0,G2 trend;G3 leader,F:0/2,,owner-request,,RED,
2026-07-31,IBM,0,221.74,CAUTION,218.15,229.28,222.602,23.53,WHITE,0,3,0,,1,1,0,1,9,fails,0,G2 trend;G3 leader;G4 basis,F:2/3,,shadow-screen,,YELLOW,
2026-07-31,ICE,0,156.27,BOTTOMING,152.24,160.01,155.347,66.88,WHITE,1,25,1,BREAKOUT,0,0,0,1,37,fails,0,G2 trend;G3 leader,F:2/3,,owner-request,,RED,
2026-07-31,INTC,0,91.13,HOLD,82.99,87.23,45.2035,48.27,RED,3,50,1,,0,0,0,0,60,fails,0,G1 size,F:1/3,,owner-request,,YELLOW,
2026-07-31,INTU,0,315.5,CAUTION,305.04,320.6,311.263,48.78,WHITE,0,43,0,,0,0,0,1,22,fails,0,G2 trend;G3 leader,F:3/3,,shadow-screen,,RED,
2026-07-31,IONQ,0,35.77,CAUTION,33.97,35.7,34.66,21.63,WHITE,0,3,0,INSIDE,0,0,0,0,27,fails,0,G2 trend;G3 leader,F:1/3,,shadow-screen,,RED,
2026-07-31,IOT,0,35.8,HOLD,32.93,34.61,31.8175,66.62,RED,3,1,1,,0,0,0,0,55,fails,0,G3 leader,F:2/2,,owner-request,,YELLOW,
2026-07-31,IREN,0,38.26,CAUTION,32.9,34.58,41.7894,18.92,WHITE,0,3,0,BREAKDOWN,0,0,0,0,33,fails,0,G2 trend;G4 basis,F:2/2,,shadow-screen,,RED,
2026-07-31,ISRG,0,352.97,CAUTION,345.57,363.2,403.484,13.02,WHITE,0,26,0,,1,1,0,1,13,fails,0,G2 trend;G3 leader;G4 basis,F:3/3,,shadow-screen,,YELLOW,
2026-07-31,JNJ,0,255.82,ACCUMULATE,248.03,260.68,229.601,87.42,RED,4,55,1,BREAKOUT,0,0,0,1,63,STARTER,1,,F:2/3,,shadow-screen,,YELLOW,
2026-07-31,JPM,0,350.85,ACCUMULATE,340.52,357.9,310.921,97.15,RED,4,9,1,BREAKDOWN,0,1,0,1,54,fails,0,G3 leader,F:2/3,15,owner-request,8,NEUTRAL,9
2026-07-31,KLAC,0,180.33,PULLBACK,177.86,186.93,181.489,46.1,AMBER,2,1,1,INSIDE,0,0,0,1,43,fails,0,G2 trend;G4 basis,F:3/3,,owner-request,,YELLOW,
2026-07-31,KO,0,88.49,ACCUMULATE,86.37,90.78,79.273,97.78,RED,4,30,1,BREAKOUT,0,0,0,0,62,fails,0,G3 leader,F:2/3,,shadow-screen,,RED,
2026-07-31,LIN,0,508.64,ACCUMULATE,487.07,511.92,513.674,62.38,RED,3,25,1,,0,0,0,0,52,fails,0,G3 leader;G4 basis,F:2/3,,shadow-screen,,YELLOW,
2026-07-31,LITE,0,693.24,PULLBACK,613.64,644.95,871.238,32.04,AMBER,2,1,1,BREAKDOWN,0,0,1,0,44,fails,0,G2 trend;G4 basis,F:2/3,,shadow-screen,,YELLOW,
2026-07-31,LLY,0,1154.97,ACCUMULATE,1136.2,1194.17,1159.39,80.21,RED,4,12,1,BREAKDOWN,1,0,1,1,58,fails,0,G4 basis,F:3/3,11,owner-request,4,YELLOW,12
2026-07-31,LRCX,0,297.72,ACCUMULATE,291.27,306.13,321.045,58.15,RED,3,61,1,BREAKOUT,1,1,0,1,64,fails,0,G4 basis,F:3/3,3,owner-request,2,YELLOW,8
2026-07-31,MA,0,577.35,ACCUMULATE,551.26,579.39,494.824,96.33,RED,3,1,1,BREAKOUT,0,0,0,1,48,fails,0,G3 leader,F:3/3,17,owner-request,17,RED,14
2026-07-31,MCD,0,268.44,CAUTION,,,276.096,9.99,WHITE,0,18,0,,0,0,0,0,17,fails,0,G2 trend;G3 leader;G4 basis,F:2/3,,shadow-screen,,NEUTRAL,
2026-07-31,MCHP,0,75.01,CAUTION,73.02,76.74,90.0586,31.43,AMBER,2,3,0,,0,0,0,1,17,fails,0,G2 trend;G3 leader;G4 basis,F:2/3,,shadow-screen,,YELLOW,
2026-07-31,MDB,0,325.88,ACCUMULATE,316.32,332.46,322.776,56.49,RED,3,1,1,BREAKDOWN,1,0,1,1,50,fails,0,G3 leader,F:3/3,13,owner-request,6,NEUTRAL,17
2026-07-31,META,0,539.03,CAUTION,522.97,549.65,610.358,4.18,WHITE,0,38,0,BREAKDOWN,1,1,0,1,5,fails,0,G1 size;G2 trend;G3 leader;G4 basis,F:2/2,,owner-request,,YELLOW,
2026-07-31,MPWR,0,1316.18,HOLD,1143.45,1201.79,1343.34,43.73,RED,3,59,1,BREAKDOWN,0,0,0,0,57,fails,0,G4 basis,F:3/3,,shadow-screen,,NEUTRAL,
2026-07-31,MRK,0,129.79,ACCUMULATE,125.28,131.67,120.881,95.87,RED,4,39,1,,0,0,0,1,72,STARTER,1,,F:2/3,,shadow-screen,,RED,
2026-07-31,MRVL,0,183.3,ACCUMULATE,174.55,183.46,89.2744,42.04,RED,3,23,1,,0,0,0,1,65,fails,0,G1 size,F:3/3,4,owner-request,10,YELLOW,1
2026-07-31,MS,0,210.06,ACCUMULATE,205.66,216.16,215.288,68.59,RED,4,18,1,BREAKOUT,0,0,0,1,62,fails,0,G4 basis,F:2/3,,shadow-screen,,YELLOW,
2026-07-31,MSFT,0,451.1,CAUTION,436.8,459.09,394.416,84.86,WHITE,1,29,1,,0,0,0,1,25,fails,0,G1 size;G2 trend;G3 leader,F:3/3,,owner-request,,RED,
2026-07-31,MSTR,0,97.74,CAUTION,93.03,97.77,94.9249,18.57,WHITE,0,43,0,BREAKDOWN,0,0,0,1,18,fails,0,G2 trend;G3 leader,F:0/2,,shadow-screen,,RED,
2026-07-31,MU,1,874.66,ACCUMULATE,860.39,904.29,928.221,58.7,RED,3,60,1,,0,0,0,1,60,fails,0,G1 size;G4 basis,F:3/3,1,holding,9,YELLOW,2
2026-07-31,NBIS,1,188.43,ACCUMULATE,183.01,192.34,96.2489,56.83,RED,3,26,1,BREAKOUT,1,1,0,1,74,STARTER,1,,F:2/2,2,holding,1,NEUTRAL,4
2026-07-31,NEE,0,87.93,PULLBACK,86.45,90.86,88.215,48.97,AMBER,2,1,1,BREAKDOWN,1,0,1,1,27,fails,0,G2 trend;G3 leader;G4 basis,F:2/3,,shadow-screen,,YELLOW,
2026-07-31,NET,0,283.39,HOLD,263.43,276.87,196.946,99.62,RED,4,16,1,BREAKOUT,0,0,0,0,77,CONVICTION,1,,F:2/2,,owner-request,,NEUTRAL,
2026-07-31,NFLX,0,73.17,CAUTION,72.25,75.93,73.72,18.75,WHITE,0,37,0,BREAKDOWN,1,1,0,1,9,fails,0,G2 trend;G3 leader;G4 basis,F:2/3,,owner-request,,RED,
2026-07-31,NKE,0,42.29,CAUTION,42.04,44.18,42.8979,17.63,WHITE,0,43,0,BREAKDOWN,0,0,0,1,17,fails,0,G2 trend;G3 leader;G4 basis,F:2/3,,shadow-screen,,YELLOW,
2026-07-31,NOW,0,110.07,CAUTION,100.51,105.64,102.561,70.76,WHITE,0,53,0,,0,0,0,0,23,fails,0,G2 trend;G3 leader,F:2/3,,shadow-screen,,RED,
2026-07-31,NVDA,1,195.04,PULLBACK,192.18,201.98,209.265,50.46,AMBER,2,1,1,BREAKDOWN,0,0,0,1,15,fails,0,G1 size;G2 trend;G3 leader;G4 basis,F:3/3,,holding,,YELLOW,
2026-07-31,NVO,0,51.61,HOLD,47.8,50.24,48.7778,82.84,RED,3,2,1,BREAKOUT,0,0,0,0,60,fails,0,G3 leader,F:—,,owner-request,,RED,
2026-07-31,NXPI,0,245.16,CAUTION,240.63,252.91,294.045,37.94,AMBER,2,1,0,,0,0,0,1,17,fails,0,G2 trend;G3 leader;G4 basis,F:2/3,,shadow-screen,,YELLOW,
2026-07-31,ON,0,83.74,PULLBACK,59.69,62.73,93.8008,38.27,AMBER,2,1,1,BREAKOUT,0,0,0,0,42,fails,0,G2 trend;G4 basis,F:2/3,,shadow-screen,,YELLOW,
2026-07-31,ONON,0,37.1,BOTTOMING,36.37,38.23,37.112,38.95,WHITE,0,22,0,BREAKOUT,0,0,0,1,20,fails,0,G2 trend;G3 leader;G4 basis,F:1/1,,owner-request,,NEUTRAL,
2026-07-31,ORCL,0,127.56,CAUTION,116.58,122.52,142.7,13.1,WHITE,0,6,0,BREAKDOWN,0,1,0,0,5,fails,0,G1 size;G2 trend;G3 leader;G4 basis,F:3/3,,owner-request,,RED,
2026-07-31,PANW,0,325.68,ACCUMULATE,317.25,333.44,166.616,85.44,RED,4,12,1,,0,0,0,1,68,STARTER,1,,F:2/3,8,owner-request,13,YELLOW,5
2026-07-31,PEP,0,140.2,CAUTION,133.82,140.65,142.322,22.8,WHITE,0,10,0,INSIDE,0,0,0,1,22,fails,0,G2 trend;G3 leader;G4 basis,F:2/3,,shadow-screen,,RED,
2026-07-31,PFE,0,24.91,CAUTION,24.67,25.92,25.169,34.83,WHITE,0,7,0,BREAKDOWN,0,0,0,1,17,fails,0,G2 trend;G3 leader;G4 basis,F:2/3,,shadow-screen,,RED,
2026-07-31,PG,0,143.96,CAUTION,140.91,148.09,143.781,20.84,WHITE,1,2,0,,0,1,0,0,22,fails,0,G2 trend;G3 leader,F:2/3,,shadow-screen,,YELLOW,
2026-07-31,PLTR,1,122.26,CAUTION,115.29,121.17,134.44,12.41,WHITE,0,25,0,,0,0,0,0,9,fails,0,G2 trend;G3 leader;G4 basis,F:2/2,,holding,,YELLOW,
2026-07-31,QCOM,0,151.6,CAUTION,133.73,140.55,131.179,20.3,WHITE,1,1,0,BREAKDOWN,0,0,0,0,18,fails,0,G2 trend;G3 leader,F:3/3,,owner-request,,YELLOW,
2026-07-31,QQQ,0,683.55,ACCUMULATE,663.02,696.85,602.393,60.18,RED,3,17,1,BREAKDOWN,1,1,0,1,45,fails,0,G1 size;G3 leader,F:—,14,owner-request,7,YELLOW,15
2026-07-31,RBLX,0,48.67,CAUTION,45.96,48.31,46.9007,34.34,WHITE,0,34,0,BREAKDOWN,0,0,0,0,25,fails,0,G2 trend;G3 leader,F:2/2,,owner-request,,YELLOW,
2026-07-31,RDDT,0,178.04,ACCUMULATE,174,182.87,169.36,66.49,RED,3,1,1,BREAKOUT,0,0,0,1,57,fails,0,G3 leader,F:2/2,,shadow-screen,,YELLOW,
2026-07-31,RKLB,0,64.68,CAUTION,60.63,63.72,68.0144,18.66,WHITE,1,1,0,BREAKDOWN,0,0,0,0,27,fails,0,G2 trend;G4 basis,F:1/3,,owner-request,,YELLOW,
2026-07-31,RTX,0,214.38,ACCUMULATE,206.31,216.83,176.143,95.13,RED,4,7,1,BREAKOUT,0,0,0,1,62,STARTER,1,,F:2/3,,shadow-screen,,RED,
2026-07-31,SCHW,0,104.33,ACCUMULATE,99.99,105.09,92.6562,97.12,RED,4,4,1,,0,0,0,1,52,fails,0,G3 leader,F:3/3,,shadow-screen,,NEUTRAL,
2026-07-31,SE,0,106.24,BOTTOMING,104.12,109.44,89.3319,56.14,WHITE,1,37,0,BREAKOUT,0,0,0,1,22,fails,0,G2 trend;G3 leader,F:2/2,,owner-request,,NEUTRAL,
2026-07-31,SHOP,0,122.4,CAUTION,120.92,127.09,112.82,63.25,WHITE,1,25,0,INSIDE,0,0,0,1,32,fails,0,G2 trend;G3 leader,F:2/2,,owner-request,,NEUTRAL,
2026-07-31,SMCI,0,27.73,CAUTION,27.25,28.64,30.7939,17.66,WHITE,0,7,0,INSIDE,0,0,0,1,22,fails,0,G2 trend;G3 leader;G4 basis,F:3/3,,shadow-screen,,NEUTRAL,
2026-07-31,SNDK,0,1279.96,HOLD,1081.82,1137.01,638.592,56.76,RED,3,59,1,BREAKOUT,0,1,0,0,65,fails,0,G1 size,F:3/3,,shadow-screen,,YELLOW,
2026-07-31,SNOW,0,298.1,HOLD,261.89,275.25,237.448,100,RED,4,8,1,BREAKOUT,0,0,0,0,67,fails,0,G3 leader,F:3/3,,owner-request,,RED,
2026-07-31,SOFI,0,16.47,BOTTOMING,16.14,16.96,17.4166,28.34,WHITE,0,24,0,BREAKOUT,0,0,0,1,13,fails,0,G2 trend;G3 leader;G4 basis,F:2/3,,owner-request,,YELLOW,
2026-07-31,SPCX,0,112.2,CAUTION,,,158.911,3.03,WHITE,0,4,0,,0,0,0,0,10,fails,0,G1 size;G2 trend;G3 leader;G4 basis;G5 data,F:—,,shadow-screen,,YELLOW,
2026-07-31,STX,0,851.68,HOLD,794.94,835.5,408.74,69.46,RED,3,63,1,BREAKOUT,1,1,1,0,69,STARTER,1,,F:3/3,,shadow-screen,,NEUTRAL,
2026-07-31,T,0,23.21,CAUTION,22.71,23.87,23.1778,42.73,WHITE,0,15,0,BREAKDOWN,0,0,0,1,18,fails,0,G2 trend;G3 leader,F:2/3,,shadow-screen,,NEUTRAL,
2026-07-31,TER,0,365.49,ACCUMULATE,352.32,370.29,359.509,64.07,RED,3,51,1,INSIDE,1,1,0,1,87,CONVICTION,1,,F:2/3,,shadow-screen,,NEUTRAL,
2026-07-31,TMDX,0,76.13,BOTTOMING,73.36,77.1,74.8559,49.07,WHITE,0,19,0,BREAKOUT,0,0,0,1,35,fails,0,G2 trend;G3 leader,F:3/3,,owner-request,,RED,
2026-07-31,TMO,0,576.77,ACCUMULATE,566.35,595.25,472.719,88.33,RED,3,2,1,BREAKOUT,0,0,0,1,62,fails,0,G3 leader,F:2/3,,shadow-screen,,RED,
2026-07-31,TMUS,0,173.34,CAUTION,,,180.98,3.1,WHITE,0,46,0,,0,0,0,0,17,fails,0,G2 trend;G3 leader;G4 basis,F:2/3,,shadow-screen,,YELLOW,
2026-07-31,TOST,0,32.85,BOTTOMING,31.34,32.93,28.1072,83.76,WHITE,1,43,1,BREAKOUT,0,0,0,1,40,fails,0,G2 trend;G3 leader,F:2/2,,owner-request,,RED,
2026-07-31,TSLA,1,308.85,CAUTION,302.42,317.85,397.921,7.83,WHITE,0,6,0,BREAKDOWN,0,0,0,1,5,fails,0,G1 size;G2 trend;G3 leader;G4 basis,F:1/3,,holding,,YELLOW,
2026-07-31,TSM,1,403.31,HOLD,361.49,379.93,407.324,57.16,RED,3,61,1,,0,1,0,0,50,fails,0,G1 size;G4 basis,F:3/3,,holding,,NEUTRAL,
2026-07-31,TXN,0,278.76,ACCUMULATE,274.12,288.11,291.067,48.8,RED,3,17,1,,1,1,0,1,58,fails,0,G4 basis,F:3/3,,shadow-screen,,YELLOW,
2026-07-31,UBER,0,70.37,CAUTION,69.45,72.99,73.5988,15.83,WHITE,0,33,0,INSIDE,0,0,0,1,22,fails,0,G2 trend;G3 leader;G4 basis,F:3/3,,owner-request,,YELLOW,
2026-07-31,UNH,0,421.47,ACCUMULATE,415.92,437.14,424.412,86.77,RED,4,13,1,BREAKOUT,0,0,0,1,73,fails,0,G4 basis,F:3/3,,shadow-screen,,YELLOW,
2026-07-31,V,0,366.27,ACCUMULATE,349.13,366.94,329.468,97.54,RED,4,5,1,,0,0,0,1,48,fails,0,G3 leader,F:0/1,16,owner-request,16,RED,13
2026-07-31,VRT,0,227.5,CAUTION,173.25,182.09,307.051,27.2,AMBER,2,1,0,,0,1,0,0,28,fails,0,G2 trend;G4 basis,F:3/3,,owner-request,,YELLOW,
2026-07-31,VZ,0,46.11,PULLBACK,44.79,47.07,47.4445,55.17,AMBER,2,2,1,BREAKDOWN,0,0,0,1,32,fails,0,G2 trend;G3 leader;G4 basis,F:2/3,,shadow-screen,,RED,
2026-07-31,WDC,0,533.04,ACCUMULATE,520.4,546.95,284.844,72.47,RED,3,61,1,BREAKOUT,1,1,0,1,74,STARTER,1,,F:3/3,,shadow-screen,,NEUTRAL,
2026-07-31,WFC,0,85.43,ACCUMULATE,82.28,86.47,87.0812,64.23,RED,3,4,1,BREAKOUT,0,0,0,0,47,fails,0,G3 leader;G4 basis,F:2/3,,shadow-screen,,YELLOW,
2026-07-31,WMT,0,111.1,CAUTION,106.96,112.42,118.748,19.77,WHITE,0,4,0,BREAKDOWN,0,0,0,1,13,fails,0,G2 trend;G3 leader;G4 basis,F:2/3,,shadow-screen,,NEUTRAL,
2026-07-31,XOM,0,156.97,ACCUMULATE,154.1,161.96,149.994,85.11,RED,3,3,1,BREAKOUT,0,0,0,1,68,STARTER,1,,F:—,,shadow-screen,,RED,
2026-07-31,ZETA,0,21.37,ACCUMULATE,20.86,21.93,18.4446,79.88,RED,4,10,1,,0,0,0,1,70,STARTER,1,,F:2/2,,shadow-screen,,NEUTRAL,
2026-07-31,ZS,0,148.39,CAUTION,143.87,151.21,146.806,59.19,WHITE,0,34,0,,1,0,1,1,25,fails,0,G2 trend;G3 leader,F:3/3,,owner-request,,RED,
2026-08-03,0700,0,489.4,CAUTION,457.38,480.71,466.711,65.07,WHITE,1,25,0,,0,0,0,0,15,fails,0,G1 size;G2 trend;G3 leader,F:—,,owner-request,,RED,
2026-08-03,1810,0,27.72,CAUTION,27.02,28.4,31.5588,32.67,WHITE,0,43,0,BREAKDOWN,0,0,0,1,5,fails,0,G1 size;G2 trend;G3 leader;G4 basis,F:—,,owner-request,,NEUTRAL,
2026-08-03,3690,0,93.6,CAUTION,82.13,86.32,77.8804,73.5,WHITE,1,68,1,,0,0,0,0,25,fails,0,G1 size;G2 trend;G3 leader,F:—,,owner-request,,RED,
2026-08-03,9992,1,160.9,CAUTION,159.26,167.38,154.259,37.76,WHITE,0,23,0,INSIDE,0,0,0,1,23,fails,0,G2 trend;G3 leader,F:—,,holding,,NEUTRAL,
2026-08-03,AAL,0,15.27,ACCUMULATE,14.83,15.59,15.1365,61.69,RED,4,10,1,BREAKOUT,1,1,0,1,53,fails,0,G3 leader,F:2/3,,shadow-screen,,NEUTRAL,
2026-08-03,AAOI,0,94.32,CAUTION,85.83,90.21,114.673,24.59,AMBER,2,3,0,BREAKDOWN,0,0,0,0,42,fails,0,G2 trend;G4 basis,F:1/3,,shadow-screen,,YELLOW,
2026-08-03,AAPL,1,308.91,ACCUMULATE,304.38,319.91,310.592,77.05,RED,4,18,1,INSIDE,1,1,1,1,60,fails,0,G1 size;G4 basis,F:2/3,9,holding,1,YELLOW,8
2026-08-03,ABBV,0,250.94,ACCUMULATE,244.27,256.73,226.318,82.73,RED,4,8,1,BREAKDOWN,0,0,0,1,53,fails,0,G3 leader,F:2/3,,shadow-screen,,YELLOW,
2026-08-03,ABT,0,105.7,CAUTION,98.9,103.94,88.7909,70.1,WHITE,1,40,1,,0,0,0,0,37,fails,0,G2 trend;G3 leader,F:2/2,,shadow-screen,,RED,
2026-08-03,ACN,0,165.92,CAUTION,160.99,169.21,126.877,47.22,WHITE,0,27,0,BREAKDOWN,1,0,1,1,22,fails,0,G2 trend;G3 leader,F:1/2,,shadow-screen,,RED,
2026-08-03,ADBE,0,250.41,CAUTION,242.48,254.85,247.43,58.77,WHITE,0,86,0,,0,0,0,1,22,fails,0,G2 trend;G3 leader,F:3/3,,owner-request,,RED,
2026-08-03,ADI,0,367.41,ACCUMULATE,361.72,380.18,392.536,42.22,RED,3,38,1,BREAKOUT,0,0,0,1,57,fails,0,G4 basis,F:3/3,,shadow-screen,,YELLOW,
2026-08-03,ALAB,0,311.23,HOLD,207.63,218.22,123.076,65.29,RED,3,15,1,,0,0,0,0,82,CONVICTION,1,,F:3/3,,owner-request,,NEUTRAL,
2026-08-03,AMAT,0,507.67,HOLD,476.45,500.76,586.461,61.78,RED,3,46,1,BREAKOUT,0,0,0,0,64,fails,0,G4 basis,F:2/3,,owner-request,,YELLOW,
2026-08-03,AMD,1,476.15,HOLD,432.32,454.38,215.827,70.16,RED,3,20,1,BREAKOUT,0,0,0,0,65,fails,0,G1 size,F:3/3,,holding,,YELLOW,
2026-08-03,AMZN,0,271.58,HOLD,257.69,270.84,246.526,97.08,RED,3,1,1,INSIDE,0,1,0,0,40,fails,0,G1 size;G3 leader,F:3/3,,owner-request,,RED,
2026-08-03,ANET,0,180.35,HOLD,171.57,180.32,142.771,96.15,RED,4,16,1,BREAKOUT,0,0,0,0,67,STARTER,1,,F:3/3,,owner-request,,NEUTRAL,
2026-08-03,APH,0,160.7,ACCUMULATE,153.84,161.69,147.137,88.66,RED,4,10,1,BREAKOUT,0,0,0,1,67,STARTER,1,,F:3/3,,shadow-screen,,NEUTRAL,
2026-08-03,APP,0,395.9,CAUTION,384.86,404.5,466.365,16.04,WHITE,0,3,0,BREAKDOWN,1,1,0,1,13,fails,0,G2 trend;G3 leader;G4 basis,F:2/2,,owner-request,,YELLOW,
2026-08-03,ARM,0,239.69,HOLD,223.05,234.43,210.673,51.06,RED,3,17,1,,0,0,0,0,63,STARTER,1,,F:3/3,,owner-request,,YELLOW,
2026-08-03,ASML,0,1629,HOLD,1538.89,1617.41,1788.54,58.06,RED,3,50,1,,0,1,0,0,54,fails,0,G4 basis,F:1/1,,owner-request,,YELLOW,
2026-08-03,ASTS,0,58.98,CAUTION,56.32,59.2,86.0499,15.08,WHITE,0,3,0,BREAKDOWN,0,0,0,1,17,fails,0,G2 trend;G3 leader;G4 basis,F:0/2,,owner-request,,NEUTRAL,
2026-08-03,AVGO,0,389.28,ACCUMULATE,372.14,391.13,379.737,66.42,RED,3,4,1,INSIDE,0,0,0,1,45,fails,0,G1 size;G3 leader,F:3/3,,shadow-screen,,RED,
2026-08-03,AXON,0,527.76,CAUTION,517.17,543.56,393.819,67.15,WHITE,1,38,1,,0,0,0,1,40,fails,0,G2 trend;G3 leader,F:3/3,,owner-request,,NEUTRAL,
2026-08-03,AXP,0,336.25,HOLD,307.38,323.06,341.473,58.46,RED,3,1,1,BREAKOUT,1,1,1,0,37,fails,0,G3 leader;G4 basis,F:2/3,,shadow-screen,,YELLOW,
2026-08-03,AXTI,0,60.43,PULLBACK,52.72,55.41,63.2681,45.49,AMBER,2,5,1,,0,0,0,0,52,fails,0,G2 trend;G4 basis,F:0/3,,shadow-screen,,RED,
2026-08-03,AZO,0,3016.25,CAUTION,2710.1,2848.37,3077.93,13.28,WHITE,0,24,0,BREAKDOWN,0,0,1,0,17,fails,0,G2 trend;G3 leader;G4 basis,F:2/3,,shadow-screen,,NEUTRAL,
2026-08-03,BA,0,216.14,CAUTION,203.51,213.89,217.965,36.8,WHITE,0,2,0,BREAKDOWN,0,1,0,0,17,fails,0,G2 trend;G3 leader;G4 basis,F:2/3,,shadow-screen,,RED,
2026-08-03,BAC,0,61.95,ACCUMULATE,60.33,63.41,52.0564,97.73,RED,4,9,1,INSIDE,0,0,0,1,58,fails,0,G3 leader,F:2/3,,shadow-screen,,NEUTRAL,
2026-08-03,BE,0,205.81,HOLD,163.65,172,278.421,48.3,RED,3,1,1,BREAKDOWN,0,1,0,0,54,fails,0,G4 basis,F:0/1,,shadow-screen,,NEUTRAL,
2026-08-03,BKNG,0,192.9,BOTTOMING,188.21,197.82,168.127,80.14,WHITE,1,28,1,BREAKOUT,0,0,0,1,37,fails,0,G2 trend;G3 leader,F:2/3,,shadow-screen,,RED,
2026-08-03,BSX,0,46.73,BOTTOMING,43.71,45.94,44.6055,36.69,WHITE,0,35,0,BREAKOUT,0,1,0,0,32,fails,0,G2 trend;G3 leader,F:3/3,,shadow-screen,,RED,
2026-08-03,C,0,132.45,ACCUMULATE,130.21,136.85,132.864,69.95,RED,3,20,1,BREAKOUT,1,1,0,1,58,fails,0,G4 basis,F:2/3,,shadow-screen,,NEUTRAL,
2026-08-03,CAT,0,814.81,ACCUMULATE,802.25,843.18,887.084,43.63,RED,3,58,1,INSIDE,0,0,0,1,68,fails,0,G4 basis,F:2/3,,shadow-screen,,YELLOW,
2026-08-03,CAVA,0,65.23,CAUTION,61.84,65,79.8304,23.57,WHITE,1,2,0,,0,1,0,0,25,fails,0,G2 trend;G3 leader;G4 basis,F:3/3,,owner-request,,NEUTRAL,
2026-08-03,CBRS,0,198.71,CAUTION,193.51,203.38,218.132,30.83,WHITE,0,12,0,,0,0,0,0,22,fails,0,G2 trend;G3 leader;G4 basis;G5 data,F:—,,shadow-screen,,RED,
2026-08-03,CDE,0,14.91,CAUTION,14.69,15.44,16.2809,11,WHITE,0,9,0,BREAKDOWN,0,0,0,1,35,fails,0,G2 trend;G4 basis,F:2/3,,owner-request,,NEUTRAL,
2026-08-03,CEG,0,262.75,BOTTOMING,246.85,259.45,270.626,27.45,WHITE,0,27,0,BREAKOUT,0,0,0,0,27,fails,0,G2 trend;G3 leader;G4 basis,F:2/3,,shadow-screen,,NEUTRAL,
2026-08-03,CIEN,0,377.05,PULLBACK,333.61,350.63,440.28,41.32,AMBER,2,3,1,BREAKDOWN,0,1,0,0,52,fails,0,G2 trend;G4 basis,F:3/3,,shadow-screen,,YELLOW,
2026-08-03,COHR,0,262.89,PULLBACK,253.82,266.77,248.659,39.94,AMBER,2,3,1,BREAKDOWN,1,1,0,1,57,fails,0,G2 trend,F:2/3,,shadow-screen,,YELLOW,
2026-08-03,COIN,0,146.26,CAUTION,,,164.086,1.94,WHITE,0,35,0,BREAKDOWN,0,0,0,0,17,fails,0,G2 trend;G3 leader;G4 basis,F:1/2,,shadow-screen,,YELLOW,
2026-08-03,COST,0,951.89,BOTTOMING,936.51,984.3,955.627,41.32,WHITE,1,4,0,BREAKOUT,0,0,0,1,23,fails,0,G2 trend;G3 leader;G4 basis,F:2/3,,owner-request,,RED,
2026-08-03,CRCL,0,62.61,CAUTION,62.12,65.29,63.3924,7.49,WHITE,0,8,0,BREAKDOWN,0,0,0,1,22,fails,0,G2 trend;G3 leader;G4 basis,F:2/2,,shadow-screen,,NEUTRAL,
2026-08-03,CRDO,0,206.99,HOLD,188.01,197.6,247.119,57.12,RED,3,15,1,,0,0,0,0,67,fails,0,G4 basis,F:3/3,,owner-request,,YELLOW,
2026-08-03,CRM,0,184.02,CAUTION,180.29,189.49,183.972,61.06,WHITE,0,72,0,,0,0,0,1,23,fails,0,G2 trend;G3 leader,F:2/3,,owner-request,,RED,
2026-08-03,CRWD,0,190.86,ACCUMULATE,185.36,194.82,106.509,90.93,RED,4,12,1,BREAKOUT,0,0,0,1,68,STARTER,1,,F:2/2,7,owner-request,10,NEUTRAL,4
2026-08-03,CRWV,0,71.77,CAUTION,,,117.292,7.06,WHITE,0,3,0,BREAKDOWN,0,0,0,0,18,fails,0,G2 trend;G3 leader;G4 basis,F:2/2,,shadow-screen,,NEUTRAL,
2026-08-03,CSCO,0,115.99,ACCUMULATE,110.9,116.56,77.9846,69.14,RED,3,66,1,,0,0,0,1,73,STARTER,1,,F:2/3,,shadow-screen,,RED,
2026-08-03,CSPX,1,800.53,ACCUMULATE,788.92,829.17,805.023,70.67,RED,3,17,1,BREAKOUT,0,0,0,1,55,fails,0,G3 leader;G4 basis,F:—,13,holding,13,YELLOW,14
2026-08-03,CVX,0,196.83,ACCUMULATE,192.01,201.8,189.832,88.39,RED,3,3,1,BREAKOUT,0,0,0,1,52,fails,0,G3 leader,F:1/3,,shadow-screen,,RED,
2026-08-03,D05,0,74.2,ACCUMULATE,71.72,75.38,57.4286,97.32,RED,4,68,1,BREAKOUT,0,0,0,1,75,CONVICTION,1,,F:—,6,owner-request,9,NEUTRAL,7
2026-08-03,DDOG,1,267.97,ACCUMULATE,258.09,271.26,127.471,96.59,RED,4,13,1,BREAKOUT,0,0,0,1,77,CONVICTION,1,,F:2/2,4,holding,8,NEUTRAL,1
2026-08-03,DELL,0,405.37,HOLD,237.25,249.35,118.395,71.36,RED,4,22,1,BREAKOUT,0,0,0,0,73,STARTER,1,,F:2/2,,shadow-screen,,YELLOW,
2026-08-03,DRAM,1,50.37,CAUTION,49.73,52.27,53.97,18.55,AMBER,2,2,0,,1,1,0,1,34,fails,0,G2 trend;G4 basis;G5 data,F:—,,holding,,YELLOW,
2026-08-03,DUOL,0,134.81,CAUTION,96.87,101.82,98.8507,71.76,WHITE,0,51,0,,0,0,0,0,30,fails,0,G2 trend;G3 leader,F:2/2,,owner-request,,RED,
2026-08-03,ETHA,0,14.07,CAUTION,12.98,13.65,14.3238,23.13,WHITE,0,35,0,BREAKDOWN,0,0,1,0,25,fails,0,G2 trend;G3 leader;G4 basis,F:0/2,,owner-request,,NEUTRAL,
2026-08-03,ETN,0,415.2,ACCUMULATE,398.49,418.82,406.625,90.22,RED,3,21,1,,0,0,0,1,57,fails,0,G3 leader,F:3/3,,shadow-screen,,NEUTRAL,
2026-08-03,FCX,0,62.63,ACCUMULATE,60.95,64.06,62.1905,68.64,RED,3,2,1,BREAKDOWN,1,1,1,1,62,STARTER,1,,F:2/3,,shadow-screen,,RED,
2026-08-03,GE,0,360.07,ACCUMULATE,351.32,369.24,283.601,88.42,RED,4,10,1,INSIDE,0,1,0,1,67,fails,0,G3 leader,F:3/3,,shadow-screen,,NEUTRAL,
2026-08-03,GEV,0,990.29,HOLD,876.29,921,1065.33,57.27,RED,3,69,1,INSIDE,0,1,0,0,59,fails,0,G4 basis,F:2/3,,shadow-screen,,YELLOW,
2026-08-03,GLW,0,138.25,CAUTION,128.44,134.99,188.579,30.97,AMBER,2,3,0,BREAKDOWN,0,1,0,0,38,fails,0,G2 trend;G4 basis,F:1/1,,shadow-screen,,YELLOW,
2026-08-03,GOOG,1,356.65,ACCUMULATE,340.01,357.36,360.33,72.59,RED,3,1,1,,0,0,0,1,50,fails,0,G1 size;G4 basis,F:2/2,3,holding,7,RED,16
2026-08-03,GOOGL,0,356.13,ACCUMULATE,348.64,366.43,363.885,72.03,RED,3,1,1,,1,0,1,1,50,fails,0,G1 size;G4 basis,F:2/2,,shadow-screen,,RED,
2026-08-03,GRAB,0,3.5,CAUTION,3.43,3.6,3.499,30.73,WHITE,0,30,0,INSIDE,1,1,1,1,30,fails,0,G2 trend;G3 leader,F:2/2,,owner-request,,NEUTRAL,
2026-08-03,GS,0,1018.38,HOLD,912.68,959.24,931.302,64.55,RED,3,18,1,BREAKOUT,0,0,0,0,58,fails,1,,F:2/2,,shadow-screen,,YELLOW,
2026-08-03,HD,0,331.96,CAUTION,319.91,336.23,333.725,36.36,WHITE,0,22,0,BREAKDOWN,1,1,0,1,17,fails,0,G2 trend;G3 leader;G4 basis,F:2/3,,shadow-screen,,YELLOW,
2026-08-03,HIMS,0,27.77,CAUTION,25.9,27.23,24.0908,48.38,AMBER,2,2,0,BREAKDOWN,0,0,0,0,25,fails,0,G2 trend;G3 leader,F:2/2,,owner-request,,YELLOW,
2026-08-03,HON,0,243.05,ACCUMULATE,235.95,247.99,224.045,78.35,RED,3,2,1,,0,0,0,1,52,fails,0,G3 leader,F:2/3,,shadow-screen,,RED,
2026-08-03,HOOD,0,86.56,BOTTOMING,82.93,87.16,76.046,42.3,AMBER,2,1,0,BREAKOUT,0,0,0,0,18,fails,0,G2 trend;G3 leader,F:2/2,,owner-request,,YELLOW,
2026-08-03,IBIT,0,35.64,CAUTION,35.2,37,35.9225,16.4,WHITE,0,37,0,BREAKDOWN,0,0,0,1,22,fails,0,G2 trend;G3 leader;G4 basis,F:0/2,,owner-request,,NEUTRAL,
2026-08-03,IBM,0,223.65,CAUTION,216.37,227.41,220.786,27.55,WHITE,0,3,0,,1,1,0,1,14,fails,0,G2 trend;G3 leader,F:2/3,,shadow-screen,,RED,
2026-08-03,ICE,0,152.48,BOTTOMING,145.66,153.09,155.347,51.07,WHITE,1,25,0,BREAKOUT,0,0,0,1,17,fails,0,G2 trend;G3 leader;G4 basis,F:2/3,,owner-request,,RED,
2026-08-03,INTC,0,90.2,HOLD,82.99,87.23,45.2035,47.07,RED,3,50,1,,0,0,0,0,60,fails,0,G1 size,F:1/3,,owner-request,,YELLOW,
2026-08-03,INTU,0,316.07,CAUTION,305.04,320.6,311.263,53.38,WHITE,0,43,0,,1,0,1,1,22,fails,0,G2 trend;G3 leader,F:3/3,,shadow-screen,,RED,
2026-08-03,IONQ,0,36.44,BOTTOMING,34.63,36.4,35.34,23.91,WHITE,0,3,0,BREAKOUT,0,0,0,0,32,fails,0,G2 trend;G3 leader,F:1/3,,shadow-screen,,RED,
2026-08-03,IOT,0,37.27,ACCUMULATE,36.42,38.28,31.8175,81.39,RED,3,1,1,,0,0,0,1,60,fails,0,G3 leader,F:2/2,17,owner-request,17,RED,6
2026-08-03,IREN,0,36.8,CAUTION,32.9,34.58,41.7894,15.76,WHITE,0,3,0,BREAKDOWN,0,0,0,0,33,fails,0,G2 trend;G4 basis,F:2/2,,shadow-screen,,RED,
2026-08-03,ISRG,0,353.33,CAUTION,345.57,363.2,403.484,13.73,WHITE,0,26,0,,1,1,0,1,17,fails,0,G2 trend;G3 leader;G4 basis,F:3/3,,shadow-screen,,YELLOW,
2026-08-03,JNJ,0,256.35,ACCUMULATE,249.12,261.83,229.601,87.07,RED,4,55,1,BREAKOUT,0,0,0,1,63,STARTER,1,,F:2/3,,shadow-screen,,YELLOW,
2026-08-03,JPM,0,351.79,ACCUMULATE,340.52,357.9,310.921,97.87,RED,4,9,1,BREAKDOWN,0,1,0,1,49,fails,0,G3 leader,F:2/3,12,owner-request,5,NEUTRAL,10
2026-08-03,KLAC,0,182.82,PULLBACK,177.86,186.93,181.489,48.89,AMBER,2,1,1,BREAKOUT,0,0,0,1,43,fails,0,G2 trend,F:3/3,,owner-request,,YELLOW,
2026-08-03,KO,0,87.59,ACCUMULATE,86.05,90.44,79.273,95.84,RED,4,30,1,BREAKOUT,0,0,0,0,62,fails,0,G3 leader,F:—,,shadow-screen,,RED,
2026-08-03,LIN,0,478.38,CAUTION,470.73,494.75,513.674,28.99,AMBER,2,1,0,,1,1,0,1,17,fails,0,G2 trend;G3 leader;G4 basis,F:2/3,,shadow-screen,,YELLOW,
2026-08-03,LITE,0,713.94,ACCUMULATE,707.99,744.11,871.238,37.07,RED,3,61,1,BREAKDOWN,1,0,1,1,64,fails,0,G4 basis,F:2/3,,shadow-screen,,YELLOW,
2026-08-03,LLY,0,1148.84,ACCUMULATE,1094.18,1150,1159.39,77.27,RED,4,12,1,BREAKDOWN,0,0,1,0,58,fails,0,G4 basis,F:3/3,8,owner-request,11,YELLOW,11
2026-08-03,LRCX,0,293.02,HOLD,257.9,271.06,321.045,54.65,RED,3,61,1,BREAKOUT,0,1,0,0,59,fails,0,G4 basis,F:3/3,,owner-request,,YELLOW,
2026-08-03,MA,0,573.1,ACCUMULATE,556.57,584.96,494.824,93.74,RED,3,1,1,BREAKOUT,0,0,0,1,48,fails,0,G3 leader,F:3/3,16,owner-request,16,RED,15
2026-08-03,MCD,0,270.64,CAUTION,263.48,276.92,276.096,17.04,WHITE,0,18,0,,0,0,0,1,17,fails,0,G2 trend;G3 leader;G4 basis,F:2/3,,shadow-screen,,RED,
2026-08-03,MCHP,0,74.29,CAUTION,73.02,76.74,90.0586,29.02,AMBER,2,3,0,,0,0,0,1,17,fails,0,G2 trend;G3 leader;G4 basis,F:2/3,,shadow-screen,,YELLOW,
2026-08-03,MDB,0,337.48,HOLD,316.32,332.46,322.776,68.92,RED,3,1,1,BREAKDOWN,0,0,1,0,50,fails,0,G3 leader,F:3/3,,owner-request,,RED,
2026-08-03,META,0,556.71,CAUTION,522.97,549.65,610.358,8.59,WHITE,0,38,0,BREAKDOWN,1,1,1,0,5,fails,0,G1 size;G2 trend;G3 leader;G4 basis,F:2/2,,owner-request,,YELLOW,
2026-08-03,MPWR,0,1426.03,HOLD,1316.47,1383.64,1343.34,67.73,RED,3,59,1,BREAKOUT,0,0,0,0,72,STARTER,1,,F:3/3,,shadow-screen,,RED,
2026-08-03,MRK,0,130.2,ACCUMULATE,125.8,132.22,120.881,96.37,RED,4,39,1,,0,0,0,1,72,STARTER,1,,F:2/3,,shadow-screen,,RED,
2026-08-03,MRVL,0,187.56,HOLD,162.46,170.75,89.2744,42.44,RED,3,23,1,,0,0,1,0,60,fails,0,G1 size,F:3/3,,owner-request,,YELLOW,
2026-08-03,MS,0,210.42,HOLD,197.68,207.77,215.288,68.28,RED,4,18,1,BREAKOUT,0,0,0,0,57,fails,0,G4 basis,F:2/3,,shadow-screen,,YELLOW,
2026-08-03,MSFT,0,464.72,CAUTION,450.77,473.77,394.416,88.41,WHITE,1,29,1,,0,0,0,1,25,fails,0,G1 size;G2 trend;G3 leader,F:3/3,,owner-request,,RED,
2026-08-03,MSTR,0,93.28,CAUTION,93.03,97.77,94.9249,10.24,WHITE,0,43,0,BREAKDOWN,0,0,0,1,13,fails,0,G2 trend;G3 leader;G4 basis,F:0/2,,shadow-screen,,NEUTRAL,
2026-08-03,MU,1,823.03,HOLD,781.56,821.43,928.221,53.24,RED,3,60,1,,0,0,0,0,55,fails,0,G1 size;G4 basis,F:3/3,,holding,,YELLOW,
2026-08-03,NBIS,1,190.41,ACCUMULATE,183.01,192.34,96.2489,57.78,RED,3,26,1,BREAKOUT,1,1,0,1,74,STARTER,1,,F:2/2,1,holding,2,NEUTRAL,2
2026-08-03,NEE,0,86.92,PULLBACK,83.5,87.76,87.785,34.43,AMBER,2,1,1,BREAKDOWN,0,0,0,0,27,fails,0,G2 trend;G3 leader;G4 basis,F:2/3,,shadow-screen,,YELLOW,
2026-08-03,NET,0,278.98,ACCUMULATE,265.94,279.5,198.707,97.82,RED,4,16,1,BREAKOUT,0,0,0,1,72,fails,0,G3 leader,F:2/2,10,owner-request,12,NEUTRAL,5
2026-08-03,NFLX,0,71.71,CAUTION,66.47,69.86,73.72,11.18,WHITE,0,37,0,BREAKDOWN,0,1,0,0,9,fails,0,G2 trend;G3 leader;G4 basis,F:2/3,,owner-request,,NEUTRAL,
2026-08-03,NKE,0,41.71,CAUTION,,,42.8979,5.34,WHITE,0,43,0,BREAKDOWN,0,0,0,0,17,fails,0,G2 trend;G3 leader;G4 basis,F:2/3,,shadow-screen,,YELLOW,
2026-08-03,NOW,0,111.23,CAUTION,100.51,105.64,102.561,73.69,WHITE,0,53,0,,0,0,0,0,23,fails,0,G2 trend;G3 leader,F:2/3,,shadow-screen,,RED,
2026-08-03,NVDA,1,200.75,ACCUMULATE,197.71,207.79,209.265,61.91,RED,3,5,1,INSIDE,0,0,0,1,40,fails,0,G1 size;G3 leader;G4 basis,F:3/3,14,holding,14,NEUTRAL,17
2026-08-03,NVO,0,47.08,CAUTION,46.88,49.27,47.8359,55.63,WHITE,1,1,0,BREAKDOWN,1,1,1,1,20,fails,0,G2 trend;G3 leader;G4 basis,F:—,,owner-request,,YELLOW,
2026-08-03,NXPI,0,229.16,CAUTION,221.96,233.28,294.045,26.51,AMBER,2,1,0,,0,0,0,0,17,fails,0,G2 trend;G3 leader;G4 basis,F:1/2,,shadow-screen,,YELLOW,
2026-08-03,ON,0,81.61,PULLBACK,59.69,62.73,93.8008,35.62,AMBER,2,1,1,BREAKOUT,0,0,0,0,42,fails,0,G2 trend;G4 basis,F:2/3,,shadow-screen,,YELLOW,
2026-08-03,ONON,0,36.24,BOTTOMING,35.18,36.97,37.112,28.71,WHITE,0,22,0,BREAKOUT,0,0,0,1,20,fails,0,G2 trend;G3 leader;G4 basis,F:1/1,,owner-request,,YELLOW,
2026-08-03,ORCL,0,129.87,CAUTION,128.21,134.75,142.7,15.81,WHITE,0,6,0,BREAKDOWN,1,1,0,1,9,fails,0,G2 trend;G3 leader;G4 basis,F:3/3,,owner-request,,RED,
2026-08-03,PANW,0,331.83,ACCUMULATE,319.78,336.09,166.616,89.17,RED,4,12,1,,0,0,0,1,73,STARTER,1,,F:2/3,2,owner-request,6,NEUTRAL,3
2026-08-03,PEP,0,139.56,CAUTION,133.82,140.65,142.322,21.8,WHITE,0,10,0,INSIDE,0,0,0,1,22,fails,0,G2 trend;G3 leader;G4 basis,F:2/3,,shadow-screen,,RED,
2026-08-03,PFE,0,25.01,CAUTION,24.67,25.92,25.169,35.01,WHITE,0,7,0,BREAKDOWN,0,0,0,1,17,fails,0,G2 trend;G3 leader;G4 basis,F:2/3,,shadow-screen,,RED,
2026-08-03,PG,0,144.49,CAUTION,140.91,148.09,143.781,25.86,WHITE,1,2,0,,1,1,0,1,22,fails,0,G2 trend;G3 leader,F:2/3,,shadow-screen,,YELLOW,
2026-08-03,PLTR,1,123.06,CAUTION,115.29,121.17,134.44,15.03,WHITE,0,25,0,,0,0,0,0,9,fails,0,G2 trend;G3 leader;G4 basis,F:2/2,,holding,,YELLOW,
2026-08-03,QCOM,0,147.61,CAUTION,133.73,140.55,131.179,17.14,WHITE,1,1,0,BREAKDOWN,0,0,0,0,18,fails,0,G2 trend;G3 leader,F:3/3,,owner-request,,YELLOW,
2026-08-03,QQQ,0,687.99,ACCUMULATE,663.02,696.85,602.393,61.05,RED,3,17,1,BREAKDOWN,1,1,0,1,45,fails,0,G1 size;G3 leader,F:—,11,owner-request,4,NEUTRAL,13
2026-08-03,RBLX,0,35.6,CAUTION,,,46.9007,1.27,WHITE,0,34,0,BREAKDOWN,0,0,0,0,20,fails,0,G2 trend;G3 leader;G4 basis,F:2/2,,owner-request,,YELLOW,
2026-08-03,RDDT,0,140.67,CAUTION,121.85,128.06,142.753,12.94,WHITE,0,1,0,BREAKDOWN,0,0,0,0,22,fails,0,G2 trend;G3 leader;G4 basis,F:2/2,,shadow-screen,,YELLOW,
2026-08-03,RKLB,0,64.95,CAUTION,46.17,48.53,68.0144,18.76,WHITE,1,1,0,BREAKDOWN,0,0,0,0,27,fails,0,G2 trend;G4 basis,F:1/3,,owner-request,,NEUTRAL,
2026-08-03,RTX,0,215.22,ACCUMULATE,207.56,218.14,176.143,95.06,RED,4,7,1,BREAKOUT,0,0,0,1,52,fails,0,G3 leader,F:2/3,,shadow-screen,,RED,
2026-08-03,SCHW,0,105.24,HOLD,99.99,105.09,92.6562,98.77,RED,4,4,1,,0,0,0,0,47,fails,0,G3 leader,F:3/3,,shadow-screen,,NEUTRAL,
2026-08-03,SE,0,106.74,BOTTOMING,104.12,109.44,89.3319,64.9,WHITE,1,37,0,BREAKOUT,0,0,0,1,30,fails,0,G2 trend;G3 leader,F:2/2,,owner-request,,NEUTRAL,
2026-08-03,SHOP,0,117.15,CAUTION,110.56,116.2,112.82,47.25,WHITE,0,25,0,BREAKDOWN,0,0,0,0,22,fails,0,G2 trend;G3 leader,F:2/2,,owner-request,,YELLOW,
2026-08-03,SMCI,0,28.4,BOTTOMING,27.25,28.64,30.7939,25.97,WHITE,0,7,0,BREAKOUT,0,0,0,1,27,fails,0,G2 trend;G3 leader;G4 basis,F:3/3,,shadow-screen,,RED,
2026-08-03,SNDK,0,1214.83,HOLD,1081.82,1137.01,638.592,54.07,RED,3,59,1,BREAKOUT,0,1,0,0,65,fails,0,G1 size,F:3/3,,shadow-screen,,YELLOW,
2026-08-03,SNOW,0,293.28,HOLD,261.89,275.25,237.448,98.58,RED,4,8,1,BREAKOUT,0,0,0,0,67,fails,0,G3 leader,F:3/3,,owner-request,,RED,
2026-08-03,SOFI,0,16.31,CAUTION,15.9,16.72,17.4166,23.56,WHITE,0,24,0,INSIDE,0,0,0,1,18,fails,0,G2 trend;G3 leader;G4 basis,F:2/3,,owner-request,,YELLOW,
2026-08-03,SPCX,0,108.37,CAUTION,,,158.911,0.18,WHITE,0,4,0,,0,0,0,0,10,fails,0,G1 size;G2 trend;G3 leader;G4 basis;G5 data,F:—,,owner-request,,YELLOW,
2026-08-03,STX,0,856.13,HOLD,794.94,835.5,875.191,68.53,RED,3,63,1,BREAKOUT,1,1,1,0,64,fails,0,G4 basis,F:3/3,,shadow-screen,,NEUTRAL,
2026-08-03,T,0,23.25,CAUTION,22.71,23.87,23.1778,43.04,WHITE,0,15,0,BREAKDOWN,0,0,0,1,18,fails,0,G2 trend;G3 leader,F:2/3,,shadow-screen,,NEUTRAL,
2026-08-03,TER,0,367.69,ACCUMULATE,352.32,370.29,359.509,66.41,RED,3,51,1,INSIDE,1,1,0,1,87,CONVICTION,1,,F:2/3,,shadow-screen,,RED,
2026-08-03,TMDX,0,76.51,BOTTOMING,73.36,77.1,74.8559,54.27,WHITE,0,19,0,BREAKOUT,0,0,0,1,35,fails,0,G2 trend;G3 leader,F:3/3,,owner-request,,RED,
2026-08-03,TMO,0,574.3,HOLD,526.52,553.39,472.719,86.59,RED,3,2,1,BREAKOUT,0,0,0,0,57,fails,0,G3 leader,F:2/3,,shadow-screen,,RED,
2026-08-03,TMUS,0,172.71,CAUTION,168.79,177.4,180.98,4.25,WHITE,0,46,0,,0,0,0,1,17,fails,0,G2 trend;G3 leader;G4 basis,F:2/3,,shadow-screen,,YELLOW,
2026-08-03,TOST,0,32.27,BOTTOMING,31.34,32.93,28.1072,82.47,WHITE,1,43,1,BREAKOUT,0,0,0,1,40,fails,0,G2 trend;G3 leader,F:2/2,,owner-request,,RED,
2026-08-03,TSLA,1,311.21,CAUTION,302.42,317.85,397.921,8.25,WHITE,0,6,0,BREAKDOWN,0,0,0,1,5,fails,0,G1 size;G2 trend;G3 leader;G4 basis,F:1/3,,holding,,YELLOW,
2026-08-03,TSM,1,404.25,ACCUMULATE,399.18,419.54,407.324,60.03,RED,3,61,1,,1,1,0,1,55,fails,0,G1 size;G4 basis,F:3/3,5,holding,3,NEUTRAL,9
2026-08-03,TXN,0,275.74,HOLD,215.34,226.32,291.067,44.43,RED,3,17,1,,0,1,0,0,53,fails,0,G4 basis,F:3/3,,shadow-screen,,YELLOW,
2026-08-03,UBER,0,70.36,CAUTION,69.45,72.99,73.5988,16.44,WHITE,0,33,0,INSIDE,0,0,0,1,22,fails,0,G2 trend;G3 leader;G4 basis,F:3/3,,owner-request,,YELLOW,
2026-08-03,UNH,0,414.4,HOLD,393.28,413.34,424.412,79.82,RED,4,13,1,BREAKOUT,0,0,0,0,68,fails,0,G4 basis,F:3/3,,shadow-screen,,YELLOW,
2026-08-03,V,0,366.13,ACCUMULATE,349.13,366.94,329.468,97.45,RED,4,5,1,,0,0,0,1,48,fails,0,G3 leader,F:0/1,15,owner-request,15,RED,12
2026-08-03,VRT,0,241.57,CAUTION,237.08,249.18,307.051,32.67,AMBER,2,1,0,,1,1,0,1,28,fails,0,G2 trend;G4 basis,F:3/3,,owner-request,,YELLOW,
2026-08-03,VZ,0,46.81,PULLBACK,45.43,47.75,47.4445,66.25,AMBER,2,2,1,BREAKDOWN,0,0,0,1,37,fails,0,G2 trend;G3 leader;G4 basis,F:2/3,,shadow-screen,,RED,
2026-08-03,WDC,0,544.84,ACCUMULATE,520.4,546.95,284.844,75.79,RED,3,61,1,BREAKOUT,1,1,0,1,74,STARTER,1,,F:3/3,,shadow-screen,,NEUTRAL,
2026-08-03,WFC,0,86.45,ACCUMULATE,82.28,86.47,87.0812,72.1,RED,3,4,1,BREAKOUT,0,0,0,0,47,fails,0,G3 leader;G4 basis,F:1/2,,shadow-screen,,NEUTRAL,
2026-08-03,WMT,0,111.2,CAUTION,108.53,114.06,118.748,20.44,WHITE,0,4,0,BREAKDOWN,0,0,0,1,13,fails,0,G2 trend;G3 leader;G4 basis,F:2/3,,shadow-screen,,NEUTRAL,
2026-08-03,XOM,0,155.44,HOLD,146.99,154.49,149.994,82.64,RED,3,3,1,BREAKOUT,0,0,0,0,63,STARTER,1,,F:—,,shadow-screen,,RED,
2026-08-03,ZETA,0,21.6,ACCUMULATE,20.86,21.93,18.4446,83.55,RED,4,10,1,,0,0,0,1,60,fails,0,G3 leader,F:2/2,,shadow-screen,,RED,
2026-08-03,ZS,0,151.2,CAUTION,143.87,151.21,146.806,65.8,WHITE,0,34,0,,1,0,1,1,30,fails,0,G2 trend;G3 leader,F:3/3,,owner-request,,RED,
2026-08-04,0700,0,487.2,CAUTION,457.38,480.71,466.711,62.96,WHITE,0,25,0,,0,0,0,0,15,fails,0,G1 size;G2 trend;G3 leader,F:—,,owner-request,,RED,
2026-08-04,1810,0,27.68,CAUTION,27.02,28.4,27.5733,32.75,WHITE,0,43,0,BREAKDOWN,0,0,0,1,10,fails,0,G1 size;G2 trend;G3 leader,F:—,,owner-request,,NEUTRAL,
2026-08-04,3690,0,92.6,CAUTION,89.87,94.45,77.8804,73.22,WHITE,1,68,1,,0,0,0,1,29,fails,0,G2 trend;G3 leader,F:—,,owner-request,,RED,
2026-08-04,9992,1,161.3,CAUTION,151.17,158.89,154.259,37.95,WHITE,0,23,0,INSIDE,0,0,0,0,23,fails,0,G2 trend;G3 leader,F:—,,holding,,NEUTRAL,
2026-08-04,AAL,0,16.04,ACCUMULATE,15.51,16.3,15.1365,75.26,RED,3,11,1,BREAKOUT,0,1,0,0,58,fails,0,G3 leader,F:2/3,,shadow-screen,,RED,
2026-08-04,AAOI,0,110.21,PULLBACK,95.31,100.18,97.2584,37.38,AMBER,2,4,1,BREAKDOWN,0,0,0,0,57,fails,0,G2 trend,F:1/3,,shadow-screen,,RED,
2026-08-04,AAPL,1,303.42,ACCUMULATE,291.78,306.67,310.592,70.6,RED,4,19,1,BREAKDOWN,1,1,1,0,50,fails,0,G1 size;G4 basis,F:2/3,11,holding,5,YELLOW,11
2026-08-04,ABBV,0,245.1,HOLD,228.4,240.06,226.318,70.84,RED,4,9,1,BREAKDOWN,0,0,0,0,52,fails,0,G3 leader,F:2/3,,shadow-screen,,YELLOW,
2026-08-04,ABT,0,107.12,CAUTION,98.9,103.94,88.7909,73.99,WHITE,1,41,1,,0,0,0,0,37,fails,0,G2 trend;G3 leader,F:2/2,,shadow-screen,,RED,
2026-08-04,ACN,0,165.76,CAUTION,160.99,169.21,126.877,46.88,WHITE,0,28,0,BREAKDOWN,1,0,1,1,22,fails,0,G2 trend;G3 leader,F:1/2,,shadow-screen,,RED,
2026-08-04,ADBE,0,251.34,CAUTION,246.64,259.23,251.675,58.29,WHITE,0,87,0,,0,0,0,1,17,fails,0,G2 trend;G3 leader;G4 basis,F:3/3,,owner-request,,RED,
2026-08-04,ADI,0,361.88,HOLD,343.86,361.41,392.536,39.35,RED,3,39,1,BREAKOUT,0,0,0,0,52,fails,0,G4 basis,F:3/3,,shadow-screen,,YELLOW,
2026-08-04,ALAB,0,321.05,ACCUMULATE,317.35,333.54,123.076,68.92,RED,3,16,1,,0,0,0,1,87,CONVICTION,1,,F:3/3,4,owner-request,9,NEUTRAL,2
2026-08-04,AMAT,0,518.21,HOLD,481.91,506.5,586.461,63.38,RED,3,47,1,BREAKOUT,0,0,0,0,64,fails,0,G4 basis,F:2/3,,owner-request,,NEUTRAL,
2026-08-04,AMD,1,484.64,HOLD,432.32,454.38,215.827,72.06,RED,3,21,1,BREAKOUT,0,0,0,0,65,fails,0,G1 size,F:3/3,,holding,,YELLOW,
2026-08-04,AMZN,0,284.02,ACCUMULATE,275.54,289.59,229.727,99.52,RED,4,2,1,BREAKOUT,0,1,0,1,40,fails,0,G1 size;G3 leader,F:3/3,13,owner-request,7,RED,10
2026-08-04,ANET,0,184.89,ACCUMULATE,179.83,189,142.771,98.19,RED,4,17,1,BREAKOUT,0,0,0,1,72,STARTER,1,,F:3/3,10,owner-request,14,RED,5
2026-08-04,APH,0,163.34,ACCUMULATE,159.87,168.03,147.137,92.16,RED,4,11,1,BREAKOUT,0,0,0,1,67,STARTER,1,,F:3/3,,shadow-screen,,RED,
2026-08-04,APP,0,406.16,CAUTION,402.91,423.46,466.365,22.71,WHITE,0,4,0,BREAKDOWN,1,1,0,1,13,fails,0,G2 trend;G3 leader;G4 basis,F:2/2,,owner-request,,YELLOW,
2026-08-04,ARM,0,239.06,HOLD,223.05,234.43,210.673,51.43,RED,3,18,1,,0,0,0,0,63,STARTER,1,,F:3/3,,owner-request,,YELLOW,
2026-08-04,ASML,0,1642.52,ACCUMULATE,1619.1,1701.7,1788.54,59.66,RED,3,51,1,,1,1,0,1,59,fails,0,G4 basis,F:1/1,3,owner-request,3,YELLOW,13
2026-08-04,ASTS,0,63.52,CAUTION,56.32,59.2,86.0499,19.98,WHITE,0,4,0,BREAKDOWN,0,0,0,0,17,fails,0,G2 trend;G3 leader;G4 basis,F:0/2,,owner-request,,RED,
2026-08-04,AVGO,0,392.23,HOLD,372.14,391.13,379.737,70.92,RED,3,5,1,INSIDE,0,0,0,0,40,fails,0,G1 size;G3 leader,F:3/3,,shadow-screen,,RED,
2026-08-04,AXON,0,575.88,ACCUMULATE,563.1,591.83,393.819,82.22,RED,3,1,1,,0,0,0,0,55,fails,0,G3 leader,F:3/3,20,owner-request,20,NEUTRAL,9
2026-08-04,AXP,0,344.72,ACCUMULATE,334.64,351.72,341.473,74.16,RED,3,2,1,BREAKOUT,0,1,0,1,52,fails,0,G3 leader,F:2/3,,shadow-screen,,NEUTRAL,
2026-08-04,AXTI,0,68.67,ACCUMULATE,65.48,68.82,63.2681,60.93,RED,3,1,1,,1,0,1,1,77,CONVICTION,1,,F:0/3,,shadow-screen,,RED,
2026-08-04,AZO,0,2990.27,CAUTION,2710.1,2848.37,3077.93,7.92,WHITE,0,25,0,BREAKDOWN,0,0,1,0,17,fails,0,G2 trend;G3 leader;G4 basis,F:2/3,,shadow-screen,,NEUTRAL,
2026-08-04,BA,0,233.49,PULLBACK,223.7,235.11,217.965,88.2,AMBER,2,1,1,BREAKOUT,0,1,0,0,47,fails,0,G2 trend;G3 leader,F:2/3,,shadow-screen,,RED,
2026-08-04,BAC,0,62.48,ACCUMULATE,60.33,63.41,52.0564,99.1,RED,4,10,1,INSIDE,0,0,0,1,58,fails,0,G3 leader,F:2/3,,shadow-screen,,NEUTRAL,
2026-08-04,BE,0,218.32,HOLD,205.65,216.14,278.421,54.95,RED,3,2,1,BREAKDOWN,0,1,0,0,54,fails,0,G4 basis,F:0/1,,shadow-screen,,RED,
2026-08-04,BKNG,0,192.71,PULLBACK,179.94,189.12,168.127,79.49,AMBER,2,1,1,BREAKOUT,0,0,0,0,37,fails,0,G2 trend;G3 leader,F:2/3,,shadow-screen,,RED,
2026-08-04,BSX,0,48.43,BOTTOMING,47.36,49.78,44.6055,44.79,WHITE,0,36,0,BREAKOUT,0,1,0,0,32,fails,0,G2 trend;G3 leader,F:3/3,,shadow-screen,,RED,
2026-08-04,C,0,133.57,ACCUMULATE,130.21,136.85,132.864,74.1,RED,3,21,1,BREAKOUT,1,1,0,1,63,STARTER,1,,F:2/3,,shadow-screen,,NEUTRAL,
2026-08-04,CAT,0,830.03,ACCUMULATE,802.25,843.18,887.084,46.96,RED,3,59,1,INSIDE,0,0,0,1,68,fails,0,G4 basis,F:2/3,,shadow-screen,,YELLOW,
2026-08-04,CAVA,0,64.47,CAUTION,61.84,65,79.8304,23.48,WHITE,1,3,0,,1,1,0,1,25,fails,0,G2 trend;G3 leader;G4 basis,F:3/3,,owner-request,,NEUTRAL,
2026-08-04,CBRS,0,219.97,CAUTION,213.77,224.68,218.132,57.54,WHITE,0,13,0,,0,0,0,0,27,fails,0,G2 trend;G3 leader;G5 data,F:—,,shadow-screen,,RED,
2026-08-04,CDE,0,15.56,CAUTION,14.69,15.44,16.2809,22.17,WHITE,0,10,0,BREAKDOWN,0,0,0,0,35,fails,0,G2 trend;G4 basis,F:2/3,,owner-request,,RED,
2026-08-04,CEG,0,273.71,BOTTOMING,265.21,278.75,270.626,43.65,WHITE,0,28,0,BREAKOUT,0,0,0,1,32,fails,0,G2 trend;G3 leader,F:2/3,,shadow-screen,,RED,
2026-08-04,CIEN,0,390.76,PULLBACK,377.65,396.92,440.28,45.03,AMBER,2,4,1,BREAKDOWN,1,1,0,1,52,fails,0,G2 trend;G4 basis,F:3/3,,shadow-screen,,RED,
2026-08-04,COHR,0,288.14,PULLBACK,253.82,266.77,248.659,49.75,AMBER,2,4,1,BREAKDOWN,1,1,1,0,57,fails,0,G2 trend,F:2/3,,shadow-screen,,NEUTRAL,
2026-08-04,COIN,0,146.5,CAUTION,,,164.086,2.26,WHITE,0,36,0,BREAKDOWN,0,0,0,0,17,fails,0,G2 trend;G3 leader;G4 basis,F:1/2,,shadow-screen,,YELLOW,
2026-08-04,COST,0,954.08,BOTTOMING,936.51,984.3,955.627,41.06,WHITE,1,5,0,BREAKOUT,0,0,0,1,23,fails,0,G2 trend;G3 leader;G4 basis,F:2/3,,owner-request,,RED,
2026-08-04,CRCL,0,60.35,CAUTION,,,63.3924,4.19,WHITE,0,9,0,BREAKDOWN,0,0,0,0,22,fails,0,G2 trend;G3 leader;G4 basis,F:2/2,,shadow-screen,,NEUTRAL,
2026-08-04,CRDO,0,218.35,ACCUMULATE,215.09,226.07,247.119,62.96,RED,3,16,1,,0,0,0,1,77,fails,0,G4 basis,F:3/3,5,owner-request,10,NEUTRAL,3
2026-08-04,CRM,0,185.95,CAUTION,180.29,189.49,183.972,60.44,WHITE,0,73,0,,0,0,0,1,23,fails,0,G2 trend;G3 leader,F:2/3,,owner-request,,RED,
2026-08-04,CRWD,0,202.54,HOLD,185.36,194.82,106.509,97.32,RED,4,13,1,BREAKOUT,0,0,0,0,68,STARTER,1,,F:2/2,,owner-request,,NEUTRAL,
2026-08-04,CRWV,0,85.76,CAUTION,81.1,85.24,77.6419,36.06,WHITE,0,4,0,BREAKDOWN,0,0,0,0,23,fails,0,G2 trend;G3 leader,F:2/2,,shadow-screen,,RED,
2026-08-04,CSCO,0,115.86,ACCUMULATE,113.15,118.92,77.9846,69.28,RED,3,67,1,,0,0,0,1,73,STARTER,1,,F:2/3,,shadow-screen,,RED,
2026-08-04,CSPX,1,800.53,ACCUMULATE,788.92,829.17,805.023,70.67,RED,3,17,1,BREAKOUT,0,0,0,1,55,fails,0,G3 leader;G4 basis,F:—,15,holding,15,YELLOW,18
2026-08-04,CVX,0,193.18,ACCUMULATE,186.04,195.53,189.832,83.1,RED,4,4,1,BREAKOUT,0,0,0,1,52,fails,0,G3 leader,F:1/3,,shadow-screen,,RED,
2026-08-04,D05,0,74.43,ACCUMULATE,72.91,76.63,57.4286,99.34,RED,4,68,1,BREAKOUT,0,0,0,1,75,CONVICTION,1,,F:—,7,owner-request,11,NEUTRAL,6
2026-08-04,DDOG,1,273.6,HOLD,258.09,271.26,127.471,99.05,RED,4,14,1,BREAKOUT,0,0,0,0,72,STARTER,1,,F:2/2,,holding,,RED,
2026-08-04,DELL,0,429.02,HOLD,404.82,425.47,118.395,89.24,RED,4,23,1,BREAKOUT,0,0,0,0,73,STARTER,1,,F:2/2,,shadow-screen,,NEUTRAL,
2026-08-04,DRAM,1,51.13,CAUTION,49.73,52.27,53.97,22.13,AMBER,2,3,0,,1,1,0,1,34,fails,0,G2 trend;G4 basis;G5 data,F:—,,holding,,YELLOW,
2026-08-04,DUOL,0,135.8,CAUTION,96.87,101.82,98.8507,75.33,WHITE,0,52,0,,0,0,0,0,30,fails,0,G2 trend;G3 leader,F:2/2,,owner-request,,RED,
2026-08-04,ETHA,0,14.11,CAUTION,13.83,14.53,14.1087,27.69,WHITE,0,36,0,BREAKDOWN,1,0,1,1,30,fails,0,G2 trend;G3 leader,F:0/2,,owner-request,,NEUTRAL,
2026-08-04,ETN,0,438.23,HOLD,397.7,417.99,405.816,100,RED,4,22,1,,0,0,0,0,57,fails,0,G3 leader,F:3/3,,shadow-screen,,RED,
2026-08-04,FCX,0,63.64,ACCUMULATE,60.95,64.06,62.1905,74.81,RED,3,3,1,BREAKDOWN,1,1,1,1,62,STARTER,1,,F:2/3,,shadow-screen,,RED,
2026-08-04,GE,0,368.93,ACCUMULATE,351.32,369.24,283.601,94.1,RED,4,11,1,BREAKOUT,0,1,0,1,72,fails,0,G3 leader,F:3/3,,shadow-screen,,RED,
2026-08-04,GEV,0,1006.76,ACCUMULATE,982.23,1032.34,1065.33,62.5,RED,3,70,1,INSIDE,1,1,0,1,69,fails,0,G4 basis,F:2/3,,shadow-screen,,NEUTRAL,
2026-08-04,GLW,0,146.64,PULLBACK,140.52,147.69,188.579,36.69,AMBER,2,4,1,BREAKDOWN,1,1,0,1,48,fails,0,G2 trend;G4 basis,F:1/1,,shadow-screen,,NEUTRAL,
2026-08-04,GOOG,1,372.47,HOLD,353.12,371.14,360.33,87.73,RED,3,2,1,,0,0,0,0,50,fails,0,G1 size,F:2/2,,holding,,RED,
2026-08-04,GOOGL,0,373.51,ACCUMULATE,356.61,374.8,363.885,87.73,RED,3,2,1,,0,0,1,0,55,fails,0,G1 size,F:2/2,,shadow-screen,,RED,
2026-08-04,GRAB,0,3.67,BOTTOMING,3.43,3.6,3.499,46.3,WHITE,0,31,0,BREAKOUT,1,1,1,0,25,fails,0,G2 trend;G3 leader,F:2/2,,owner-request,,NEUTRAL,
2026-08-04,GS,0,1027.06,ACCUMULATE,998.54,1049.48,931.302,71.16,RED,3,19,1,BREAKOUT,0,0,0,1,63,STARTER,1,,F:2/2,,shadow-screen,,YELLOW,
2026-08-04,HD,0,340.02,CAUTION,327.05,343.74,333.725,54.71,WHITE,0,23,0,BREAKDOWN,0,1,0,1,22,fails,0,G2 trend;G3 leader,F:2/3,,shadow-screen,,NEUTRAL,
2026-08-04,HIMS,0,30.82,HOLD,28.77,30.24,29.3603,63.77,RED,3,1,1,BREAKDOWN,0,0,0,0,50,fails,0,G3 leader,F:2/2,,owner-request,,NEUTRAL,
2026-08-04,HON,0,246.77,ACCUMULATE,235.95,247.99,224.045,89.69,RED,4,3,1,,0,0,0,1,52,fails,0,G3 leader,F:2/3,,shadow-screen,,RED,
2026-08-04,HOOD,0,90.34,BOTTOMING,86.53,90.95,76.046,50.63,AMBER,2,2,0,BREAKOUT,0,0,0,1,18,fails,0,G2 trend;G3 leader,F:2/2,,owner-request,,YELLOW,
2026-08-04,IBIT,0,36.16,CAUTION,35.2,37,35.9225,22.07,WHITE,0,38,0,BREAKDOWN,1,0,1,1,27,fails,0,G2 trend;G3 leader,F:0/2,,owner-request,,NEUTRAL,
2026-08-04,IBM,0,226.31,CAUTION,223.49,234.89,220.786,33.29,WHITE,0,4,0,,1,1,0,1,14,fails,0,G2 trend;G3 leader,F:2/3,,shadow-screen,,RED,
2026-08-04,ICE,0,151.8,BOTTOMING,145.66,153.09,155.347,48.59,WHITE,1,26,0,BREAKOUT,0,0,0,1,17,fails,0,G2 trend;G3 leader;G4 basis,F:2/3,,owner-request,,RED,
2026-08-04,INTC,0,91,HOLD,82.99,87.23,45.2035,48.31,RED,3,51,1,,0,0,0,0,60,fails,0,G1 size,F:1/3,,owner-request,,YELLOW,
2026-08-04,INTU,0,318.39,CAUTION,305.04,320.6,311.263,52.97,WHITE,0,44,0,,0,0,0,1,22,fails,0,G2 trend;G3 leader,F:3/3,,shadow-screen,,RED,
2026-08-04,IONQ,0,38.85,BOTTOMING,34.63,36.4,35.34,29.4,WHITE,0,4,0,BREAKOUT,0,0,0,0,32,fails,0,G2 trend;G3 leader,F:1/3,,shadow-screen,,RED,
2026-08-04,IOT,0,37.13,ACCUMULATE,36.42,38.28,31.8175,76.3,RED,4,2,1,,0,0,0,1,60,fails,0,G3 leader,F:2/2,19,owner-request,19,RED,4
2026-08-04,IREN,0,39.75,CAUTION,38.48,40.44,41.7894,25.47,WHITE,0,4,0,BREAKDOWN,0,0,0,1,33,fails,0,G2 trend;G4 basis,F:2/2,,shadow-screen,,RED,
2026-08-04,ISRG,0,375.41,CAUTION,345.57,363.2,403.484,23,WHITE,0,27,0,,0,1,0,0,17,fails,0,G2 trend;G3 leader;G4 basis,F:3/3,,shadow-screen,,RED,
2026-08-04,JNJ,0,254.41,ACCUMULATE,249.12,261.83,229.601,84.98,RED,4,56,1,BREAKOUT,0,0,0,1,63,STARTER,1,,F:2/3,,shadow-screen,,YELLOW,
2026-08-04,JPM,0,352.64,ACCUMULATE,340.52,357.9,310.921,97.49,RED,4,10,1,BREAKDOWN,0,1,0,1,49,fails,0,G3 leader,F:2/3,14,owner-request,8,NEUTRAL,12
2026-08-04,KLAC,0,182.75,PULLBACK,177.86,186.93,181.489,49.3,AMBER,2,2,1,BREAKOUT,0,0,0,1,48,fails,0,G2 trend,F:3/3,,owner-request,,YELLOW,
2026-08-04,KO,0,86.86,HOLD,79.62,83.68,79.273,93.42,RED,4,31,1,BREAKOUT,0,0,0,0,52,fails,0,G3 leader,F:—,,shadow-screen,,RED,
2026-08-04,LIN,0,480.46,CAUTION,470.73,494.75,513.674,31.13,AMBER,2,2,0,,1,1,0,1,17,fails,0,G2 trend;G3 leader;G4 basis,F:2/3,,shadow-screen,,YELLOW,
2026-08-04,LITE,0,779.89,ACCUMULATE,768.04,807.22,871.238,48.83,RED,3,62,1,INSIDE,0,0,1,0,69,fails,0,G4 basis,F:2/3,,shadow-screen,,RED,
2026-08-04,LLY,0,1121.36,ACCUMULATE,1094.18,1150,1159.39,70.3,RED,4,13,1,BREAKDOWN,0,0,1,0,58,fails,0,G4 basis,F:3/3,8,owner-request,12,YELLOW,16
2026-08-04,LRCX,0,294.61,ACCUMULATE,291.27,306.13,321.045,56.46,RED,3,62,1,BREAKOUT,1,1,0,1,64,fails,0,G4 basis,F:3/3,1,owner-request,1,YELLOW,7
2026-08-04,MA,0,570.97,ACCUMULATE,556.57,584.96,494.824,92.74,RED,3,2,1,BREAKOUT,0,0,0,1,48,fails,0,G3 leader,F:3/3,18,owner-request,18,RED,19
2026-08-04,MCD,0,265.23,CAUTION,,,275.062,4.18,WHITE,0,19,0,,0,0,0,0,17,fails,0,G2 trend;G3 leader;G4 basis,F:2/3,,shadow-screen,,NEUTRAL,
2026-08-04,MCHP,0,75.22,CAUTION,73.02,76.74,90.0586,33.87,AMBER,2,4,0,,0,0,0,1,17,fails,0,G2 trend;G3 leader;G4 basis,F:2/3,,shadow-screen,,YELLOW,
2026-08-04,MDB,0,357.97,ACCUMULATE,346.04,363.69,322.776,82.97,RED,3,2,1,BREAKDOWN,0,0,1,0,65,STARTER,1,,F:3/3,9,owner-request,13,RED,20
2026-08-04,META,0,590.24,CAUTION,557.67,586.12,610.358,25.02,WHITE,0,39,0,BREAKDOWN,1,1,1,0,5,fails,0,G1 size;G2 trend;G3 leader;G4 basis,F:2/2,,owner-request,,NEUTRAL,
2026-08-04,MPWR,0,1344.37,ACCUMULATE,1316.47,1383.64,1343.34,53.17,RED,3,60,1,INSIDE,0,0,0,1,72,STARTER,1,,F:3/3,,shadow-screen,,RED,
2026-08-04,MRK,0,127.77,ACCUMULATE,125.8,132.22,120.881,87.52,RED,4,40,1,,0,0,0,1,67,STARTER,1,,F:2/3,,shadow-screen,,YELLOW,
2026-08-04,MRVL,0,193.775,ACCUMULATE,191.48,201.25,89.2744,45.96,RED,3,24,1,,1,0,1,1,69,STARTER,1,,F:3/3,2,owner-request,2,NEUTRAL,1
2026-08-04,MS,0,211.23,ACCUMULATE,205.66,216.16,209.861,71.43,RED,3,19,1,BREAKOUT,1,0,1,1,67,STARTER,1,,F:2/3,,shadow-screen,,YELLOW,
2026-08-04,MSFT,0,487.65,PULLBACK,470.32,494.32,394.416,93.46,AMBER,2,1,1,,0,0,0,1,25,fails,0,G1 size;G2 trend;G3 leader,F:3/3,,owner-request,,RED,
2026-08-04,MSTR,0,94.86,CAUTION,93.03,97.77,94.9249,10.56,WHITE,0,44,0,BREAKDOWN,0,0,0,1,17,fails,0,G2 trend;G3 leader;G4 basis,F:0/2,,shadow-screen,,NEUTRAL,
2026-08-04,MU,1,829.5,HOLD,781.56,821.43,928.221,54.61,RED,3,61,1,,0,0,0,0,55,fails,0,G1 size;G4 basis,F:3/3,,holding,,YELLOW,
2026-08-04,NBIS,1,212.58,HOLD,197.01,207.06,96.2489,71.33,RED,3,27,1,BREAKOUT,0,1,0,0,74,STARTER,1,,F:2/2,,holding,,RED,
2026-08-04,NEE,0,86.55,CAUTION,83.5,87.76,87.785,34.75,AMBER,2,2,0,BREAKDOWN,0,0,0,0,17,fails,0,G2 trend;G3 leader;G4 basis,F:2/3,,shadow-screen,,YELLOW,
2026-08-04,NET,0,282.74,HOLD,265.94,279.5,198.707,98.78,RED,4,17,1,BREAKOUT,0,0,0,0,67,fails,0,G3 leader,F:2/2,,owner-request,,NEUTRAL,
2026-08-04,NFLX,0,73.33,CAUTION,72.25,75.93,73.72,19.99,WHITE,0,38,0,BREAKDOWN,1,1,0,1,9,fails,0,G2 trend;G3 leader;G4 basis,F:2/3,,owner-request,,RED,
2026-08-04,NKE,0,42.64,CAUTION,42.04,44.18,42.8979,18.97,WHITE,0,44,0,BREAKDOWN,0,0,0,1,17,fails,0,G2 trend;G3 leader;G4 basis,F:2/3,,shadow-screen,,NEUTRAL,
2026-08-04,NOW,0,114.19,CAUTION,113.17,118.94,102.561,77.01,WHITE,1,54,0,,0,0,0,1,23,fails,0,G2 trend;G3 leader,F:2/3,,shadow-screen,,RED,
2026-08-04,NVDA,1,206.64,ACCUMULATE,197.71,207.79,209.265,72.8,RED,3,6,1,BREAKOUT,0,0,0,1,35,fails,0,G1 size;G3 leader;G4 basis,F:3/3,16,holding,16,NEUTRAL,17
2026-08-04,NVO,0,47.09,CAUTION,46.88,49.27,47.8359,56.02,WHITE,1,2,0,BREAKDOWN,1,1,1,1,20,fails,0,G2 trend;G3 leader;G4 basis,F:—,,owner-request,,YELLOW,
2026-08-04,NXPI,0,224.17,CAUTION,189.7,199.38,294.045,22.45,AMBER,2,2,0,,0,0,0,0,17,fails,0,G2 trend;G3 leader;G4 basis,F:1/2,,shadow-screen,,YELLOW,
2026-08-04,ON,0,80.4,PULLBACK,59.69,62.73,93.8008,35,AMBER,2,2,1,BREAKOUT,0,0,0,0,42,fails,0,G2 trend;G4 basis,F:2/3,,shadow-screen,,YELLOW,
2026-08-04,ONON,0,37.95,BOTTOMING,36.37,38.23,37.112,55.95,WHITE,0,23,0,BREAKOUT,0,0,0,1,25,fails,0,G2 trend;G3 leader,F:1/1,,owner-request,,RED,
2026-08-04,ORCL,0,141.85,CAUTION,139.85,146.98,142.7,27.7,WHITE,0,7,0,BREAKDOWN,0,1,0,0,5,fails,0,G1 size;G2 trend;G3 leader;G4 basis,F:3/3,,owner-request,,RED,
2026-08-04,PANW,0,347.13,HOLD,319.78,336.09,166.616,94.01,RED,4,13,1,,0,0,0,0,68,STARTER,1,,F:2/3,,owner-request,,NEUTRAL,
2026-08-04,PEP,0,139.63,CAUTION,136.65,143.62,142.322,21.82,WHITE,0,11,0,INSIDE,0,0,0,1,22,fails,0,G2 trend;G3 leader;G4 basis,F:2/3,,shadow-screen,,RED,
2026-08-04,PFE,0,25.03,CAUTION,24.67,25.92,25.169,34.88,WHITE,0,8,0,BREAKDOWN,0,0,0,1,17,fails,0,G2 trend;G3 leader;G4 basis,F:2/3,,shadow-screen,,RED,
2026-08-04,PG,0,144.97,CAUTION,140.91,148.09,143.781,29.75,WHITE,1,3,0,,1,1,0,1,22,fails,0,G2 trend;G3 leader,F:2/3,,shadow-screen,,YELLOW,
2026-08-04,PLTR,1,125.65,CAUTION,115.29,121.17,134.44,17.7,WHITE,0,26,0,,0,0,0,0,9,fails,0,G2 trend;G3 leader;G4 basis,F:2/2,,holding,,NEUTRAL,
2026-08-04,QCOM,0,151.57,CAUTION,146.67,154.16,131.179,21.63,WHITE,1,2,0,BREAKDOWN,0,0,0,1,18,fails,0,G2 trend;G3 leader,F:3/3,,owner-request,,YELLOW,
2026-08-04,QQQ,0,700.07,ACCUMULATE,679.17,713.82,602.393,66.76,RED,3,18,1,BREAKDOWN,1,1,0,1,45,fails,0,G1 size;G3 leader,F:—,12,owner-request,6,NEUTRAL,15
2026-08-04,RBLX,0,36.67,CAUTION,36.49,38.35,46.9007,3.8,WHITE,0,35,0,BREAKDOWN,0,0,0,1,17,fails,0,G2 trend;G3 leader;G4 basis,F:2/2,,owner-request,,YELLOW,
2026-08-04,RDDT,0,154.71,CAUTION,139.9,147.04,142.753,37.36,WHITE,0,2,0,BREAKDOWN,0,0,0,0,27,fails,0,G2 trend;G3 leader,F:2/2,,shadow-screen,,YELLOW,
2026-08-04,RKLB,0,70.43,CAUTION,66.65,70.05,68.0144,33.23,WHITE,0,2,0,BREAKDOWN,0,0,0,0,32,fails,0,G2 trend,F:1/3,,owner-request,,RED,
2026-08-04,RTX,0,216.65,ACCUMULATE,207.56,218.14,176.143,95.54,RED,4,8,1,BREAKOUT,0,0,0,1,57,fails,0,G3 leader,F:2/3,,shadow-screen,,RED,
2026-08-04,SCHW,0,105.87,HOLD,99.99,105.09,92.6562,99.23,RED,4,5,1,,0,0,0,0,47,fails,0,G3 leader,F:3/3,,shadow-screen,,RED,
2026-08-04,SE,0,111.15,CAUTION,104.12,109.44,89.3319,70.17,WHITE,1,38,1,INSIDE,0,0,0,0,45,fails,0,G2 trend;G3 leader,F:2/2,,owner-request,,NEUTRAL,
2026-08-04,SHOP,0,117.01,CAUTION,110.56,116.2,112.82,46.85,WHITE,0,26,0,BREAKDOWN,0,0,0,0,22,fails,0,G2 trend;G3 leader,F:2/2,,owner-request,,YELLOW,
2026-08-04,SMCI,0,28.64,BOTTOMING,27.25,28.64,30.7939,26.11,WHITE,0,8,0,BREAKOUT,0,0,0,1,27,fails,0,G2 trend;G3 leader;G4 basis,F:3/3,,shadow-screen,,RED,
2026-08-04,SNDK,0,1288.03,HOLD,1081.82,1137.01,638.592,56.94,RED,3,60,1,BREAKOUT,0,1,0,0,65,fails,0,G1 size,F:3/3,,shadow-screen,,YELLOW,
2026-08-04,SNOW,0,307.53,HOLD,261.89,275.25,237.448,99.71,RED,4,9,1,BREAKOUT,0,0,0,0,67,fails,0,G3 leader,F:3/3,,owner-request,,RED,
2026-08-04,SOFI,0,18.03,BOTTOMING,17.07,17.94,17.4166,59.92,WHITE,0,25,0,BREAKOUT,0,0,0,0,22,fails,0,G2 trend;G3 leader,F:2/3,,owner-request,,NEUTRAL,
2026-08-04,SPCX,0,114.53,CAUTION,111.12,116.79,158.691,12.61,WHITE,0,5,0,,0,0,0,0,10,fails,0,G1 size;G2 trend;G3 leader;G4 basis;G5 data,F:—,,owner-request,,YELLOW,
2026-08-04,STX,0,831.06,ACCUMULATE,794.94,835.5,875.191,65.46,RED,3,64,1,BREAKOUT,1,1,1,1,69,fails,0,G4 basis,F:3/3,,shadow-screen,,YELLOW,
2026-08-04,T,0,23.59,CAUTION,22.71,23.87,23.1778,50.74,WHITE,0,16,0,BREAKDOWN,1,0,1,1,18,fails,0,G2 trend;G3 leader,F:2/3,,shadow-screen,,RED,
2026-08-04,TER,0,365.8,ACCUMULATE,352.32,370.29,359.509,63.56,RED,3,52,1,INSIDE,1,1,0,1,87,CONVICTION,1,,F:2/3,,shadow-screen,,RED,
2026-08-04,TMDX,0,81.55,BOTTOMING,73.36,77.1,74.8559,58.42,WHITE,0,20,0,BREAKOUT,0,0,0,0,35,fails,0,G2 trend;G3 leader,F:3/3,,owner-request,,RED,
2026-08-04,TMO,0,574.03,HOLD,526.52,553.39,472.719,86.09,RED,3,3,1,BREAKOUT,0,0,0,0,57,fails,0,G3 leader,F:2/3,,shadow-screen,,RED,
2026-08-04,TMUS,0,177.09,CAUTION,168.79,177.4,180.98,9.83,WHITE,0,47,0,,0,0,0,1,17,fails,0,G2 trend;G3 leader;G4 basis,F:2/3,,shadow-screen,,YELLOW,
2026-08-04,TOST,0,32.79,BOTTOMING,31.34,32.93,28.1072,83.42,WHITE,1,44,1,BREAKOUT,0,0,0,1,40,fails,0,G2 trend;G3 leader,F:2/2,,owner-request,,RED,
2026-08-04,TSLA,1,322.08,CAUTION,312.15,328.07,397.921,12.91,WHITE,0,7,0,BREAKDOWN,0,0,0,1,5,fails,0,G1 size;G2 trend;G3 leader;G4 basis,F:1/3,,holding,,YELLOW,
2026-08-04,TSM,1,406.11,ACCUMULATE,395.75,415.94,403.827,60.27,RED,3,62,1,,1,1,0,1,60,fails,0,G1 size,F:3/3,6,holding,4,NEUTRAL,8
2026-08-04,TXN,0,269.04,HOLD,215.34,226.32,291.067,40.64,RED,3,18,1,,0,1,0,0,53,fails,0,G4 basis,F:3/3,,shadow-screen,,YELLOW,
2026-08-04,UBER,0,71.61,BOTTOMING,59.39,62.42,73.5988,29.68,WHITE,0,34,0,BREAKOUT,0,0,0,0,17,fails,0,G2 trend;G3 leader;G4 basis,F:3/3,,owner-request,,RED,
2026-08-04,UNH,0,415.36,HOLD,393.28,413.34,424.412,81.21,RED,4,14,1,BREAKOUT,0,0,0,0,68,fails,0,G4 basis,F:3/3,,shadow-screen,,YELLOW,
2026-08-04,V,0,365.67,ACCUMULATE,349.13,366.94,329.468,96.91,RED,4,6,1,,0,0,0,1,48,fails,0,G3 leader,F:0/1,17,owner-request,17,NEUTRAL,14
2026-08-04,VRT,0,263.05,PULLBACK,258.36,271.54,307.051,45.27,AMBER,2,2,1,,1,1,0,1,43,fails,0,G2 trend;G4 basis,F:3/3,,owner-request,,YELLOW,
2026-08-04,VZ,0,47.36,ACCUMULATE,46.46,48.83,47.4048,71.41,RED,3,1,1,INSIDE,0,0,0,1,52,fails,0,G3 leader;G4 basis,F:2/3,,shadow-screen,,RED,
2026-08-04,WDC,0,527.22,ACCUMULATE,520.4,546.95,284.844,69.37,RED,3,62,1,BREAKOUT,1,1,0,1,74,STARTER,1,,F:3/3,,shadow-screen,,RED,
2026-08-04,WFC,0,87.89,ACCUMULATE,85.34,89.69,87.0812,87.19,RED,3,5,1,BREAKOUT,0,0,0,1,52,fails,0,G3 leader,F:1/2,,shadow-screen,,NEUTRAL,
2026-08-04,WMT,0,110.71,CAUTION,100.68,105.82,118.748,17.18,WHITE,0,5,0,BREAKDOWN,0,0,0,0,13,fails,0,G2 trend;G3 leader;G4 basis,F:2/3,,shadow-screen,,NEUTRAL,
2026-08-04,XOM,0,155.06,ACCUMULATE,151.06,158.76,149.994,79.44,RED,3,4,1,BREAKOUT,0,0,0,1,68,STARTER,1,,F:—,,shadow-screen,,RED,
2026-08-04,ZETA,0,22.56,HOLD,20.86,21.93,18.4446,91.06,RED,4,11,1,,0,0,0,0,70,STARTER,1,,F:2/2,,shadow-screen,,RED,
2026-08-04,ZS,0,154.46,CAUTION,143.87,151.21,146.806,73.58,WHITE,0,35,0,,0,0,1,0,30,fails,0,G2 trend;G3 leader,F:3/3,,owner-request,,RED,
2026-08-05,0700,0,493.8,CAUTION,457.38,480.71,466.711,66.94,WHITE,1,25,0,,0,0,0,0,15,fails,0,G1 size;G2 trend;G3 leader,F:—,,owner-request,,RED,
2026-08-05,1810,0,27.9,CAUTION,27.46,28.86,28.0161,32.79,WHITE,0,43,0,BREAKDOWN,0,0,0,1,5,fails,0,G1 size;G2 trend;G3 leader;G4 basis,F:—,,owner-request,,NEUTRAL,
2026-08-05,3690,0,92.65,CAUTION,89.87,94.45,77.8804,72.81,WHITE,1,68,1,,0,0,0,1,29,fails,0,G2 trend;G3 leader,F:—,,owner-request,,RED,
2026-08-05,9992,1,161.2,CAUTION,151.17,158.89,154.259,38.06,WHITE,0,23,0,INSIDE,0,0,0,0,23,fails,0,G2 trend;G3 leader,F:—,,holding,,NEUTRAL,
2026-08-05,AAL,0,16.56,ACCUMULATE,16.19,17.02,15.1365,82.29,RED,3,11,1,BREAKOUT,1,1,0,1,63,STARTER,1,,F:2/3,,shadow-screen,,RED,
2026-08-05,AAOI,0,131.63,ACCUMULATE,127.55,134.06,97.2584,51.73,RED,3,1,1,BREAKDOWN,0,0,0,1,72,STARTER,1,,F:1/3,,shadow-screen,,RED,
2026-08-05,AAPL,1,309.38,ACCUMULATE,304.38,319.91,310.592,77.26,RED,4,19,1,INSIDE,1,1,1,1,55,fails,0,G1 size;G4 basis,F:2/3,10,holding,1,YELLOW,11
2026-08-05,ABBV,0,243.8,HOLD,228.4,240.06,249.255,69.55,RED,4,9,1,BREAKDOWN,0,0,0,0,47,fails,0,G3 leader;G4 basis,F:2/3,,shadow-screen,,YELLOW,
2026-08-05,ABT,0,105.46,CAUTION,103.35,108.63,88.7909,68.24,WHITE,1,41,0,,0,0,0,1,27,fails,0,G2 trend;G3 leader,F:2/2,,shadow-screen,,RED,
2026-08-05,ACN,0,170.43,CAUTION,160.99,169.21,126.877,52.12,WHITE,0,28,0,BREAKDOWN,0,0,1,0,22,fails,0,G2 trend;G3 leader,F:1/2,,shadow-screen,,RED,
2026-08-05,ADBE,0,257.49,CAUTION,246.64,259.23,251.675,71.65,WHITE,1,87,0,,0,0,0,1,27,fails,0,G2 trend;G3 leader,F:3/3,,owner-request,,RED,
2026-08-05,ADI,0,380.29,ACCUMULATE,369.38,388.22,392.536,52.65,RED,3,39,1,BREAKOUT,0,0,0,1,57,fails,0,G4 basis,F:3/3,,shadow-screen,,RED,
2026-08-05,ALAB,0,361.67,HOLD,343.83,361.37,123.076,79.72,RED,3,16,1,,0,0,0,0,82,CONVICTION,1,,F:3/3,,owner-request,,RED,
2026-08-05,AMAT,0,546.62,ACCUMULATE,531.05,558.15,586.461,68.95,RED,3,47,1,BREAKOUT,0,0,0,1,69,fails,0,G4 basis,F:2/3,5,owner-request,7,NEUTRAL,6
2026-08-05,AMD,1,518.58,ACCUMULATE,501.6,527.19,215.827,84.62,RED,3,21,1,BREAKOUT,0,0,0,1,70,fails,0,G1 size,F:3/3,6,holding,8,NEUTRAL,2
2026-08-05,AMZN,0,277.42,HOLD,262.13,275.5,229.756,96.43,RED,4,2,1,BREAKOUT,0,1,0,0,35,fails,0,G1 size;G3 leader,F:3/3,,owner-request,,RED,
2026-08-05,ANET,0,190.51,HOLD,169.97,178.64,143.155,99.08,RED,4,17,1,BREAKOUT,0,0,0,0,67,STARTER,1,,F:3/3,,owner-request,,RED,
2026-08-05,APH,0,171.33,HOLD,159.87,168.03,147.137,98.41,RED,4,11,1,BREAKOUT,0,0,0,0,62,STARTER,1,,F:3/3,,shadow-screen,,RED,
2026-08-05,APP,0,419.7,CAUTION,402.91,423.46,466.365,29.14,WHITE,0,4,0,BREAKDOWN,1,1,0,1,13,fails,0,G2 trend;G3 leader;G4 basis,F:2/2,,owner-request,,RED,
2026-08-05,ARM,0,280.56,HOLD,252.9,265.8,210.673,62.02,RED,3,18,1,,0,0,0,0,73,STARTER,1,,F:3/3,,owner-request,,RED,
2026-08-05,ASML,0,1711.89,HOLD,1619.1,1701.7,1788.54,65.46,RED,3,51,1,,0,1,0,0,59,fails,0,G4 basis,F:1/1,,owner-request,,NEUTRAL,
2026-08-05,ASTS,0,70.31,CAUTION,68.17,71.65,86.0499,28.7,WHITE,0,4,0,INSIDE,0,0,0,1,22,fails,0,G2 trend;G3 leader;G4 basis,F:0/2,,owner-request,,RED,
2026-08-05,AVGO,0,418.16,ACCUMULATE,405.47,426.16,379.737,89.9,RED,3,5,1,BREAKOUT,0,0,0,0,55,fails,0,G1 size,F:3/3,,shadow-screen,,RED,
2026-08-05,AXON,0,607.2,HOLD,569.66,598.72,393.819,88.5,RED,3,1,1,,0,0,1,0,55,fails,0,G3 leader,F:3/3,,owner-request,,RED,
2026-08-05,AXP,0,346.71,ACCUMULATE,334.64,351.72,341.473,76.44,RED,3,2,1,BREAKOUT,0,1,0,1,52,fails,0,G3 leader,F:2/3,,shadow-screen,,NEUTRAL,
2026-08-05,AXTI,0,65.27,ACCUMULATE,63.16,66.39,64.4517,54.54,RED,3,1,1,,0,0,0,1,72,STARTER,1,,F:0/3,,shadow-screen,,RED,
2026-08-05,AZO,0,3028.03,CAUTION,2710.1,2848.37,3077.93,13.96,WHITE,0,25,0,BREAKDOWN,0,0,1,0,20,fails,0,G2 trend;G3 leader;G4 basis,F:2/3,,shadow-screen,,NEUTRAL,
2026-08-05,BA,0,237.16,HOLD,223.7,235.11,217.965,91.25,RED,3,1,1,BREAKOUT,0,1,0,0,57,fails,0,G3 leader,F:2/3,,shadow-screen,,RED,
2026-08-05,BAC,0,62.9,ACCUMULATE,60.22,63.29,52.1268,99.46,RED,4,10,1,BREAKOUT,0,0,0,1,63,fails,0,G3 leader,F:2/3,,shadow-screen,,NEUTRAL,
2026-08-05,BE,0,228.11,HOLD,216.85,227.91,278.421,60.35,RED,3,2,1,INSIDE,0,1,0,0,64,fails,0,G4 basis,F:0/1,,shadow-screen,,RED,
2026-08-05,BKNG,0,194.27,ACCUMULATE,189.59,199.27,168.127,80.79,RED,3,1,1,BREAKOUT,0,0,0,1,52,fails,0,G3 leader,F:2/3,,shadow-screen,,RED,
2026-08-05,BSX,0,49.09,BOTTOMING,47.36,49.78,44.6055,49.07,WHITE,0,36,0,BREAKOUT,1,1,0,1,32,fails,0,G2 trend;G3 leader,F:3/3,,shadow-screen,,RED,
2026-08-05,C,0,136.87,HOLD,130.21,136.85,132.864,80.42,RED,3,21,1,BREAKOUT,0,1,0,0,58,fails,1,,F:2/3,,shadow-screen,,RED,
2026-08-05,CAT,0,876.54,HOLD,802.25,843.18,887.084,54.94,RED,3,59,1,BREAKOUT,0,0,0,0,58,fails,0,G4 basis,F:2/3,,shadow-screen,,NEUTRAL,
2026-08-05,CAVA,0,63.44,CAUTION,63.01,66.23,79.8304,18.99,WHITE,1,3,0,,1,1,0,1,25,fails,0,G2 trend;G3 leader;G4 basis,F:3/3,,owner-request,,NEUTRAL,
2026-08-05,CBRS,0,227.15,CAUTION,215.61,226.61,220.012,66.6,WHITE,0,13,0,,0,0,0,0,32,fails,0,G2 trend;G3 leader;G5 data,F:—,,shadow-screen,,RED,
2026-08-05,CDE,0,16.21,CAUTION,15.96,16.77,16.2809,32.25,WHITE,0,10,0,BREAKDOWN,0,0,0,1,35,fails,0,G2 trend;G4 basis,F:2/3,,owner-request,,RED,
2026-08-05,CEG,0,267.25,BOTTOMING,246.85,259.45,270.626,31.67,WHITE,0,28,0,BREAKOUT,0,0,0,0,27,fails,0,G2 trend;G3 leader;G4 basis,F:2/3,,shadow-screen,,RED,
2026-08-05,CIEN,0,411.13,ACCUMULATE,397.22,417.49,440.28,51.23,RED,3,1,1,BREAKDOWN,1,1,0,1,67,fails,0,G4 basis,F:3/3,,shadow-screen,,RED,
2026-08-05,COHR,0,323.73,ACCUMULATE,311.26,327.14,248.659,61.24,RED,3,1,1,BREAKDOWN,1,1,1,1,77,CONVICTION,1,,F:2/3,,shadow-screen,,RED,
2026-08-05,COIN,0,150.73,CAUTION,,,164.086,9.17,WHITE,0,36,0,BREAKDOWN,0,0,0,0,17,fails,0,G2 trend;G3 leader;G4 basis,F:1/2,,shadow-screen,,YELLOW,
2026-08-05,COST,0,947.85,BOTTOMING,908.34,954.68,955.627,35.04,WHITE,1,5,0,BREAKOUT,0,0,0,1,23,fails,0,G2 trend;G3 leader;G4 basis,F:2/3,,owner-request,,NEUTRAL,
2026-08-05,CRCL,0,63.25,CAUTION,62.12,65.29,63.3924,9.38,WHITE,0,9,0,BREAKDOWN,0,0,0,1,22,fails,0,G2 trend;G3 leader;G4 basis,F:2/2,,shadow-screen,,RED,
2026-08-05,CRDO,0,237.92,ACCUMULATE,227.4,239.01,247.119,75.81,RED,3,16,1,,0,0,0,1,77,fails,0,G4 basis,F:3/3,8,owner-request,10,RED,5
2026-08-05,CRM,0,190.99,CAUTION,180.29,189.49,183.972,71.55,WHITE,1,73,0,,0,0,0,0,23,fails,0,G2 trend;G3 leader,F:2/3,,owner-request,,RED,
2026-08-05,CRWD,0,211.22,HOLD,185.36,194.82,106.509,99.4,RED,4,13,1,BREAKOUT,0,0,0,0,68,STARTER,1,,F:2/2,,owner-request,,RED,
2026-08-05,CRWV,0,91.9,CAUTION,86.12,90.51,77.6419,46.14,WHITE,0,4,1,BREAKDOWN,0,0,0,0,33,fails,0,G2 trend;G3 leader,F:2/2,,shadow-screen,,RED,
2026-08-05,CSCO,0,121.74,ACCUMULATE,116.15,122.07,77.9846,94.93,RED,3,67,1,,0,0,0,0,73,STARTER,1,,F:2/3,,shadow-screen,,RED,
2026-08-05,CSPX,1,815.92,ACCUMULATE,788.92,829.17,805.023,96.44,RED,3,18,1,BREAKOUT,0,0,0,1,60,fails,0,G3 leader,F:—,14,holding,14,NEUTRAL,13
2026-08-05,CVX,0,190.4,ACCUMULATE,186.04,195.53,189.832,73.08,RED,4,4,1,BREAKOUT,0,0,0,1,52,fails,0,G3 leader,F:1/3,,shadow-screen,,NEUTRAL,
2026-08-05,D05,0,73.84,HOLD,64.59,67.89,57.4286,94.51,RED,4,68,1,BREAKOUT,0,0,0,0,70,STARTER,1,,F:—,,owner-request,,YELLOW,
2026-08-05,DDOG,1,288.15,HOLD,257.04,270.15,127.051,99.96,RED,4,14,1,BREAKOUT,0,0,0,0,72,STARTER,1,,F:2/2,,holding,,RED,
2026-08-05,DELL,0,467.27,HOLD,436.54,458.81,119.85,99.66,RED,4,23,1,BREAKOUT,0,0,0,0,73,STARTER,1,,F:2/2,,shadow-screen,,RED,
2026-08-05,DRAM,1,54.89,CAUTION,52.89,55.59,53.97,43.16,AMBER,2,3,0,,1,1,0,1,39,fails,0,G2 trend;G5 data,F:—,,holding,,NEUTRAL,
2026-08-05,DUOL,0,137.75,CAUTION,128.52,135.08,98.8507,75.52,WHITE,0,52,0,,0,0,0,0,30,fails,0,G2 trend;G3 leader,F:2/2,,owner-request,,RED,
2026-08-05,ETHA,0,14.15,CAUTION,13.83,14.53,14.1087,28.19,WHITE,0,36,0,BREAKDOWN,1,0,1,1,30,fails,0,G2 trend;G3 leader,F:0/2,,owner-request,,YELLOW,
2026-08-05,ETN,0,444.77,ACCUMULATE,433.5,455.62,406.655,99.6,RED,4,22,1,,0,0,0,1,62,fails,0,G3 leader,F:3/3,,shadow-screen,,RED,
2026-08-05,FCX,0,67.3,HOLD,60.95,64.06,62.1905,87.82,RED,3,3,1,BREAKDOWN,1,1,1,0,57,fails,1,,F:2/3,,shadow-screen,,RED,
2026-08-05,GE,0,377.28,ACCUMULATE,365.43,384.08,283.601,98.89,RED,4,11,1,BREAKOUT,0,1,0,1,72,fails,0,G3 leader,F:3/3,,shadow-screen,,RED,
2026-08-05,GEV,0,1018.53,ACCUMULATE,991.05,1041.62,1065.33,64.88,RED,3,70,1,BREAKOUT,1,1,0,1,68,fails,0,G4 basis,F:2/3,,shadow-screen,,NEUTRAL,
2026-08-05,GLW,0,159.89,ACCUMULATE,154.61,162.5,188.579,48.72,RED,3,1,1,BREAKDOWN,1,1,0,1,63,fails,0,G4 basis,F:1/1,,shadow-screen,,RED,
2026-08-05,GOOG,1,375.35,HOLD,353.12,371.14,360.33,88.85,RED,3,2,1,,0,0,0,0,50,fails,0,G1 size,F:2/2,,holding,,RED,
2026-08-05,GOOGL,0,377.65,HOLD,356.61,374.8,363.885,89.55,RED,3,2,1,,0,0,1,0,50,fails,0,G1 size,F:2/2,,shadow-screen,,RED,
2026-08-05,GRAB,0,3.72,BOTTOMING,3.43,3.6,3.499,45.59,WHITE,0,31,0,BREAKOUT,1,1,1,0,25,fails,0,G2 trend;G3 leader,F:2/2,,owner-request,,RED,
2026-08-05,GS,0,1052.98,ACCUMULATE,1027.16,1079.57,931.302,78.41,RED,3,19,1,BREAKOUT,0,0,0,1,63,STARTER,1,,F:2/2,,shadow-screen,,NEUTRAL,
2026-08-05,HD,0,348.24,CAUTION,341.33,358.75,333.725,66.97,WHITE,1,23,1,BREAKDOWN,0,1,0,1,37,fails,0,G2 trend;G3 leader,F:2/3,,shadow-screen,,RED,
2026-08-05,HIMS,0,32.16,HOLD,28.77,30.24,29.3603,66.75,RED,3,1,1,BREAKDOWN,0,0,0,0,55,fails,0,G3 leader,F:2/2,,owner-request,,NEUTRAL,
2026-08-05,HON,0,248.79,HOLD,235.95,247.99,224.045,93.41,RED,4,3,1,,0,0,0,0,47,fails,0,G3 leader,F:2/3,,shadow-screen,,RED,
2026-08-05,HOOD,0,93.51,HOLD,86.53,90.95,76.046,56.57,RED,3,1,1,BREAKOUT,0,0,0,0,38,fails,0,G3 leader,F:2/2,,owner-request,,YELLOW,
2026-08-05,IBIT,0,36.39,CAUTION,35.2,37,35.9225,27.21,WHITE,0,38,0,BREAKDOWN,1,0,1,1,27,fails,0,G2 trend;G3 leader,F:0/2,,owner-request,,RED,
2026-08-05,IBM,0,235.15,CAUTION,218.15,229.28,222.602,41.51,WHITE,0,4,0,,0,1,0,0,14,fails,0,G2 trend;G3 leader,F:2/3,,shadow-screen,,RED,
2026-08-05,ICE,0,149.2,CAUTION,145.66,153.09,155.347,43.45,WHITE,0,26,0,INSIDE,0,0,0,1,22,fails,0,G2 trend;G3 leader;G4 basis,F:2/3,,owner-request,,NEUTRAL,
2026-08-05,INTC,0,100.86,ACCUMULATE,96.23,101.14,45.2035,57.68,RED,3,51,1,,0,0,0,1,65,fails,0,G1 size,F:1/3,2,owner-request,6,RED,3
2026-08-05,INTU,0,323.6,CAUTION,305.04,320.6,311.263,55.75,WHITE,0,44,0,,0,0,1,0,22,fails,0,G2 trend;G3 leader,F:3/3,,shadow-screen,,RED,
2026-08-05,IONQ,0,41.72,BOTTOMING,39.96,42,35.34,36.27,WHITE,0,4,0,BREAKOUT,0,0,0,1,32,fails,0,G2 trend;G3 leader,F:1/3,,shadow-screen,,RED,
2026-08-05,IOT,0,38.6,HOLD,36.42,38.28,37.1655,90.64,RED,4,2,1,,0,0,0,0,55,fails,0,G3 leader,F:2/2,,owner-request,,RED,
2026-08-05,IREN,0,40.85,CAUTION,32.9,34.58,41.7894,31.49,WHITE,0,4,0,BREAKDOWN,0,0,0,0,33,fails,0,G2 trend;G4 basis,F:2/2,,shadow-screen,,RED,
2026-08-05,ISRG,0,368.265,CAUTION,359.81,378.17,403.484,22.11,WHITE,0,27,0,,1,1,0,1,13,fails,0,G2 trend;G3 leader;G4 basis,F:3/3,,shadow-screen,,RED,
2026-08-05,JNJ,0,254.93,ACCUMULATE,249.12,261.83,229.601,85.02,RED,4,56,1,BREAKOUT,0,0,0,1,63,STARTER,1,,F:2/3,,shadow-screen,,YELLOW,
2026-08-05,JPM,0,357.52,HOLD,339.71,357.04,311.747,98.43,RED,4,10,1,INSIDE,0,0,0,0,49,fails,0,G3 leader,F:2/3,,owner-request,,NEUTRAL,
2026-08-05,KLAC,0,195.45,ACCUMULATE,187.08,196.63,181.489,59.3,RED,3,1,1,BREAKOUT,0,0,0,1,63,STARTER,1,,F:3/3,7,owner-request,9,NEUTRAL,7
2026-08-05,KO,0,86.56,HOLD,79.62,83.68,79.273,92.97,RED,4,31,1,BREAKOUT,0,0,0,0,52,fails,0,G3 leader,F:—,,shadow-screen,,RED,
2026-08-05,LIN,0,484.64,PULLBACK,470.73,494.75,513.674,33.64,AMBER,2,2,1,,1,1,0,1,27,fails,0,G2 trend;G3 leader;G4 basis,F:2/3,,shadow-screen,,YELLOW,
2026-08-05,LITE,0,849.47,HOLD,768.04,807.22,862.485,65.5,RED,3,62,1,BREAKOUT,0,0,1,0,74,fails,0,G4 basis,F:2/3,,shadow-screen,,RED,
2026-08-05,LLY,0,1115.68,ACCUMULATE,1094.18,1150,1159.39,67.03,RED,4,13,1,BREAKDOWN,0,0,0,1,58,fails,0,G4 basis,F:3/3,11,owner-request,11,YELLOW,15
2026-08-05,LRCX,0,317.74,ACCUMULATE,311.29,327.17,317.64,69.13,RED,3,62,1,BREAKOUT,1,1,0,1,74,STARTER,1,,F:3/3,4,owner-request,3,NEUTRAL,8
2026-08-05,MA,0,571.1,ACCUMULATE,556.57,584.96,494.824,92.67,RED,3,2,1,BREAKOUT,0,0,0,1,48,fails,0,G3 leader,F:3/3,15,owner-request,15,RED,16
2026-08-05,MCD,0,268.34,CAUTION,263.48,276.92,268.859,11.56,WHITE,0,19,0,,1,1,0,1,17,fails,0,G2 trend;G3 leader;G4 basis,F:2/3,,shadow-screen,,NEUTRAL,
2026-08-05,MCHP,0,80.67,ACCUMULATE,77.71,81.67,90.0586,46.68,RED,3,1,1,,0,0,0,1,42,fails,0,G3 leader;G4 basis,F:2/3,,shadow-screen,,NEUTRAL,
2026-08-05,MDB,0,380.04,HOLD,346.04,363.69,322.776,90.36,RED,3,2,1,BREAKOUT,0,0,1,0,70,STARTER,1,,F:3/3,,owner-request,,RED,
2026-08-05,META,0,587.94,CAUTION,557.67,586.12,610.358,25.68,WHITE,0,39,0,BREAKDOWN,1,1,1,0,5,fails,0,G1 size;G2 trend;G3 leader;G4 basis,F:2/2,,owner-request,,YELLOW,
2026-08-05,MPWR,0,1335.03,HOLD,1143.45,1201.79,1355.11,48.57,RED,3,60,1,INSIDE,0,0,0,0,57,fails,0,G4 basis,F:3/3,,shadow-screen,,NEUTRAL,
2026-08-05,MRK,0,128,ACCUMULATE,125.8,132.22,120.881,89.23,RED,4,40,1,,0,0,0,1,67,STARTER,1,,F:2/3,,shadow-screen,,YELLOW,
2026-08-05,MRVL,0,218.59,HOLD,201.15,211.42,89.2744,56.78,RED,3,24,1,,0,0,1,0,64,STARTER,1,,F:3/3,,owner-request,,RED,
2026-08-05,MS,0,217.04,ACCUMULATE,210.98,221.75,215.288,83.11,RED,3,19,1,BREAKOUT,1,0,1,1,67,STARTER,1,,F:2/3,,shadow-screen,,NEUTRAL,
2026-08-05,MSFT,0,492.81,PULLBACK,470.32,494.32,394.416,94.28,AMBER,2,1,1,,0,0,0,1,25,fails,0,G1 size;G2 trend;G3 leader,F:3/3,,owner-request,,RED,
2026-08-05,MSTR,0,97.65,CAUTION,93.03,97.77,94.9249,20.47,WHITE,0,44,0,BREAKDOWN,0,0,0,1,22,fails,0,G2 trend;G3 leader,F:0/2,,shadow-screen,,RED,
2026-08-05,MU,1,892.67,ACCUMULATE,860.39,904.29,928.221,62.04,RED,3,61,1,,0,0,0,1,65,fails,0,G1 size;G4 basis,F:3/3,1,holding,5,NEUTRAL,4
2026-08-05,NBIS,1,225.74,ACCUMULATE,218.01,229.14,222.464,82.89,RED,3,27,1,BREAKOUT,1,1,0,1,79,CONVICTION,1,,F:2/2,3,holding,2,RED,1
2026-08-05,NEE,0,87.2,PULLBACK,78.87,82.89,87.785,39.4,AMBER,2,2,1,BREAKDOWN,0,0,1,0,27,fails,0,G2 trend;G3 leader;G4 basis,F:2/3,,shadow-screen,,YELLOW,
2026-08-05,NET,0,301.33,HOLD,263.96,277.42,198.308,99.96,RED,4,17,1,BREAKOUT,0,0,0,0,77,CONVICTION,1,,F:2/2,,owner-request,,RED,
2026-08-05,NFLX,0,73.57,CAUTION,72.25,75.93,73.72,20.35,WHITE,0,38,0,BREAKDOWN,1,1,0,1,9,fails,0,G2 trend;G3 leader;G4 basis,F:2/3,,owner-request,,RED,
2026-08-05,NKE,0,41.53,CAUTION,,,42.8979,5.88,WHITE,0,44,0,BREAKDOWN,0,0,0,0,17,fails,0,G2 trend;G3 leader;G4 basis,F:2/3,,shadow-screen,,YELLOW,
2026-08-05,NOW,0,118.14,CAUTION,113.17,118.94,102.561,81.06,WHITE,1,54,0,,0,0,0,1,23,fails,0,G2 trend;G3 leader,F:2/3,,shadow-screen,,RED,
2026-08-05,NVDA,1,211.94,ACCUMULATE,205.08,215.54,209.265,85.73,RED,3,6,1,BREAKOUT,0,0,0,1,40,fails,0,G1 size;G3 leader,F:3/3,13,holding,13,RED,12
2026-08-05,NVO,0,44.28,CAUTION,43.19,45.39,47.8359,38.63,WHITE,0,2,0,BREAKDOWN,0,1,0,0,17,fails,0,G2 trend;G3 leader;G4 basis,F:—,,owner-request,,YELLOW,
2026-08-05,NXPI,0,237.6,CAUTION,227.05,238.63,294.045,35.61,AMBER,2,2,0,,0,0,0,1,17,fails,0,G2 trend;G3 leader;G4 basis,F:1/2,,shadow-screen,,YELLOW,
2026-08-05,ON,0,80.78,PULLBACK,59.69,62.73,93.8008,34.56,AMBER,2,2,1,BREAKOUT,0,0,0,0,32,fails,0,G2 trend;G3 leader;G4 basis,F:2/3,,shadow-screen,,YELLOW,
2026-08-05,ONON,0,37.61,BOTTOMING,36.37,38.23,37.112,50.34,WHITE,0,23,0,BREAKOUT,0,0,0,1,25,fails,0,G2 trend;G3 leader,F:1/1,,owner-request,,RED,
2026-08-05,ORCL,0,145.74,CAUTION,139.85,146.98,142.7,36.65,WHITE,0,7,0,BREAKDOWN,1,1,0,1,10,fails,0,G1 size;G2 trend;G3 leader,F:3/3,,owner-request,,RED,
2026-08-05,PANW,0,366.34,HOLD,345.02,362.62,166.616,99.86,RED,4,13,1,,0,0,0,0,68,STARTER,1,,F:2/3,,owner-request,,NEUTRAL,
2026-08-05,PEP,0,139.1,CAUTION,136.08,143.02,142.322,20.35,WHITE,0,11,0,INSIDE,0,0,0,1,22,fails,0,G2 trend;G3 leader;G4 basis,F:2/3,,shadow-screen,,NEUTRAL,
2026-08-05,PFE,0,25.41,CAUTION,24.67,25.92,25.169,47.97,WHITE,0,8,0,BREAKDOWN,0,0,0,1,22,fails,0,G2 trend;G3 leader,F:2/3,,shadow-screen,,RED,
2026-08-05,PG,0,148.01,CAUTION,143.76,151.09,143.781,52.48,WHITE,1,3,0,,0,1,0,1,22,fails,0,G2 trend;G3 leader,F:2/3,,shadow-screen,,NEUTRAL,
2026-08-05,PLTR,1,162.66,CAUTION,149.86,157.51,134.44,85.22,WHITE,1,26,1,,0,0,0,0,25,fails,0,G1 size;G2 trend;G3 leader,F:2/2,,holding,,RED,
2026-08-05,QCOM,0,162.67,CAUTION,146.67,154.16,131.179,30.25,WHITE,1,2,0,BREAKDOWN,0,0,0,0,18,fails,0,G2 trend;G3 leader,F:3/3,,owner-request,,NEUTRAL,
2026-08-05,QQQ,0,723.85,ACCUMULATE,703.4,739.28,602.393,89.81,RED,3,18,1,BREAKDOWN,0,1,0,0,45,fails,0,G1 size;G3 leader,F:—,12,owner-request,12,RED,10
2026-08-05,RBLX,0,37,CAUTION,36.49,38.35,46.9007,4.26,WHITE,0,35,0,BREAKDOWN,0,0,0,1,17,fails,0,G2 trend;G3 leader;G4 basis,F:2/2,,owner-request,,YELLOW,
2026-08-05,RDDT,0,159.97,CAUTION,155.94,163.9,142.753,44.6,WHITE,0,2,0,INSIDE,0,0,0,1,32,fails,0,G2 trend;G3 leader,F:2/2,,shadow-screen,,YELLOW,
2026-08-05,RKLB,0,74.48,CAUTION,66.65,70.05,68.0144,43.62,WHITE,0,2,0,BREAKDOWN,0,0,0,0,32,fails,0,G2 trend,F:1/3,,owner-request,,RED,
2026-08-05,RTX,0,217.93,ACCUMULATE,212.55,223.39,176.143,96.69,RED,4,8,1,BREAKOUT,0,0,0,1,57,fails,0,G3 leader,F:2/3,,shadow-screen,,RED,
2026-08-05,SCHW,0,106.35,HOLD,99.99,105.09,92.6562,99.65,RED,4,5,1,INSIDE,0,0,0,0,52,fails,0,G3 leader,F:3/3,,shadow-screen,,RED,
2026-08-05,SE,0,111.44,CAUTION,104.12,109.44,89.3319,69.96,WHITE,1,38,1,INSIDE,0,0,0,0,45,fails,0,G2 trend;G3 leader,F:2/2,,owner-request,,RED,
2026-08-05,SHOP,0,123.3,BOTTOMING,117.04,123.01,119.427,64.83,WHITE,1,26,0,BREAKOUT,0,0,0,0,27,fails,0,G2 trend;G3 leader,F:2/2,,owner-request,,NEUTRAL,
2026-08-05,SMCI,0,31.69,BOTTOMING,30.18,31.72,30.7939,55.35,WHITE,1,8,0,BREAKOUT,0,0,0,1,32,fails,0,G2 trend;G3 leader,F:3/3,,shadow-screen,,RED,
2026-08-05,SNDK,0,1427.62,ACCUMULATE,1366.81,1436.55,638.592,66.23,RED,3,60,1,BREAKOUT,1,1,0,1,75,fails,0,G1 size,F:3/3,,shadow-screen,,NEUTRAL,
2026-08-05,SNOW,0,316.77,HOLD,261.89,275.25,237.448,99.8,RED,4,9,1,BREAKOUT,0,0,0,0,77,CONVICTION,1,,F:3/3,,owner-request,,RED,
2026-08-05,SOFI,0,18.7,BOTTOMING,18,18.92,17.4166,73.4,WHITE,1,25,0,BREAKOUT,0,0,0,0,27,fails,0,G2 trend;G3 leader,F:2/3,,owner-request,,RED,
2026-08-05,SPCX,0,125.33,CAUTION,120,126.12,158.691,25.31,WHITE,0,5,0,,0,0,0,0,10,fails,0,G1 size;G2 trend;G3 leader;G4 basis;G5 data,F:—,,owner-request,,RED,
2026-08-05,STX,0,845.35,HOLD,794.94,835.5,875.191,66.5,RED,3,64,1,BREAKOUT,1,1,1,0,64,fails,0,G4 basis,F:3/3,,shadow-screen,,RED,
2026-08-05,T,0,23.38,CAUTION,22.71,23.87,23.1778,46.3,WHITE,0,16,0,BREAKDOWN,1,0,1,1,18,fails,0,G2 trend;G3 leader,F:2/3,,shadow-screen,,RED,
2026-08-05,TER,0,403.56,HOLD,352.32,370.29,359.509,81.38,RED,3,52,1,BREAKOUT,0,1,0,0,77,CONVICTION,1,,F:2/3,,shadow-screen,,RED,
2026-08-05,TMDX,0,80.75,BOTTOMING,73.36,77.1,74.8559,58.69,WHITE,0,20,0,BREAKOUT,0,0,0,0,35,fails,0,G2 trend;G3 leader,F:3/3,,owner-request,,RED,
2026-08-05,TMO,0,564.75,HOLD,526.52,553.39,472.719,78.72,RED,3,3,1,BREAKOUT,0,0,0,0,57,fails,0,G3 leader,F:2/3,,shadow-screen,,RED,
2026-08-05,TMUS,0,177.21,CAUTION,,,180.98,10.67,WHITE,0,47,0,,0,0,0,0,17,fails,0,G2 trend;G3 leader;G4 basis,F:2/3,,shadow-screen,,YELLOW,
2026-08-05,TOST,0,33.81,ACCUMULATE,32.28,33.93,28.1072,85.71,RED,3,1,1,BREAKOUT,0,0,0,1,55,fails,0,G3 leader,F:2/2,16,owner-request,16,RED,14
2026-08-05,TSLA,1,327.35,CAUTION,318.63,334.89,397.921,14.23,WHITE,0,7,0,BREAKDOWN,0,0,0,1,5,fails,0,G1 size;G2 trend;G3 leader;G4 basis,F:1/3,,holding,,NEUTRAL,
2026-08-05,TSM,1,417.17,ACCUMULATE,409.46,430.35,403.827,69.85,RED,3,62,1,,1,1,0,1,65,fails,0,G1 size,F:3/3,9,holding,4,RED,9
2026-08-05,TXN,0,283.63,ACCUMULATE,274.12,288.11,279.718,56.82,RED,3,18,1,,1,1,0,1,63,STARTER,1,,F:3/3,,shadow-screen,,NEUTRAL,
2026-08-05,UBER,0,71.99,CAUTION,70.12,73.69,73.5988,30.24,WHITE,0,34,0,INSIDE,0,0,0,1,22,fails,0,G2 trend;G3 leader;G4 basis,F:3/3,,owner-request,,RED,
2026-08-05,UNH,0,407.55,ACCUMULATE,399.75,420.14,424.412,74.5,RED,4,14,1,INSIDE,0,0,0,1,73,fails,0,G4 basis,F:3/3,,shadow-screen,,YELLOW,
2026-08-05,V,0,369.59,HOLD,349.13,366.94,329.468,98.7,RED,4,6,1,,0,0,0,0,43,fails,0,G3 leader,F:0/1,,owner-request,,RED,
2026-08-05,VRT,0,269.93,PULLBACK,258.36,271.54,307.051,52.51,AMBER,2,2,1,,1,1,0,1,43,fails,0,G2 trend;G4 basis,F:3/3,,owner-request,,NEUTRAL,
2026-08-05,VZ,0,46.88,ACCUMULATE,45.39,47.71,47.4048,65.14,RED,3,1,1,BREAKDOWN,0,0,0,1,47,fails,0,G3 leader;G4 basis,F:2/3,,shadow-screen,,RED,
2026-08-05,WDC,0,548.56,HOLD,520.4,546.95,284.844,75.79,RED,3,62,1,BREAKOUT,0,1,0,0,69,STARTER,1,,F:3/3,,shadow-screen,,RED,
2026-08-05,WFC,0,88.39,ACCUMULATE,85.34,89.69,87.0812,89.81,RED,3,5,1,BREAKOUT,0,0,0,1,52,fails,0,G3 leader,F:1/2,,shadow-screen,,NEUTRAL,
2026-08-05,WMT,0,111.55,CAUTION,108.53,114.06,118.748,25.25,WHITE,0,5,0,BREAKDOWN,0,0,0,1,13,fails,0,G2 trend;G3 leader;G4 basis,F:2/3,,shadow-screen,,NEUTRAL,
2026-08-05,XOM,0,153.96,ACCUMULATE,151.06,158.76,151.03,75.07,RED,3,4,1,BREAKOUT,1,0,1,1,58,fails,0,G3 leader,F:—,,shadow-screen,,RED,
2026-08-05,ZETA,0,24.26,ACCUMULATE,23.09,24.27,18.4446,96.88,RED,4,11,1,,0,0,0,1,75,CONVICTION,1,,F:2/2,,shadow-screen,,RED,
2026-08-05,ZS,0,163.22,CAUTION,160.52,168.7,146.806,77.18,WHITE,0,35,0,,0,0,1,0,30,fails,0,G2 trend;G3 leader,F:3/3,,owner-request,,RED,
2026-08-06,0700,0,484.2,CAUTION,457.38,480.71,466.711,62.29,WHITE,0,25,0,,0,0,0,0,15,fails,0,G1 size;G2 trend;G3 leader,F:—,,owner-request,,RED,
2026-08-06,1810,0,26.9,CAUTION,25.29,26.58,28.0161,25.39,WHITE,0,43,0,BREAKDOWN,0,0,0,0,5,fails,0,G1 size;G2 trend;G3 leader;G4 basis,F:—,,owner-request,,YELLOW,
2026-08-06,3690,0,92.4,CAUTION,89.87,94.45,77.8804,72.64,WHITE,1,68,1,,0,0,0,1,29,fails,0,G2 trend;G3 leader,F:—,,owner-request,,RED,
2026-08-06,9992,1,155.9,CAUTION,151.17,158.89,154.259,23,WHITE,0,23,0,INSIDE,0,0,0,0,23,fails,0,G2 trend;G3 leader,F:—,,holding,,YELLOW,
2026-08-06,AAL,0,16.58,ACCUMULATE,16.19,17.02,15.1365,81.79,RED,3,11,1,BREAKOUT,1,1,0,1,63,STARTER,1,,F:2/3,,shadow-screen,,RED,
2026-08-06,AAOI,0,128.56,ACCUMULATE,127.55,134.06,97.2584,49.91,RED,3,1,1,BREAKDOWN,0,0,0,1,72,STARTER,1,,F:1/3,,shadow-screen,,RED,
2026-08-06,AAPL,1,311,ACCUMULATE,304.38,319.91,310.592,81.16,RED,4,19,1,INSIDE,1,1,1,1,60,fails,0,G1 size,F:2/3,11,holding,1,YELLOW,13
2026-08-06,ABBV,0,246.2,HOLD,228.4,240.06,249.255,71.97,RED,4,9,1,BREAKDOWN,0,0,0,0,47,fails,0,G3 leader;G4 basis,F:2/3,,shadow-screen,,YELLOW,
2026-08-06,ABT,0,105.71,CAUTION,103.35,108.63,88.7909,69.59,WHITE,1,41,1,,0,0,0,1,37,fails,0,G2 trend;G3 leader,F:2/2,,shadow-screen,,RED,
2026-08-06,ACN,0,170.73,CAUTION,163.44,171.78,126.877,52.14,WHITE,0,28,0,BREAKDOWN,1,0,1,1,22,fails,0,G2 trend;G3 leader,F:1/2,,shadow-screen,,RED,
2026-08-06,ADBE,0,259.32,CAUTION,246.64,259.23,251.675,71.48,WHITE,1,87,0,,0,0,0,0,27,fails,0,G2 trend;G3 leader,F:3/3,,owner-request,,RED,
2026-08-06,ADI,0,377.69,ACCUMULATE,369.38,388.22,392.536,50.24,RED,3,39,1,BREAKOUT,0,0,0,1,57,fails,0,G4 basis,F:3/3,,shadow-screen,,RED,
2026-08-06,ALAB,0,318.43,HOLD,207.63,218.22,123.076,65.06,RED,3,16,1,,0,0,0,0,78,CONVICTION,1,,F:3/3,,owner-request,,RED,
2026-08-06,AMAT,0,534.24,HOLD,432.78,454.86,541.891,65.27,RED,3,47,1,BREAKOUT,0,0,0,0,64,fails,0,G4 basis,F:2/3,,owner-request,,NEUTRAL,
2026-08-06,AMD,1,482.05,HOLD,246.15,258.71,215.827,70.21,RED,3,21,1,BREAKOUT,0,0,0,0,65,fails,0,G1 size,F:3/3,,holding,,YELLOW,
2026-08-06,AMZN,0,272.65,ACCUMULATE,262.13,275.5,229.756,94.02,RED,4,2,1,INSIDE,0,1,0,1,45,fails,0,G1 size;G3 leader,F:3/3,13,owner-request,6,RED,14
2026-08-06,ANET,0,197.31,HOLD,181.3,190.55,143.067,97.78,RED,4,17,1,BREAKOUT,0,0,0,0,67,STARTER,1,,F:3/3,,owner-request,,RED,
2026-08-06,APH,0,172.24,ACCUMULATE,168.32,176.9,147.137,98.51,RED,4,11,1,BREAKOUT,0,0,0,1,67,STARTER,1,,F:3/3,,shadow-screen,,RED,
2026-08-06,APP,0,417.8,CAUTION,402.91,423.46,466.365,28.87,WHITE,0,4,0,BREAKDOWN,1,1,0,1,13,fails,0,G2 trend;G3 leader;G4 basis,F:2/2,,owner-request,,RED,
2026-08-06,ARM,0,274.58,HOLD,252.9,265.8,210.673,60.05,RED,3,18,1,,0,0,0,0,73,STARTER,1,,F:3/3,,owner-request,,RED,
2026-08-06,ASML,0,1678.22,ACCUMULATE,1619.1,1701.7,1788.54,61.39,RED,3,51,1,,1,1,0,1,64,fails,0,G4 basis,F:1/1,4,owner-request,3,NEUTRAL,10
2026-08-06,ASTS,0,68.38,CAUTION,56.32,59.2,86.0499,24.2,WHITE,0,4,0,BREAKDOWN,0,0,0,0,17,fails,0,G2 trend;G3 leader;G4 basis,F:0/2,,owner-request,,RED,
2026-08-06,AVGO,0,418.28,ACCUMULATE,409.18,430.05,379.737,89.37,RED,3,5,1,BREAKOUT,0,0,0,1,45,fails,0,G1 size;G3 leader,F:3/3,,shadow-screen,,RED,
2026-08-06,AXON,0,609.49,ACCUMULATE,589.34,619.41,393.819,89.76,RED,3,1,1,,0,0,0,1,60,fails,0,G3 leader,F:3/3,17,owner-request,16,RED,6
2026-08-06,AXP,0,348.99,ACCUMULATE,334.64,351.72,341.473,78.69,RED,3,2,1,BREAKOUT,0,1,0,1,52,fails,0,G3 leader,F:2/3,,shadow-screen,,NEUTRAL,
2026-08-06,AXTI,0,68.61,HOLD,63.16,66.39,64.4517,61.59,RED,3,1,1,,0,0,1,0,72,STARTER,1,,F:0/3,,shadow-screen,,RED,
2026-08-06,AZO,0,3066.06,CAUTION,3016.37,3170.26,3077.93,26.7,WHITE,0,25,0,BREAKDOWN,0,0,1,0,20,fails,0,G2 trend;G3 leader;G4 basis,F:2/3,,shadow-screen,,RED,
2026-08-06,BA,0,240.19,HOLD,223.7,235.11,217.965,94.35,RED,3,1,1,BREAKOUT,0,1,0,0,57,fails,0,G3 leader,F:2/3,,shadow-screen,,RED,
2026-08-06,BAC,0,63.25,ACCUMULATE,60.24,63.32,52.1444,99.67,RED,4,10,1,INSIDE,0,0,0,1,58,fails,0,G3 leader,F:2/3,,shadow-screen,,NEUTRAL,
2026-08-06,BE,0,234.33,ACCUMULATE,225.25,236.74,278.421,62.9,RED,3,2,1,INSIDE,1,1,0,1,69,fails,0,G4 basis,F:0/1,,shadow-screen,,RED,
2026-08-06,BKNG,0,207.02,ACCUMULATE,200.63,210.86,168.127,90.49,RED,3,1,1,BREAKOUT,0,0,0,1,52,fails,0,G3 leader,F:2/3,,shadow-screen,,RED,
2026-08-06,BSX,0,47.74,BOTTOMING,47.36,49.78,44.6055,40.82,WHITE,0,36,0,BREAKOUT,1,1,0,1,32,fails,0,G2 trend;G3 leader,F:3/3,,shadow-screen,,RED,
2026-08-06,C,0,137.64,HOLD,130.21,136.85,132.864,80.67,RED,3,21,1,BREAKOUT,0,0,0,0,58,fails,1,,F:2/3,,shadow-screen,,RED,
2026-08-06,CAT,0,871.08,HOLD,802.25,843.18,887.084,51.51,RED,3,59,1,BREAKOUT,0,0,0,0,58,fails,0,G4 basis,F:2/3,,shadow-screen,,NEUTRAL,
2026-08-06,CAVA,0,66.17,CAUTION,63.01,66.23,64.2976,28.98,WHITE,1,3,0,,1,1,0,1,30,fails,0,G2 trend;G3 leader,F:3/3,,owner-request,,RED,
2026-08-06,CBRS,0,214.3,CAUTION,200.88,211.13,220.012,48.74,WHITE,0,13,0,,0,0,0,0,22,fails,0,G2 trend;G3 leader;G4 basis;G5 data,F:—,,shadow-screen,,RED,
2026-08-06,CDE,0,17.43,CAUTION,17.01,17.88,16.2809,55.23,WHITE,1,10,1,INSIDE,0,0,0,1,55,fails,0,G2 trend,F:2/3,,owner-request,,RED,
2026-08-06,CEG,0,265.12,BOTTOMING,246.85,259.45,270.626,31.48,WHITE,0,28,0,BREAKOUT,0,0,0,0,27,fails,0,G2 trend;G3 leader;G4 basis,F:2/3,,shadow-screen,,NEUTRAL,
2026-08-06,CIEN,0,408.83,ACCUMULATE,397.22,417.49,440.28,49.58,RED,3,1,1,BREAKDOWN,1,1,0,1,67,fails,0,G4 basis,F:3/3,,shadow-screen,,RED,
2026-08-06,COHR,0,328.22,HOLD,311.26,327.14,248.659,64.05,RED,3,1,1,BREAKDOWN,1,1,1,0,72,STARTER,1,,F:2/3,,shadow-screen,,RED,
2026-08-06,COIN,0,149.89,CAUTION,147.31,154.83,164.086,5.67,WHITE,0,36,0,BREAKDOWN,0,0,0,1,17,fails,0,G2 trend;G3 leader;G4 basis,F:1/2,,shadow-screen,,YELLOW,
2026-08-06,COST,0,941.99,BOTTOMING,908.34,954.68,955.627,29.72,WHITE,1,5,0,BREAKOUT,0,0,0,1,23,fails,0,G2 trend;G3 leader;G4 basis,F:2/3,,owner-request,,NEUTRAL,
2026-08-06,CRCL,0,63.28,CAUTION,62.12,65.29,63.3924,10.43,WHITE,0,9,0,BREAKDOWN,1,1,0,1,22,fails,0,G2 trend;G3 leader;G4 basis,F:2/2,,shadow-screen,,RED,
2026-08-06,CRDO,0,224.63,ACCUMULATE,215.09,226.07,247.119,66.99,RED,3,16,1,,0,0,0,1,72,fails,0,G4 basis,F:3/3,6,owner-request,10,RED,4
2026-08-06,CRM,0,192.98,CAUTION,188.22,197.82,183.972,74.32,WHITE,1,73,0,,0,0,0,1,23,fails,0,G2 trend;G3 leader,F:2/3,,owner-request,,RED,
2026-08-06,CRWD,0,209.86,HOLD,185.31,194.76,102.395,98.5,RED,4,13,1,BREAKOUT,0,0,0,0,68,STARTER,1,,F:2/2,,owner-request,,RED,
2026-08-06,CRWV,0,89.89,CAUTION,88.62,93.15,77.6419,41.94,WHITE,0,4,0,BREAKDOWN,0,0,0,1,23,fails,0,G2 trend;G3 leader,F:2/2,,shadow-screen,,RED,
2026-08-06,CSCO,0,121.5,ACCUMULATE,116.9,122.86,77.9846,93.44,RED,3,67,1,,0,0,1,0,73,STARTER,1,,F:2/3,,shadow-screen,,RED,
2026-08-06,CSPX,1,829.27,HOLD,788.92,829.17,805.023,99.57,RED,3,18,1,BREAKOUT,0,0,0,0,55,fails,0,G3 leader,F:—,,holding,,RED,
2026-08-06,CVX,0,186.41,ACCUMULATE,178.07,187.16,189.832,56.24,RED,3,4,1,INSIDE,0,0,0,0,47,fails,0,G3 leader;G4 basis,F:1/3,,shadow-screen,,YELLOW,
2026-08-06,D05,0,75.79,ACCUMULATE,72.47,76.17,57.528,100,RED,4,68,1,BREAKOUT,0,0,0,1,75,CONVICTION,1,,F:—,10,owner-request,11,NEUTRAL,7
2026-08-06,DDOG,1,283.17,HOLD,257.58,270.72,125.934,98.52,RED,4,14,1,BREAKOUT,0,0,0,0,72,STARTER,1,,F:2/2,,holding,,RED,
2026-08-06,DELL,0,462.7,HOLD,437.16,459.46,117.8,98.56,RED,4,23,1,BREAKOUT,0,0,0,0,73,STARTER,1,,F:2/2,,shadow-screen,,RED,
2026-08-06,DRAM,1,53.74,CAUTION,52.89,55.59,53.97,34.3,AMBER,2,3,0,,1,1,0,1,34,fails,0,G2 trend;G4 basis;G5 data,F:—,,holding,,RED,
2026-08-06,DUOL,0,135.32,CAUTION,128.52,135.08,98.8507,75.25,WHITE,0,52,0,,0,0,0,0,30,fails,0,G2 trend;G3 leader,F:2/2,,owner-request,,RED,
2026-08-06,ETHA,0,14.48,CAUTION,13.83,14.53,14.1087,32.81,WHITE,0,36,0,BREAKDOWN,1,0,1,1,30,fails,0,G2 trend;G3 leader,F:0/2,,owner-request,,RED,
2026-08-06,ETN,0,447.28,ACCUMULATE,437.67,460,405.229,99.29,RED,4,22,1,,0,0,0,0,62,fails,0,G3 leader,F:3/3,,shadow-screen,,RED,
2026-08-06,FCX,0,69.39,ACCUMULATE,68.31,71.8,62.1905,94.45,RED,3,3,1,INSIDE,0,1,0,1,72,STARTER,1,,F:2/3,,shadow-screen,,RED,
2026-08-06,GE,0,381.22,ACCUMULATE,366.89,385.61,284.691,99.56,RED,4,11,1,BREAKOUT,0,1,0,1,72,fails,0,G3 leader,F:3/3,,shadow-screen,,RED,
2026-08-06,GEV,0,1017.96,ACCUMULATE,991.05,1041.62,1065.33,64.54,RED,3,70,1,BREAKOUT,1,1,0,1,68,fails,0,G4 basis,F:2/3,,shadow-screen,,NEUTRAL,
2026-08-06,GLW,0,156.7,ACCUMULATE,154.61,162.5,188.579,44.04,RED,3,1,1,BREAKDOWN,1,1,0,1,63,fails,0,G4 basis,F:1/1,,shadow-screen,,RED,
2026-08-06,GOOG,1,360.13,ACCUMULATE,353.12,371.14,360.33,72.83,RED,3,2,1,,0,0,0,0,50,fails,0,G1 size;G4 basis,F:2/2,7,holding,17,RED,16
2026-08-06,GOOGL,0,362.43,ACCUMULATE,356.61,374.8,363.885,74.6,RED,3,2,1,,1,0,1,1,50,fails,0,G1 size;G4 basis,F:2/2,,shadow-screen,,RED,
2026-08-06,GRAB,0,3.74,BOTTOMING,3.55,3.73,3.6237,45.65,WHITE,0,31,0,BREAKOUT,1,1,1,0,25,fails,0,G2 trend;G3 leader,F:2/2,,owner-request,,RED,
2026-08-06,GS,0,1060.38,ACCUMULATE,1027.16,1079.57,931.302,80.3,RED,3,19,1,BREAKOUT,0,0,0,1,63,STARTER,1,,F:2/2,,shadow-screen,,NEUTRAL,
2026-08-06,HD,0,353.14,CAUTION,341.33,358.75,333.725,76,WHITE,1,23,1,INSIDE,0,1,0,1,42,fails,0,G2 trend;G3 leader,F:2/3,,shadow-screen,,RED,
2026-08-06,HIMS,0,31.65,HOLD,28.77,30.24,29.3603,65.05,RED,3,1,1,BREAKDOWN,0,0,0,0,55,fails,0,G3 leader,F:2/2,,owner-request,,NEUTRAL,
2026-08-06,HON,0,248.12,HOLD,235.95,247.99,224.045,92.07,RED,4,3,1,,0,0,0,0,47,fails,0,G3 leader,F:2/3,,shadow-screen,,RED,
2026-08-06,HOOD,0,92.8,PULLBACK,86.53,90.95,76.046,54.76,AMBER,2,2,1,BREAKOUT,0,0,0,0,28,fails,0,G2 trend;G3 leader,F:2/2,,owner-request,,YELLOW,
2026-08-06,IBIT,0,36.74,CAUTION,35.2,37,35.9225,27.39,WHITE,0,38,0,BREAKDOWN,1,0,1,1,27,fails,0,G2 trend;G3 leader,F:0/2,,owner-request,,RED,
2026-08-06,IBM,0,235.92,CAUTION,232.39,244.24,222.602,42.65,WHITE,0,4,0,,1,1,0,1,14,fails,0,G2 trend;G3 leader,F:2/3,,shadow-screen,,RED,
2026-08-06,ICE,0,149.84,CAUTION,145.66,153.09,155.347,45.65,WHITE,0,26,0,INSIDE,0,0,0,1,22,fails,0,G2 trend;G3 leader;G4 basis,F:2/3,,owner-request,,RED,
2026-08-06,INTC,0,101.06,ACCUMULATE,97.25,102.21,45.2035,57.79,RED,3,51,1,,0,0,0,1,65,fails,0,G1 size,F:1/3,2,owner-request,8,RED,3
2026-08-06,INTU,0,327.94,CAUTION,305.04,320.6,311.263,57.85,WHITE,0,44,0,,0,0,1,0,22,fails,0,G2 trend;G3 leader,F:3/3,,shadow-screen,,RED,
2026-08-06,IONQ,0,39.93,BOTTOMING,34.63,36.4,35.34,30.5,WHITE,0,4,0,BREAKOUT,0,0,0,0,32,fails,0,G2 trend;G3 leader,F:1/3,,shadow-screen,,RED,
2026-08-06,IOT,0,38.73,HOLD,36.42,38.28,37.1655,90.3,RED,4,2,1,,0,0,0,0,55,fails,0,G3 leader,F:2/2,,owner-request,,RED,
2026-08-06,IREN,0,38.89,CAUTION,32.9,34.58,41.7894,22.43,WHITE,0,4,0,BREAKDOWN,0,0,0,0,33,fails,0,G2 trend;G4 basis,F:2/2,,shadow-screen,,RED,
2026-08-06,ISRG,0,375.2,CAUTION,359.81,378.17,403.484,24.95,WHITE,0,27,0,,1,1,0,1,13,fails,0,G2 trend;G3 leader;G4 basis,F:3/3,,shadow-screen,,RED,
2026-08-06,JNJ,0,257.59,ACCUMULATE,249.12,261.83,229.601,90.6,RED,4,56,1,BREAKOUT,0,0,0,1,63,STARTER,1,,F:2/3,,shadow-screen,,NEUTRAL,
2026-08-06,JPM,0,359.24,HOLD,339.71,357.04,311.747,99.01,RED,4,10,1,INSIDE,0,0,0,0,53,fails,0,G3 leader,F:2/3,,owner-request,,RED,
2026-08-06,KLAC,0,192.8,ACCUMULATE,187.08,196.63,181.489,57.15,RED,3,1,1,BREAKOUT,0,0,0,1,63,STARTER,1,,F:3/3,5,owner-request,9,YELLOW,5
2026-08-06,KO,0,86.83,HOLD,79.62,83.68,79.273,93.39,RED,4,31,1,BREAKOUT,0,0,0,0,52,fails,0,G3 leader,F:—,,shadow-screen,,RED,
2026-08-06,LIN,0,491.05,PULLBACK,470.73,494.75,513.674,38.33,AMBER,2,2,1,,1,1,0,1,27,fails,0,G2 trend;G3 leader;G4 basis,F:2/3,,shadow-screen,,YELLOW,
2026-08-06,LITE,0,826.26,HOLD,768.04,807.22,862.485,57.15,RED,3,62,1,BREAKOUT,0,0,1,0,69,fails,0,G4 basis,F:2/3,,shadow-screen,,RED,
2026-08-06,LLY,0,1169.86,ACCUMULATE,1136.2,1194.17,1159.39,85.78,RED,4,13,1,BREAKDOWN,0,0,0,1,59,fails,1,,F:3/3,12,owner-request,12,NEUTRAL,11
2026-08-06,LRCX,0,307.42,HOLD,291.27,306.13,317.64,58.97,RED,3,62,1,BREAKOUT,0,1,0,0,59,fails,0,G4 basis,F:3/3,,owner-request,,RED,
2026-08-06,MA,0,570.48,ACCUMULATE,559.22,587.75,494.824,89.99,RED,3,2,1,BREAKOUT,0,0,0,1,48,fails,0,G3 leader,F:3/3,16,owner-request,15,RED,17
2026-08-06,MCD,0,274,CAUTION,269.56,283.31,268.859,28.34,WHITE,0,19,0,,0,1,0,1,22,fails,0,G2 trend;G3 leader,F:2/3,,shadow-screen,,RED,
2026-08-06,MCHP,0,77.79,PULLBACK,73.02,76.74,90.0586,39.1,AMBER,2,4,1,,0,0,0,0,27,fails,0,G2 trend;G3 leader;G4 basis,F:2/3,,shadow-screen,,NEUTRAL,
2026-08-06,MDB,0,376.36,ACCUMULATE,372.04,391.02,322.776,88.77,RED,3,2,1,BREAKOUT,1,0,1,1,75,CONVICTION,1,,F:3/3,9,owner-request,5,RED,15
2026-08-06,META,0,588.77,CAUTION,557.67,586.12,610.358,25.96,WHITE,0,39,0,BREAKDOWN,1,1,1,0,5,fails,0,G1 size;G2 trend;G3 leader;G4 basis,F:2/2,,owner-request,,YELLOW,
2026-08-06,MPWR,0,1345.45,ACCUMULATE,1316.47,1383.64,1343.34,52.82,RED,3,60,1,INSIDE,0,0,0,1,67,STARTER,1,,F:3/3,,shadow-screen,,RED,
2026-08-06,MRK,0,128.33,ACCUMULATE,125.8,132.22,120.881,88.35,RED,4,40,1,,0,0,0,1,67,STARTER,1,,F:2/3,,shadow-screen,,YELLOW,
2026-08-06,MRVL,0,211.02,ACCUMULATE,201.15,211.42,89.2744,54.17,RED,3,24,1,,1,0,1,1,69,STARTER,1,,F:3/3,3,owner-request,2,RED,1
2026-08-06,MS,0,218.27,ACCUMULATE,210.98,221.75,215.288,84.8,RED,4,19,1,BREAKOUT,0,0,0,1,67,STARTER,1,,F:2/3,,shadow-screen,,NEUTRAL,
2026-08-06,MSFT,0,487.46,PULLBACK,475.91,500.19,394.416,91.63,AMBER,2,1,1,,0,0,0,1,25,fails,0,G1 size;G2 trend;G3 leader,F:3/3,,owner-request,,RED,
2026-08-06,MSTR,0,98.37,CAUTION,93.03,97.77,94.9249,20.71,WHITE,0,44,0,BREAKDOWN,0,0,0,0,22,fails,0,G2 trend;G3 leader,F:0/2,,shadow-screen,,RED,
2026-08-06,MU,1,893.19,ACCUMULATE,860.39,904.29,928.221,61.72,RED,3,61,1,,0,0,0,1,65,fails,0,G1 size;G4 basis,F:3/3,1,holding,7,NEUTRAL,2
2026-08-06,NBIS,1,218.99,HOLD,197.01,207.06,222.464,75.9,RED,3,27,1,BREAKOUT,0,1,0,0,69,fails,0,G4 basis,F:2/2,,holding,,RED,
2026-08-06,NEE,0,85.91,CAUTION,78.87,82.89,87.785,28.59,AMBER,2,2,0,BREAKDOWN,0,0,1,0,17,fails,0,G2 trend;G3 leader;G4 basis,F:2/3,,shadow-screen,,YELLOW,
2026-08-06,NET,0,292.96,HOLD,265.02,278.54,210.214,98.53,RED,4,17,1,BREAKOUT,0,0,0,0,67,fails,0,G3 leader,F:2/2,,owner-request,,RED,
2026-08-06,NFLX,0,74.2,CAUTION,72.25,75.93,73.72,26.68,WHITE,0,38,0,BREAKDOWN,1,1,0,1,14,fails,0,G2 trend;G3 leader,F:2/3,,owner-request,,RED,
2026-08-06,NKE,0,42.45,CAUTION,42.04,44.18,42.8979,20.51,WHITE,0,44,0,BREAKDOWN,0,0,0,1,17,fails,0,G2 trend;G3 leader;G4 basis,F:2/3,,shadow-screen,,NEUTRAL,
2026-08-06,NOW,0,117.22,CAUTION,113.17,118.94,102.561,80.83,WHITE,1,54,0,,0,0,0,1,23,fails,0,G2 trend;G3 leader,F:2/3,,shadow-screen,,RED,
2026-08-06,NVDA,1,219.22,ACCUMULATE,214.3,225.23,209.265,93.05,RED,3,6,1,BREAKOUT,0,0,0,1,40,fails,0,G1 size;G3 leader,F:3/3,15,holding,14,RED,9
2026-08-06,NVO,0,44.53,CAUTION,43.19,45.39,47.8359,38.34,WHITE,0,2,0,BREAKDOWN,1,1,0,1,17,fails,0,G2 trend;G3 leader;G4 basis,F:—,,owner-request,,YELLOW,
2026-08-06,NXPI,0,231.15,CAUTION,221.96,233.28,294.045,28.65,AMBER,2,2,0,,0,0,0,1,17,fails,0,G2 trend;G3 leader;G4 basis,F:1/2,,shadow-screen,,YELLOW,
2026-08-06,ON,0,76.91,BOTTOMING,59.69,62.73,93.8008,32.46,AMBER,2,2,0,BREAKOUT,0,0,0,0,32,fails,0,G2 trend;G4 basis,F:2/3,,shadow-screen,,YELLOW,
2026-08-06,ONON,0,38.19,BOTTOMING,37.16,39.06,37.9221,56.12,WHITE,0,23,0,BREAKOUT,0,0,0,1,25,fails,0,G2 trend;G3 leader,F:1/1,,owner-request,,RED,
2026-08-06,ORCL,0,144.39,CAUTION,139.85,146.98,142.7,32.15,WHITE,0,7,0,BREAKDOWN,1,1,0,1,14,fails,0,G2 trend;G3 leader,F:3/3,,owner-request,,RED,
2026-08-06,PANW,0,362.66,HOLD,344.83,362.42,166.801,98.88,RED,4,13,1,,0,0,0,0,68,STARTER,1,,F:2/3,,owner-request,,RED,
2026-08-06,PEP,0,138.78,CAUTION,136.08,143.02,142.322,17.91,WHITE,0,11,0,INSIDE,0,0,0,1,22,fails,0,G2 trend;G3 leader;G4 basis,F:2/3,,shadow-screen,,NEUTRAL,
2026-08-06,PFE,0,25.81,CAUTION,24.67,25.92,25.169,58.17,WHITE,1,8,1,BREAKDOWN,0,0,0,1,32,fails,0,G2 trend;G3 leader,F:2/3,,shadow-screen,,RED,
2026-08-06,PG,0,146.8,CAUTION,143.76,151.09,143.781,45.71,WHITE,1,3,0,,0,1,0,1,22,fails,0,G2 trend;G3 leader,F:2/3,,shadow-screen,,NEUTRAL,
2026-08-06,PLTR,1,158.43,CAUTION,149.86,157.51,134.44,81.72,WHITE,1,26,1,,0,0,0,0,25,fails,0,G1 size;G2 trend;G3 leader,F:2/2,,holding,,RED,
2026-08-06,QCOM,0,157.53,CAUTION,146.67,154.16,131.179,25.85,WHITE,1,2,0,BREAKDOWN,0,0,0,0,18,fails,0,G2 trend;G3 leader,F:3/3,,owner-request,,YELLOW,
2026-08-06,QQQ,0,717.3,ACCUMULATE,703.4,739.28,602.393,80.95,RED,3,18,1,BREAKDOWN,0,1,0,0,45,fails,0,G1 size;G3 leader,F:—,14,owner-request,13,RED,12
2026-08-06,RBLX,0,36.19,CAUTION,36.49,38.35,46.9007,4.91,WHITE,0,35,0,BREAKDOWN,0,0,0,1,17,fails,0,G2 trend;G3 leader;G4 basis,F:2/2,,owner-request,,YELLOW,
2026-08-06,RDDT,0,155.26,CAUTION,153.94,161.79,142.753,39.35,WHITE,0,2,0,BREAKDOWN,0,0,0,1,27,fails,0,G2 trend;G3 leader,F:2/2,,shadow-screen,,YELLOW,
2026-08-06,RKLB,0,74.82,CAUTION,66.65,70.05,68.0144,43.56,WHITE,0,2,0,BREAKDOWN,0,0,0,0,32,fails,0,G2 trend,F:1/3,,owner-request,,RED,
2026-08-06,RTX,0,222.31,ACCUMULATE,212.69,223.54,196.463,100,RED,4,8,1,BREAKOUT,0,0,0,1,67,STARTER,1,,F:2/3,,shadow-screen,,RED,
2026-08-06,SCHW,0,108.02,HOLD,99.89,104.99,92.3976,99.84,RED,4,5,1,INSIDE,0,0,0,0,52,fails,0,G3 leader,F:3/3,,shadow-screen,,RED,
2026-08-06,SE,0,114.91,BOTTOMING,104.12,109.44,89.3319,78.08,WHITE,1,38,1,BREAKOUT,0,0,0,0,50,fails,0,G2 trend;G3 leader,F:2/2,,owner-request,,RED,
2026-08-06,SHOP,0,144.24,BOTTOMING,133.87,140.7,119.427,85.73,WHITE,1,26,1,BREAKOUT,0,0,0,0,37,fails,0,G2 trend;G3 leader,F:2/2,,owner-request,,RED,
2026-08-06,SMCI,0,30.32,BOTTOMING,30.18,31.72,30.7939,43.67,WHITE,0,8,0,BREAKOUT,0,0,0,1,27,fails,0,G2 trend;G3 leader;G4 basis,F:3/3,,shadow-screen,,RED,
2026-08-06,SNDK,0,1350.5,HOLD,1081.82,1137.01,638.592,58.51,RED,3,60,1,BREAKOUT,0,0,0,0,65,fails,0,G1 size,F:3/3,,shadow-screen,,NEUTRAL,
2026-08-06,SNOW,0,316.84,HOLD,261.89,275.25,237.448,99.11,RED,4,9,1,BREAKOUT,0,0,0,0,77,CONVICTION,1,,F:3/3,,owner-request,,RED,
2026-08-06,SOFI,0,18.25,BOTTOMING,18,18.92,17.4166,63.86,WHITE,0,25,0,BREAKOUT,0,0,0,1,27,fails,0,G2 trend;G3 leader,F:2/3,,owner-request,,RED,
2026-08-06,SPCX,0,108.27,CAUTION,,,112.381,0.97,WHITE,0,5,0,,0,0,0,0,10,fails,0,G1 size;G2 trend;G3 leader;G4 basis;G5 data,F:—,,owner-request,,NEUTRAL,
2026-08-06,STX,0,837.66,HOLD,794.94,835.5,866.044,64,RED,3,64,1,BREAKOUT,1,1,1,0,64,fails,0,G4 basis,F:3/3,,shadow-screen,,RED,
2026-08-06,T,0,23.06,CAUTION,22.71,23.87,23.1778,39.43,WHITE,0,16,0,BREAKDOWN,1,0,1,1,13,fails,0,G2 trend;G3 leader;G4 basis,F:2/3,,shadow-screen,,NEUTRAL,
2026-08-06,TER,0,389.39,HOLD,352.32,370.29,359.509,77.06,RED,3,52,1,BREAKOUT,0,1,0,0,77,CONVICTION,1,,F:2/3,,shadow-screen,,RED,
2026-08-06,TMDX,0,76.49,BOTTOMING,73.36,77.1,74.8559,53.78,WHITE,0,20,0,BREAKOUT,1,1,1,1,35,fails,0,G2 trend;G3 leader,F:3/3,,owner-request,,NEUTRAL,
2026-08-06,TMO,0,577.83,ACCUMULATE,566.35,595.25,472.719,87.87,RED,3,3,1,BREAKOUT,0,0,0,1,52,fails,0,G3 leader,F:2/3,,shadow-screen,,RED,
2026-08-06,TMUS,0,173.46,CAUTION,,,180.98,4.46,WHITE,0,47,0,,0,0,0,0,17,fails,0,G2 trend;G3 leader;G4 basis,F:2/3,,shadow-screen,,YELLOW,
2026-08-06,TOST,0,34.8,HOLD,32.28,33.93,28.1072,86.3,RED,3,1,1,BREAKOUT,0,0,0,0,55,fails,0,G3 leader,F:2/2,,owner-request,,RED,
2026-08-06,TSLA,1,321.55,CAUTION,302.42,317.85,397.921,11.71,WHITE,0,7,0,BREAKDOWN,0,0,0,0,5,fails,0,G1 size;G2 trend;G3 leader;G4 basis,F:1/3,,holding,,YELLOW,
2026-08-06,TSM,1,414,ACCUMULATE,395.75,415.94,417.813,65.73,RED,3,62,1,,1,1,0,1,60,fails,0,G1 size;G4 basis,F:3/3,8,holding,4,RED,8
2026-08-06,TXN,0,277.72,HOLD,215.34,226.32,279.718,46.22,RED,3,18,1,,0,1,0,0,53,fails,0,G4 basis,F:3/3,,shadow-screen,,YELLOW,
2026-08-06,UBER,0,68.18,CAUTION,59.39,62.42,73.5988,6.28,WHITE,0,34,0,BREAKDOWN,0,1,0,0,17,fails,0,G2 trend;G3 leader;G4 basis,F:3/3,,owner-request,,YELLOW,
2026-08-06,UNH,0,412.75,ACCUMULATE,399.75,420.14,424.412,79.46,RED,4,14,1,BREAKOUT,0,0,0,1,78,fails,0,G4 basis,F:3/3,,shadow-screen,,YELLOW,
2026-08-06,V,0,368.54,HOLD,349.13,366.94,329.468,98.1,RED,4,6,1,,0,0,0,0,43,fails,0,G3 leader,F:0/1,,owner-request,,NEUTRAL,
2026-08-06,VRT,0,277.94,HOLD,258.36,271.54,307.051,54.84,RED,3,1,1,,0,1,0,0,53,fails,0,G4 basis,F:3/3,,owner-request,,NEUTRAL,
2026-08-06,VZ,0,46.47,ACCUMULATE,45.39,47.71,47.4048,59.4,RED,3,1,1,BREAKDOWN,0,0,0,1,42,fails,0,G3 leader;G4 basis,F:2/3,,shadow-screen,,RED,
2026-08-06,WDC,0,519.17,HOLD,463.26,486.9,537.498,65.95,RED,3,62,1,BREAKOUT,0,1,0,0,64,fails,0,G4 basis,F:3/3,,shadow-screen,,NEUTRAL,
2026-08-06,WFC,0,89.17,ACCUMULATE,85.34,89.69,87.0812,92.58,RED,3,5,1,INSIDE,0,0,0,1,57,fails,0,G3 leader,F:1/2,,shadow-screen,,RED,
2026-08-06,WMT,0,112.34,CAUTION,110.1,115.71,118.748,25.23,WHITE,0,5,0,BREAKDOWN,0,0,0,1,13,fails,0,G2 trend;G3 leader;G4 basis,F:2/3,,shadow-screen,,RED,
2026-08-06,XOM,0,151.63,ACCUMULATE,148.01,155.56,151.03,65.76,RED,3,4,1,BREAKOUT,1,0,1,1,68,STARTER,1,,F:—,,shadow-screen,,NEUTRAL,
2026-08-06,ZETA,0,27.07,HOLD,24.48,25.73,18.4446,98.77,RED,4,11,1,,0,0,0,0,70,STARTER,1,,F:2/2,,shadow-screen,,RED,
2026-08-06,ZS,0,161.65,CAUTION,160.52,168.7,146.806,76.81,WHITE,0,35,0,,1,0,1,1,30,fails,0,G2 trend;G3 leader,F:3/3,,owner-request,,RED,
2026-08-07,0700,0,478.2,CAUTION,457.38,480.71,466.711,55.71,WHITE,0,25,0,,0,0,0,1,10,fails,0,G1 size;G2 trend;G3 leader,F:—,,owner-request,,RED,
2026-08-07,1810,0,26.68,CAUTION,25.29,26.58,27.5733,22.78,WHITE,0,43,0,BREAKDOWN,0,0,0,0,5,fails,0,G1 size;G2 trend;G3 leader;G4 basis,F:—,,owner-request,,YELLOW,
2026-08-07,3690,0,92.35,CAUTION,89.87,94.45,77.8804,72.52,WHITE,1,68,1,,0,0,0,1,29,fails,0,G2 trend;G3 leader,F:—,,owner-request,,RED,
2026-08-07,9992,1,157.3,CAUTION,151.17,158.89,154.259,31.21,WHITE,0,23,0,INSIDE,0,0,0,0,23,fails,0,G2 trend;G3 leader,F:—,,holding,,YELLOW,
2026-08-07,AAL,0,16.03,ACCUMULATE,15.51,16.3,15.1365,73.67,RED,3,11,1,BREAKOUT,0,1,0,0,53,fails,0,G3 leader,F:2/3,,shadow-screen,,RED,
2026-08-07,AAOI,0,124.22,HOLD,112.38,118.11,97.2584,45.9,RED,3,1,1,BREAKDOWN,0,0,0,0,67,STARTER,1,,F:1/3,,shadow-screen,,RED,
2026-08-07,AAPL,1,312.41,ACCUMULATE,304.38,319.91,310.592,80.69,RED,4,19,1,INSIDE,1,1,1,1,60,fails,0,G1 size,F:2/3,16,holding,1,YELLOW,20
2026-08-07,ABBV,0,243.87,HOLD,228.4,240.06,249.255,69.6,RED,4,9,1,BREAKDOWN,0,0,0,0,47,fails,0,G3 leader;G4 basis,F:2/3,,shadow-screen,,YELLOW,
2026-08-07,ABT,0,107.96,CAUTION,105.83,111.23,88.7909,75.93,WHITE,1,41,1,,0,0,0,1,37,fails,0,G2 trend;G3 leader,F:2/2,,shadow-screen,,RED,
2026-08-07,ACN,0,171.11,CAUTION,163.44,171.78,126.877,52.46,WHITE,0,28,0,BREAKDOWN,1,0,1,1,22,fails,0,G2 trend;G3 leader,F:1/2,,shadow-screen,,RED,
2026-08-07,ADBE,0,260.24,CAUTION,246.64,259.23,251.675,75.8,WHITE,1,87,0,,0,0,1,0,27,fails,0,G2 trend;G3 leader,F:3/3,,owner-request,,RED,
2026-08-07,ADI,0,377.31,ACCUMULATE,369.38,388.22,392.536,50.23,RED,3,39,1,BREAKOUT,0,0,0,1,57,fails,0,G4 basis,F:3/3,,shadow-screen,,RED,
2026-08-07,ALAB,0,331.5,ACCUMULATE,317.35,333.54,123.076,69.26,RED,3,16,1,,0,0,0,1,83,CONVICTION,1,,F:3/3,8,owner-request,11,RED,6
2026-08-07,AMAT,0,527.48,HOLD,432.78,454.86,541.891,64.06,RED,3,47,1,BREAKOUT,0,0,0,0,64,fails,0,G4 basis,F:2/3,,owner-request,,RED,
2026-08-07,AMD,1,489.28,ACCUMULATE,479.95,504.44,215.827,71.49,RED,3,21,1,BREAKOUT,0,0,0,1,70,fails,0,G1 size,F:3/3,5,holding,10,YELLOW,3
2026-08-07,AMZN,0,272.26,ACCUMULATE,262.13,275.5,229.756,91.9,RED,4,2,1,INSIDE,0,1,0,1,45,fails,0,G1 size;G3 leader,F:3/3,18,owner-request,7,RED,18
2026-08-07,ANET,0,192.32,ACCUMULATE,187.67,197.24,143.099,96.38,RED,4,17,1,BREAKOUT,0,0,0,1,72,STARTER,1,,F:3/3,14,owner-request,15,RED,11
2026-08-07,APH,0,170.61,ACCUMULATE,168.32,176.9,147.137,97.34,RED,4,11,1,BREAKOUT,0,0,0,1,72,STARTER,1,,F:3/3,,shadow-screen,,RED,
2026-08-07,APP,0,335.67,CAUTION,,,466.365,3.18,WHITE,0,4,0,BREAKDOWN,0,1,0,0,13,fails,0,G2 trend;G3 leader;G4 basis,F:2/2,,owner-request,,YELLOW,
2026-08-07,ARM,0,286.68,ACCUMULATE,272.81,286.72,210.673,64.12,RED,3,18,1,,0,0,0,1,78,CONVICTION,1,,F:3/3,11,owner-request,14,RED,2
2026-08-07,ASML,0,1704.37,ACCUMULATE,1659.2,1743.85,1788.54,64.12,RED,3,51,1,,1,1,0,1,69,fails,0,G4 basis,F:1/1,7,owner-request,5,NEUTRAL,14
2026-08-07,ASTS,0,67.36,CAUTION,56.32,59.2,86.0499,22.38,WHITE,0,4,0,BREAKDOWN,0,0,0,0,17,fails,0,G2 trend;G3 leader;G4 basis,F:0/2,,owner-request,,RED,
2026-08-07,AVGO,0,420.565,ACCUMULATE,409.18,430.05,379.737,89.11,RED,3,5,1,BREAKOUT,0,0,0,1,55,fails,0,G1 size,F:3/3,,shadow-screen,,RED,
2026-08-07,AXON,0,522.46,CAUTION,517.17,543.56,393.819,60.58,RED,3,1,0,,0,0,0,1,40,fails,0,G2 trend;G3 leader,F:3/3,,owner-request,,NEUTRAL,
2026-08-07,AXP,0,342.6,ACCUMULATE,334.64,351.72,341.473,69.07,RED,3,2,1,BREAKOUT,1,1,1,1,52,fails,0,G3 leader,F:2/3,,shadow-screen,,YELLOW,
2026-08-07,AXTI,0,75.17,HOLD,63.16,66.39,64.4517,69.93,RED,3,1,1,,0,0,1,0,72,STARTER,1,,F:0/3,,shadow-screen,,RED,
2026-08-07,AZO,0,3069.62,CAUTION,3016.37,3170.26,3077.93,26.76,WHITE,0,25,0,INSIDE,0,0,1,0,25,fails,0,G2 trend;G3 leader;G4 basis,F:2/3,,shadow-screen,,RED,
2026-08-07,BA,0,232.19,PULLBACK,223.7,235.11,217.965,83.19,AMBER,2,1,1,BREAKOUT,0,1,0,0,47,fails,0,G2 trend;G3 leader,F:2/3,,shadow-screen,,RED,
2026-08-07,BAC,0,63,ACCUMULATE,61.89,65.05,52.1045,98.33,RED,4,10,1,INSIDE,0,0,0,1,58,fails,0,G3 leader,F:2/3,,shadow-screen,,NEUTRAL,
2026-08-07,BE,0,228.96,ACCUMULATE,225.25,236.74,278.421,59.56,RED,3,2,1,INSIDE,1,1,0,1,64,fails,0,G4 basis,F:0/1,,shadow-screen,,RED,
2026-08-07,BKNG,0,207.39,ACCUMULATE,203.39,213.76,168.127,89.66,RED,3,1,1,BREAKOUT,0,0,0,1,52,fails,0,G3 leader,F:2/3,,shadow-screen,,RED,
2026-08-07,BSX,0,49.3,BOTTOMING,47.36,49.78,44.6055,49.28,WHITE,0,36,0,BREAKOUT,1,1,0,1,32,fails,0,G2 trend;G3 leader,F:3/3,,shadow-screen,,RED,
2026-08-07,C,0,133.82,ACCUMULATE,130.21,136.85,132.864,75.21,RED,3,21,1,BREAKOUT,0,0,0,1,63,STARTER,1,,F:2/3,,shadow-screen,,NEUTRAL,
2026-08-07,CAT,0,856.96,HOLD,802.25,843.18,887.084,48.97,RED,3,59,1,BREAKOUT,0,0,0,0,58,fails,0,G4 basis,F:2/3,,shadow-screen,,RED,
2026-08-07,CAVA,0,62.23,CAUTION,61.84,65,63.1027,13.94,WHITE,1,3,0,,1,1,0,1,25,fails,0,G2 trend;G3 leader;G4 basis,F:3/3,,owner-request,,NEUTRAL,
2026-08-07,CBRS,0,211.3,CAUTION,200.88,211.13,220.012,46.23,WHITE,0,13,0,,0,0,0,0,22,fails,0,G2 trend;G3 leader;G4 basis;G5 data,F:—,,shadow-screen,,RED,
2026-08-07,CDE,0,15.65,CAUTION,14.69,15.44,16.2809,24.05,WHITE,0,10,0,BREAKDOWN,0,0,0,0,30,fails,0,G2 trend;G4 basis,F:2/3,,owner-request,,NEUTRAL,
2026-08-07,CEG,0,261.1,BOTTOMING,246.85,259.45,270.626,22.33,WHITE,0,28,0,BREAKOUT,0,0,0,0,27,fails,0,G2 trend;G3 leader;G4 basis,F:2/3,,shadow-screen,,NEUTRAL,
2026-08-07,CIEN,0,403.76,ACCUMULATE,397.22,417.49,440.28,47.53,RED,3,1,1,BREAKDOWN,1,1,0,1,67,fails,0,G4 basis,F:3/3,,shadow-screen,,RED,
2026-08-07,COHR,0,334.22,ACCUMULATE,328.15,344.89,248.659,65.45,RED,3,1,1,INSIDE,1,1,1,1,82,CONVICTION,1,,F:2/3,,shadow-screen,,RED,
2026-08-07,COIN,0,145.41,CAUTION,,,164.086,2.22,WHITE,0,36,0,BREAKDOWN,0,0,0,0,17,fails,0,G2 trend;G3 leader;G4 basis,F:1/2,,shadow-screen,,YELLOW,
2026-08-07,COST,0,949.15,BOTTOMING,908.34,954.68,955.627,35.11,WHITE,1,5,0,BREAKOUT,0,0,0,0,23,fails,0,G2 trend;G3 leader;G4 basis,F:2/3,,owner-request,,RED,
2026-08-07,CRCL,0,63.28,CAUTION,62.12,65.29,63.3924,10.86,WHITE,0,9,0,BREAKDOWN,1,1,0,1,22,fails,0,G2 trend;G3 leader;G4 basis,F:2/2,,shadow-screen,,RED,
2026-08-07,CRDO,0,230.43,HOLD,215.09,226.07,247.119,70.34,RED,3,16,1,,0,0,0,0,67,fails,0,G4 basis,F:3/3,,owner-request,,RED,
2026-08-07,CRM,0,186.77,CAUTION,182.27,191.57,185.994,64.46,WHITE,0,73,0,,0,0,0,1,23,fails,0,G2 trend;G3 leader,F:2/3,,owner-request,,RED,
2026-08-07,CRWD,0,207.39,HOLD,185.31,194.76,102.395,98.03,RED,4,13,1,BREAKOUT,0,0,0,0,68,STARTER,1,,F:2/2,,owner-request,,RED,
2026-08-07,CRWV,0,85.33,CAUTION,81.1,85.24,77.6419,35.14,WHITE,0,4,0,BREAKDOWN,0,0,0,0,23,fails,0,G2 trend;G3 leader,F:2/2,,shadow-screen,,RED,
2026-08-07,CSCO,0,120.88,ACCUMULATE,116.9,122.86,77.9846,93.16,RED,3,67,1,,0,0,1,0,73,STARTER,1,,F:2/3,,shadow-screen,,RED,
2026-08-07,CSPX,1,834.15,ACCUMULATE,817.47,859.17,805.023,99.21,RED,4,18,1,BREAKOUT,0,0,0,1,60,fails,0,G3 leader,F:—,20,holding,19,RED,21
2026-08-07,CVX,0,189.23,ACCUMULATE,186.04,195.53,189.832,68.52,RED,3,4,1,BREAKOUT,0,0,0,1,47,fails,0,G3 leader;G4 basis,F:1/3,,shadow-screen,,YELLOW,
2026-08-07,D05,0,76.04,HOLD,72.33,76.02,57.2913,100,RED,4,68,1,BREAKOUT,0,0,0,0,70,STARTER,1,,F:—,,owner-request,,NEUTRAL,
2026-08-07,DDOG,1,229.29,HOLD,217.9,229.01,125.934,63.87,RED,4,14,1,BREAKOUT,0,0,0,0,67,STARTER,1,,F:2/2,,holding,,YELLOW,
2026-08-07,DELL,0,437.65,HOLD,407.58,428.37,117.8,89.91,RED,4,23,1,BREAKOUT,0,0,0,0,73,STARTER,1,,F:2/2,,shadow-screen,,RED,
2026-08-07,DRAM,1,51.44,CAUTION,49.73,52.27,53.97,24.14,AMBER,2,3,0,,1,1,0,1,34,fails,0,G2 trend;G4 basis;G5 data,F:—,,holding,,NEUTRAL,
2026-08-07,DUOL,0,122.58,CAUTION,96.87,101.82,98.8507,53.5,WHITE,0,52,0,,0,0,1,0,25,fails,0,G2 trend;G3 leader,F:2/2,,owner-request,,YELLOW,
2026-08-07,ETHA,0,14.4,CAUTION,13.83,14.53,14.1087,32.95,WHITE,0,36,0,BREAKDOWN,1,0,1,1,30,fails,0,G2 trend;G3 leader,F:1/2,,owner-request,,RED,
2026-08-07,ETN,0,448.19,ACCUMULATE,439.04,461.44,406.091,99.24,RED,4,22,1,,0,0,0,0,62,fails,0,G3 leader,F:3/3,,shadow-screen,,RED,
2026-08-07,FCX,0,68.18,ACCUMULATE,65.6,68.95,62.1905,89.62,RED,3,3,1,INSIDE,0,1,0,1,67,STARTER,1,,F:2/3,,shadow-screen,,RED,
2026-08-07,GE,0,374.55,ACCUMULATE,365.27,383.91,284.854,95.93,RED,4,11,1,BREAKOUT,0,0,0,1,67,fails,0,G3 leader,F:3/3,,shadow-screen,,RED,
2026-08-07,GEV,0,1000.3,HOLD,876.29,921,1065.33,58.51,RED,3,70,1,INSIDE,0,1,0,0,63,fails,0,G4 basis,F:2/3,,shadow-screen,,YELLOW,
2026-08-07,GLW,0,157.18,ACCUMULATE,154.61,162.5,157.764,43.93,RED,3,1,1,BREAKDOWN,1,1,0,1,63,fails,0,G4 basis,F:1/1,,shadow-screen,,RED,
2026-08-07,GOOG,1,356.62,ACCUMULATE,340.01,357.36,360.33,69.32,RED,3,2,1,,0,0,0,0,50,fails,0,G1 size;G4 basis,F:2/2,12,holding,24,RED,23
2026-08-07,GOOGL,0,357.75,ACCUMULATE,340.67,358.05,363.885,68.62,RED,3,2,1,,0,0,0,0,50,fails,0,G1 size;G4 basis,F:2/2,,shadow-screen,,RED,
2026-08-07,GRAB,0,3.67,BOTTOMING,3.55,3.73,3.6237,45.69,WHITE,0,31,0,BREAKOUT,1,1,1,1,25,fails,0,G2 trend;G3 leader,F:2/2,,owner-request,,RED,
2026-08-07,GS,0,1032.58,ACCUMULATE,998.54,1049.48,931.302,69.19,RED,3,19,1,BREAKOUT,0,0,0,1,63,STARTER,1,,F:2/2,,shadow-screen,,YELLOW,
2026-08-07,HD,0,349.52,CAUTION,341.33,358.75,333.725,69.3,WHITE,1,23,1,BREAKDOWN,0,1,0,1,37,fails,0,G2 trend;G3 leader,F:2/3,,shadow-screen,,RED,
2026-08-07,HIMS,0,29.66,CAUTION,28.77,30.24,29.3603,57.77,AMBER,2,3,0,BREAKDOWN,0,0,0,1,25,fails,0,G2 trend;G3 leader,F:2/2,,owner-request,,YELLOW,
2026-08-07,HON,0,240.74,ACCUMULATE,235.95,247.99,224.045,67.55,RED,4,3,1,,0,0,0,1,52,fails,0,G3 leader,F:2/3,,shadow-screen,,NEUTRAL,
2026-08-07,HOOD,0,90.71,BOTTOMING,86.53,90.95,76.046,49.72,AMBER,2,2,0,BREAKOUT,0,0,0,1,18,fails,0,G2 trend;G3 leader,F:2/2,,owner-request,,YELLOW,
2026-08-07,IBIT,0,36.49,CAUTION,35.2,37,35.9225,27.55,WHITE,0,38,0,BREAKDOWN,1,0,1,1,27,fails,0,G2 trend;G3 leader,F:1/2,,owner-request,,RED,
2026-08-07,IBM,0,233.43,CAUTION,223.49,234.89,222.602,40.42,WHITE,0,4,0,,0,0,0,1,14,fails,0,G2 trend;G3 leader,F:2/3,,shadow-screen,,RED,
2026-08-07,ICE,0,149.75,CAUTION,146.48,153.95,155.347,45.9,WHITE,0,26,0,INSIDE,0,0,0,1,22,fails,0,G2 trend;G3 leader;G4 basis,F:2/3,,owner-request,,RED,
2026-08-07,INTC,0,99.81,ACCUMULATE,97.25,102.21,45.2035,56.4,RED,3,51,1,,0,0,0,1,65,fails,0,G1 size,F:1/3,2,owner-request,9,RED,8
2026-08-07,INTU,0,321.91,CAUTION,305.04,320.6,311.263,55.77,WHITE,0,44,0,,0,0,1,0,22,fails,0,G2 trend;G3 leader,F:3/3,,shadow-screen,,RED,
2026-08-07,IONQ,0,39.72,BOTTOMING,34.63,36.4,35.34,30.21,WHITE,0,4,0,BREAKOUT,0,0,0,0,32,fails,0,G2 trend;G3 leader,F:1/3,,shadow-screen,,RED,
2026-08-07,IOT,0,38.22,ACCUMULATE,36.42,38.28,37.1655,87.19,RED,4,2,1,INSIDE,0,0,0,1,65,fails,0,G3 leader,F:2/2,22,owner-request,21,RED,9
2026-08-07,IREN,0,37.93,CAUTION,32.9,34.58,41.7894,17.37,WHITE,0,4,0,BREAKDOWN,0,0,0,0,33,fails,0,G2 trend;G4 basis,F:2/2,,shadow-screen,,NEUTRAL,
2026-08-07,ISRG,0,373.71,CAUTION,366.93,385.65,403.484,23.42,WHITE,0,27,0,,1,1,0,1,13,fails,0,G2 trend;G3 leader;G4 basis,F:3/3,,shadow-screen,,RED,
2026-08-07,JNJ,0,256.98,ACCUMULATE,249.12,261.83,229.601,88.22,RED,4,56,1,BREAKOUT,0,0,0,1,63,STARTER,1,,F:2/3,,shadow-screen,,YELLOW,
2026-08-07,JPM,0,356.3,ACCUMULATE,350.4,368.27,311.747,97.22,RED,4,10,1,INSIDE,0,0,0,1,58,fails,0,G3 leader,F:2/3,19,owner-request,18,NEUTRAL,19
2026-08-07,KLAC,0,193.22,ACCUMULATE,187.08,196.63,181.489,57.07,RED,3,1,1,BREAKOUT,0,0,0,1,63,STARTER,1,,F:3/3,9,owner-request,12,YELLOW,10
2026-08-07,KO,0,86.85,HOLD,79.62,83.68,79.273,93.02,RED,4,31,1,BREAKOUT,0,0,0,0,52,fails,0,G3 leader,F:—,,shadow-screen,,RED,
2026-08-07,LIN,0,490.11,PULLBACK,470.73,494.75,513.674,38.05,AMBER,2,2,1,,1,1,0,1,27,fails,0,G2 trend;G3 leader;G4 basis,F:2/3,,shadow-screen,,YELLOW,
2026-08-07,LITE,0,838.06,HOLD,768.04,807.22,862.485,62.18,RED,3,62,1,BREAKOUT,0,0,1,0,74,fails,0,G4 basis,F:2/3,,shadow-screen,,RED,
2026-08-07,LLY,0,1191.94,ACCUMULATE,1136.2,1194.17,1159.39,89.21,RED,4,13,1,BREAKDOWN,0,0,0,1,59,fails,1,,F:3/3,15,owner-request,16,NEUTRAL,22
2026-08-07,LRCX,0,305.77,ACCUMULATE,291.27,306.13,317.64,58.93,RED,3,62,1,BREAKOUT,1,1,0,1,64,fails,0,G4 basis,F:3/3,4,owner-request,3,RED,12
2026-08-07,MA,0,575.95,ACCUMULATE,559.22,587.75,494.824,94.17,RED,3,2,1,BREAKOUT,0,0,0,1,48,fails,0,G3 leader,F:3/3,23,owner-request,22,RED,24
2026-08-07,MCD,0,276.26,CAUTION,269.56,283.31,268.859,39.03,WHITE,0,19,0,,0,1,0,1,22,fails,0,G2 trend;G3 leader,F:2/3,,shadow-screen,,RED,
2026-08-07,MCHP,0,74.36,CAUTION,73.02,76.74,90.0586,27.95,AMBER,2,4,0,,0,0,0,1,17,fails,0,G2 trend;G3 leader;G4 basis,F:2/3,,shadow-screen,,NEUTRAL,
2026-08-07,MDB,0,370,HOLD,346.04,363.69,322.776,86.03,RED,3,2,1,INSIDE,0,0,1,0,65,STARTER,1,,F:3/3,,owner-request,,RED,
2026-08-07,META,0,589.9,CAUTION,557.67,586.12,610.358,26.15,WHITE,0,39,0,BREAKDOWN,1,1,1,0,5,fails,0,G1 size;G2 trend;G3 leader;G4 basis,F:2/2,,owner-request,,NEUTRAL,
2026-08-07,MPWR,0,1359.08,ACCUMULATE,1316.47,1383.64,1343.34,56.78,RED,3,60,1,INSIDE,0,0,0,1,67,STARTER,1,,F:3/3,,shadow-screen,,RED,
2026-08-07,MRK,0,128.37,ACCUMULATE,125.8,132.22,120.881,90.27,RED,4,40,1,,0,0,0,1,67,STARTER,1,,F:2/3,,shadow-screen,,YELLOW,
2026-08-07,MRVL,0,210.54,ACCUMULATE,203.57,213.96,89.2744,54.14,RED,3,24,1,,1,0,1,1,69,STARTER,1,,F:3/3,6,owner-request,4,RED,1
2026-08-07,MS,0,213.75,ACCUMULATE,205.66,216.16,215.288,72.51,RED,3,19,1,BREAKOUT,1,0,1,1,62,fails,0,G4 basis,F:2/3,,shadow-screen,,YELLOW,
2026-08-07,MSFT,0,499.86,ACCUMULATE,475.91,500.19,394.416,94.96,RED,3,1,1,,0,0,0,1,40,fails,0,G1 size;G3 leader,F:3/3,24,owner-request,23,RED,16
2026-08-07,MSTR,0,96.85,CAUTION,93.03,97.77,94.9249,20.88,WHITE,0,44,0,BREAKDOWN,0,0,0,1,22,fails,0,G2 trend;G3 leader,F:0/2,,shadow-screen,,RED,
2026-08-07,MU,1,881.47,ACCUMULATE,860.39,904.29,928.221,60.08,RED,3,61,1,,0,0,0,1,65,fails,0,G1 size;G4 basis,F:3/3,1,holding,8,RED,4
2026-08-07,NBIS,1,189.88,ACCUMULATE,183.01,192.34,222.464,54.86,RED,3,27,1,BREAKOUT,1,1,0,1,69,fails,0,G4 basis,F:2/2,3,holding,2,NEUTRAL,5
2026-08-07,NEE,0,84.6,CAUTION,78.87,82.89,87.785,19.16,AMBER,2,2,0,BREAKDOWN,0,0,0,0,17,fails,0,G2 trend;G3 leader;G4 basis,F:2/3,,shadow-screen,,YELLOW,
2026-08-07,NET,0,284.43,HOLD,265.02,278.54,210.214,95.81,RED,4,17,1,BREAKOUT,0,0,0,0,67,fails,0,G3 leader,F:2/2,,owner-request,,RED,
2026-08-07,NFLX,0,73.69,CAUTION,72.25,75.93,73.72,20.26,WHITE,0,38,0,BREAKDOWN,1,1,0,1,9,fails,0,G2 trend;G3 leader;G4 basis,F:2/3,,owner-request,,RED,
2026-08-07,NKE,0,42,CAUTION,42.04,44.18,42.8979,20.85,WHITE,0,44,0,BREAKDOWN,0,0,0,1,17,fails,0,G2 trend;G3 leader;G4 basis,F:2/3,,shadow-screen,,YELLOW,
2026-08-07,NOW,0,117.35,CAUTION,113.17,118.94,102.561,80.96,WHITE,1,54,0,,0,0,0,1,23,fails,0,G2 trend;G3 leader,F:2/3,,shadow-screen,,RED,
2026-08-07,NVDA,1,218.99,ACCUMULATE,214.3,225.23,209.265,92.57,RED,3,6,1,BREAKOUT,0,0,0,1,45,fails,0,G1 size;G3 leader,F:3/3,21,holding,20,RED,15
2026-08-07,NVO,0,45.97,CAUTION,44.11,46.36,47.8359,50.37,WHITE,0,2,0,BREAKDOWN,1,1,0,1,17,fails,0,G2 trend;G3 leader;G4 basis,F:—,,owner-request,,YELLOW,
2026-08-07,NXPI,0,231.78,CAUTION,228.75,240.42,233.417,31.1,AMBER,2,2,0,,0,0,0,1,17,fails,0,G2 trend;G3 leader;G4 basis,F:1/2,,shadow-screen,,YELLOW,
2026-08-07,ON,0,78.33,BOTTOMING,59.69,62.73,93.8008,33.83,AMBER,2,2,0,BREAKOUT,0,0,0,0,32,fails,0,G2 trend;G4 basis,F:2/3,,shadow-screen,,YELLOW,
2026-08-07,ONON,0,37.34,BOTTOMING,35.18,36.97,37.9221,43.96,WHITE,0,23,0,BREAKOUT,0,0,0,0,20,fails,0,G2 trend;G3 leader;G4 basis,F:1/1,,owner-request,,NEUTRAL,
2026-08-07,ORCL,0,143.47,CAUTION,139.85,146.98,142.7,32.44,WHITE,0,7,0,BREAKDOWN,1,1,0,1,14,fails,0,G2 trend;G3 leader,F:3/3,,owner-request,,RED,
2026-08-07,PANW,0,359.49,ACCUMULATE,347.42,365.14,166.801,97.21,RED,4,13,1,,0,0,0,1,73,STARTER,1,,F:2/3,10,owner-request,13,RED,7
2026-08-07,PEP,0,138.44,CAUTION,136.08,143.02,142.322,18.12,WHITE,0,11,0,INSIDE,0,0,0,1,22,fails,0,G2 trend;G3 leader;G4 basis,F:2/3,,shadow-screen,,NEUTRAL,
2026-08-07,PFE,0,26.2,CAUTION,24.67,25.92,25.169,75.99,WHITE,1,8,1,BREAKDOWN,0,0,0,0,37,fails,0,G2 trend;G3 leader,F:2/3,,shadow-screen,,RED,
2026-08-07,PG,0,146.97,CAUTION,143.76,151.09,143.781,45.74,WHITE,1,3,0,,0,1,0,1,22,fails,0,G2 trend;G3 leader,F:2/3,,shadow-screen,,NEUTRAL,
2026-08-07,PLTR,1,155.92,CAUTION,151.51,159.24,134.44,77.15,WHITE,1,26,1,,0,0,0,1,25,fails,0,G1 size;G2 trend;G3 leader,F:2/2,,holding,,RED,
2026-08-07,QCOM,0,160.39,CAUTION,155.73,163.68,131.179,29.99,WHITE,1,2,0,BREAKDOWN,0,0,0,1,18,fails,0,G2 trend;G3 leader,F:3/3,,owner-request,,RED,
2026-08-07,QQQ,0,714.65,ACCUMULATE,703.4,739.28,602.393,80.92,RED,3,18,1,BREAKDOWN,0,1,0,0,45,fails,0,G1 size;G3 leader,F:—,17,owner-request,17,RED,17
2026-08-07,RBLX,0,36.04,CAUTION,,,46.9007,1.92,WHITE,0,35,0,BREAKDOWN,0,0,0,0,17,fails,0,G2 trend;G3 leader;G4 basis,F:2/2,,owner-request,,YELLOW,
2026-08-07,RDDT,0,150.87,CAUTION,139.9,147.04,142.753,31.26,WHITE,0,2,0,BREAKDOWN,0,0,0,0,27,fails,0,G2 trend;G3 leader,F:2/2,,shadow-screen,,YELLOW,
2026-08-07,RKLB,0,75.67,CAUTION,66.65,70.05,68.0144,45.14,WHITE,0,2,0,BREAKDOWN,0,0,0,0,32,fails,0,G2 trend,F:1/3,,owner-request,,RED,
2026-08-07,RTX,0,223.25,ACCUMULATE,212.8,223.66,175.25,99.64,RED,4,8,1,BREAKOUT,0,0,0,1,67,STARTER,1,,F:2/3,,shadow-screen,,RED,
2026-08-07,SCHW,0,107.66,ACCUMULATE,105.56,110.95,92.2369,98.83,RED,4,5,1,INSIDE,0,0,0,1,57,fails,0,G3 leader,F:3/3,,shadow-screen,,RED,
2026-08-07,SE,0,111,CAUTION,109.65,115.25,89.3319,68.78,WHITE,1,38,1,INSIDE,0,0,0,1,45,fails,0,G2 trend;G3 leader,F:2/2,,owner-request,,RED,
2026-08-07,SHOP,0,147.44,BOTTOMING,142.94,150.23,119.427,88.89,WHITE,1,26,1,BREAKOUT,0,0,0,1,42,fails,0,G2 trend;G3 leader,F:2/2,,owner-request,,RED,
2026-08-07,SMCI,0,29.38,BOTTOMING,27.25,28.64,30.7939,33.39,WHITE,0,8,0,BREAKOUT,0,0,0,0,27,fails,0,G2 trend;G3 leader;G4 basis,F:3/3,,shadow-screen,,RED,
2026-08-07,SNDK,0,1258.58,ACCUMULATE,1214.81,1276.79,638.592,54.28,RED,3,60,1,BREAKOUT,0,0,0,1,70,fails,0,G1 size,F:3/3,,shadow-screen,,NEUTRAL,
2026-08-07,SNOW,0,318,HOLD,261.89,275.25,237.448,99.22,RED,4,9,1,BREAKOUT,0,0,0,0,77,CONVICTION,1,,F:3/3,,owner-request,,RED,
2026-08-07,SOFI,0,18.1,BOTTOMING,17.07,17.94,17.4166,58.53,WHITE,0,25,0,BREAKOUT,0,0,0,0,22,fails,0,G2 trend;G3 leader,F:2/3,,owner-request,,RED,
2026-08-07,SPCX,0,114.92,CAUTION,109.15,114.72,111.374,22.49,WHITE,0,5,0,,0,0,0,0,15,fails,0,G1 size;G2 trend;G3 leader;G5 data,F:—,,owner-request,,NEUTRAL,
2026-08-07,STX,0,852.95,HOLD,794.94,835.5,866.044,68.33,RED,3,64,1,BREAKOUT,1,1,1,0,64,fails,0,G4 basis,F:3/3,,shadow-screen,,RED,
2026-08-07,T,0,23.71,CAUTION,22.71,23.87,23.1778,52.41,WHITE,0,16,0,BREAKDOWN,1,0,1,1,18,fails,0,G2 trend;G3 leader,F:2/3,,shadow-screen,,RED,
2026-08-07,TER,0,384.89,HOLD,352.32,370.29,359.509,75.76,RED,3,52,1,BREAKOUT,0,1,0,0,77,CONVICTION,1,,F:2/3,,shadow-screen,,RED,
2026-08-07,TMDX,0,80.21,BOTTOMING,73.36,77.1,74.8559,58.63,WHITE,0,20,0,BREAKOUT,0,1,0,0,35,fails,0,G2 trend;G3 leader,F:3/3,,owner-request,,RED,
2026-08-07,TMO,0,580.02,ACCUMULATE,564.01,592.78,472.719,90.16,RED,3,3,1,BREAKOUT,0,0,0,1,52,fails,0,G3 leader,F:2/3,,shadow-screen,,RED,
2026-08-07,TMUS,0,179.97,CAUTION,177.36,186.41,180.98,19.52,WHITE,0,47,0,,0,0,0,1,17,fails,0,G2 trend;G3 leader;G4 basis,F:2/3,,shadow-screen,,NEUTRAL,
2026-08-07,TOST,0,34.72,HOLD,32.28,33.93,28.1072,85.79,RED,3,1,1,BREAKOUT,0,0,0,0,50,fails,0,G3 leader,F:2/2,,owner-request,,RED,
2026-08-07,TSLA,1,319.53,CAUTION,312.15,328.07,397.921,12.04,WHITE,0,7,0,BREAKDOWN,0,0,0,1,5,fails,0,G1 size;G2 trend;G3 leader;G4 basis,F:1/3,,holding,,YELLOW,
2026-08-07,TSM,1,418.2,ACCUMULATE,409.46,430.35,417.813,73.15,RED,3,62,1,,1,1,0,1,65,fails,0,G1 size,F:3/3,13,holding,6,RED,13
2026-08-07,TXN,0,278.4,ACCUMULATE,274.12,288.11,279.718,49.04,RED,3,18,1,,1,1,0,1,58,fails,0,G4 basis,F:3/3,,shadow-screen,,YELLOW,
2026-08-07,UBER,0,70.47,CAUTION,59.39,62.42,73.5988,19.66,WHITE,0,34,0,BREAKDOWN,0,1,0,0,17,fails,0,G2 trend;G3 leader;G4 basis,F:3/3,,owner-request,,NEUTRAL,
2026-08-07,UNH,0,403.97,HOLD,373.87,392.94,424.412,71.52,RED,4,14,1,INSIDE,0,0,0,0,63,fails,0,G4 basis,F:3/3,,shadow-screen,,YELLOW,
2026-08-07,V,0,370.47,HOLD,349.13,366.94,329.468,99.12,RED,4,6,1,,0,0,0,0,43,fails,0,G3 leader,F:0/1,,owner-request,,NEUTRAL,
2026-08-07,VRT,0,275.17,HOLD,258.36,271.54,307.051,53.46,RED,3,1,1,,0,1,0,0,53,fails,0,G4 basis,F:3/3,,owner-request,,RED,
2026-08-07,VZ,0,46.99,ACCUMULATE,44.97,47.26,47.4048,68.68,RED,3,1,1,INSIDE,0,0,0,1,52,fails,0,G3 leader;G4 basis,F:2/3,,shadow-screen,,RED,
2026-08-07,WDC,0,451.52,ACCUMULATE,431.52,453.53,537.498,50.8,RED,3,62,1,BREAKOUT,1,1,0,1,64,fails,0,G4 basis,F:3/3,,shadow-screen,,YELLOW,
2026-08-07,WFC,0,87.59,ACCUMULATE,85.34,89.69,87.0812,80.53,RED,3,5,1,BREAKDOWN,0,0,0,1,52,fails,0,G3 leader,F:1/2,,shadow-screen,,RED,
2026-08-07,WMT,0,112.07,CAUTION,110.1,115.71,118.748,25.22,WHITE,0,5,0,BREAKDOWN,0,0,0,1,13,fails,0,G2 trend;G3 leader;G4 basis,F:2/3,,shadow-screen,,RED,
2026-08-07,XOM,0,154.84,ACCUMULATE,148.01,155.56,151.03,79.7,RED,3,4,1,BREAKOUT,0,0,0,1,68,STARTER,1,,F:—,,shadow-screen,,NEUTRAL,
2026-08-07,ZETA,0,25.56,HOLD,23.09,24.27,18.4446,94.47,RED,4,11,1,,0,0,0,0,70,STARTER,1,,F:2/2,,shadow-screen,,RED,
2026-08-07,ZS,0,162.6,CAUTION,160.52,168.7,146.806,76.86,WHITE,0,35,0,,1,0,1,1,30,fails,0,G2 trend;G3 leader,F:3/3,,owner-request,,RED,
2026-08-10,0700,0,480.6,CAUTION,457.38,480.71,466.711,59.46,WHITE,0,26,0,INSIDE,0,0,0,1,15,fails,0,G1 size;G2 trend;G3 leader,F:—,,owner-request,,RED,
2026-08-10,1810,0,27.4,CAUTION,27.02,28.4,27.5733,29.6,WHITE,0,44,0,BREAKDOWN,0,0,0,1,5,fails,0,G1 size;G2 trend;G3 leader;G4 basis,F:—,,owner-request,,YELLOW,
2026-08-10,3690,0,93.35,CAUTION,89.87,94.45,77.8804,72.45,WHITE,1,69,1,,0,0,0,1,29,fails,0,G2 trend;G3 leader,F:—,,owner-request,,RED,
2026-08-10,9992,1,155.1,CAUTION,151.17,158.89,154.259,23.06,WHITE,0,24,0,INSIDE,0,0,0,0,23,fails,0,G2 trend;G3 leader,F:—,,holding,,YELLOW,
2026-08-10,AAL,0,15.94,ACCUMULATE,15.51,16.3,15.1365,70.69,RED,3,11,1,BREAKOUT,0,1,0,0,53,fails,0,G3 leader,F:2/3,,shadow-screen,,RED,
2026-08-10,AAOI,0,135.63,ACCUMULATE,131.34,138.04,97.2584,53.81,RED,3,1,1,BREAKDOWN,0,0,0,1,72,STARTER,1,,F:1/3,,shadow-screen,,RED,
2026-08-10,AAPL,1,313.33,ACCUMULATE,304.38,319.91,310.592,83.98,RED,4,19,1,BREAKOUT,1,1,1,1,55,fails,0,G1 size,F:2/3,15,holding,1,YELLOW,22
2026-08-10,ABBV,0,246.04,HOLD,228.4,240.06,249.255,71.91,RED,4,9,1,BREAKDOWN,0,0,0,0,47,fails,0,G3 leader;G4 basis,F:2/3,,shadow-screen,,YELLOW,
2026-08-10,ABT,0,107.81,CAUTION,104.84,110.19,88.7909,76.09,WHITE,1,41,1,,0,0,0,1,37,fails,0,G2 trend;G3 leader,F:2/2,,shadow-screen,,RED,
2026-08-10,ACN,0,175.72,CAUTION,173.21,182.05,126.877,56.56,WHITE,0,28,0,INSIDE,0,0,1,0,27,fails,0,G2 trend;G3 leader,F:1/2,,shadow-screen,,RED,
2026-08-10,ADBE,0,265.21,CAUTION,246.64,259.23,251.675,77.87,WHITE,1,87,0,,0,0,0,0,27,fails,0,G2 trend;G3 leader,F:3/3,,owner-request,,RED,
2026-08-10,ADI,0,389.93,HOLD,369.38,388.22,392.536,60.17,RED,3,39,1,BREAKOUT,0,0,0,0,62,fails,0,G4 basis,F:3/3,,shadow-screen,,RED,
2026-08-10,ALAB,0,334.17,HOLD,317.35,333.54,123.076,70.41,RED,3,16,1,,0,0,0,0,73,STARTER,1,,F:3/3,,owner-request,,RED,
2026-08-10,AMAT,0,539.14,ACCUMULATE,531.05,558.15,541.891,66.87,RED,3,47,1,BREAKOUT,0,0,0,1,69,fails,0,G4 basis,F:2/3,5,owner-request,10,RED,8
2026-08-10,AMD,1,483.36,HOLD,246.15,258.71,215.827,69.64,RED,3,21,1,BREAKOUT,0,0,0,0,65,fails,0,G1 size,F:3/3,,holding,,YELLOW,
2026-08-10,AMZN,0,274.48,ACCUMULATE,262.13,275.5,229.756,94.62,RED,4,2,1,BREAKOUT,0,1,0,1,40,fails,0,G1 size;G3 leader,F:3/3,21,owner-request,6,RED,16
2026-08-10,ANET,0,188.67,ACCUMULATE,181.34,190.6,143.099,94.02,RED,4,17,1,BREAKOUT,0,0,0,1,62,fails,0,G3 leader,F:3/3,16,owner-request,15,RED,9
2026-08-10,APH,0,169.18,HOLD,159.87,168.03,147.137,94.93,RED,4,11,1,BREAKOUT,0,0,0,0,67,STARTER,1,,F:3/3,,shadow-screen,,RED,
2026-08-10,APP,0,346.8,CAUTION,336.75,353.93,466.365,7.12,WHITE,0,4,0,BREAKDOWN,1,1,0,1,13,fails,0,G2 trend;G3 leader;G4 basis,F:2/2,,owner-request,,YELLOW,
2026-08-10,ARM,0,282.57,ACCUMULATE,272.81,286.72,210.673,63.04,RED,3,18,1,,0,0,0,1,78,CONVICTION,1,,F:3/3,9,owner-request,12,RED,1
2026-08-10,ASML,0,1740.99,ACCUMULATE,1659.2,1743.85,1788.54,69.11,RED,3,51,1,,1,1,0,1,69,fails,0,G4 basis,F:1/1,6,owner-request,3,RED,12
2026-08-10,ASTS,0,71.94,CAUTION,71.4,75.05,86.0499,34.33,WHITE,0,4,0,INSIDE,0,0,0,0,22,fails,0,G2 trend;G3 leader;G4 basis,F:0/2,,owner-request,,RED,
2026-08-10,AVGO,0,427.76,ACCUMULATE,409.18,430.05,379.737,93.37,RED,3,5,1,BREAKOUT,0,0,0,1,45,fails,0,G1 size;G3 leader,F:3/3,,shadow-screen,,RED,
2026-08-10,AXON,0,571.01,HOLD,536.85,564.24,393.819,77.82,RED,3,1,1,,0,0,1,0,55,fails,0,G3 leader,F:3/3,,owner-request,,RED,
2026-08-10,AXP,0,340.91,ACCUMULATE,334.64,351.72,341.473,63.7,RED,3,2,1,BREAKOUT,1,1,1,1,47,fails,0,G3 leader;G4 basis,F:2/3,,shadow-screen,,YELLOW,
2026-08-10,AXTI,0,88.58,HOLD,82.88,87.11,64.4517,79.02,RED,3,1,1,,0,0,1,0,72,STARTER,1,,F:0/3,,shadow-screen,,RED,
2026-08-10,AZO,0,3127.29,BOTTOMING,3016.37,3170.26,3077.93,50.42,WHITE,0,25,0,BREAKOUT,1,0,1,1,35,fails,0,G2 trend;G3 leader,F:2/3,,shadow-screen,,RED,
2026-08-10,BA,0,234.42,ACCUMULATE,228.75,240.42,217.965,85.44,RED,3,1,1,BREAKOUT,0,1,0,1,62,fails,0,G3 leader,F:2/3,,shadow-screen,,RED,
2026-08-10,BAC,0,63.17,ACCUMULATE,61.89,65.05,52.1045,99.29,RED,4,10,1,INSIDE,0,0,0,1,58,fails,0,G3 leader,F:2/3,,shadow-screen,,NEUTRAL,
2026-08-10,BE,0,219.34,ACCUMULATE,216.85,227.91,278.421,53.98,RED,3,2,1,BREAKDOWN,0,0,0,1,59,fails,0,G4 basis,F:0/1,,shadow-screen,,RED,
2026-08-10,BKNG,0,214.42,HOLD,203.39,213.76,168.127,94.25,RED,3,1,1,BREAKOUT,0,0,0,0,47,fails,0,G3 leader,F:2/3,,shadow-screen,,RED,
2026-08-10,BSX,0,49.31,BOTTOMING,47.36,49.78,44.6055,49.08,WHITE,0,36,0,BREAKOUT,1,1,0,1,32,fails,0,G2 trend;G3 leader,F:3/3,,shadow-screen,,RED,
2026-08-10,C,0,135,ACCUMULATE,130.21,136.85,132.864,77.04,RED,3,21,1,BREAKOUT,0,0,0,1,63,STARTER,1,,F:2/3,,shadow-screen,,RED,
2026-08-10,CAT,0,842.19,ACCUMULATE,802.25,843.18,887.084,46.61,RED,3,59,1,BREAKOUT,0,0,0,1,58,fails,0,G4 basis,F:2/3,,shadow-screen,,NEUTRAL,
2026-08-10,CAVA,0,62.42,CAUTION,61.84,65,63.1027,13.91,WHITE,1,3,0,,1,1,0,1,25,fails,0,G2 trend;G3 leader;G4 basis,F:3/3,,owner-request,,NEUTRAL,
2026-08-10,CBRS,0,226.73,CAUTION,215.61,226.61,220.012,67.67,WHITE,0,13,0,,0,0,0,0,32,fails,0,G2 trend;G3 leader;G5 data,F:—,,shadow-screen,,RED,
2026-08-10,CDE,0,17.39,CAUTION,17.01,17.88,16.2809,57.01,WHITE,0,10,1,BREAKDOWN,0,0,0,1,47,fails,0,G2 trend,F:2/3,,owner-request,,RED,
2026-08-10,CEG,0,269.89,BOTTOMING,265.21,278.75,270.626,38,WHITE,0,28,0,BREAKOUT,0,0,0,1,27,fails,0,G2 trend;G3 leader;G4 basis,F:2/3,,shadow-screen,,RED,
2026-08-10,CIEN,0,412.39,ACCUMULATE,397.22,417.49,440.28,51.57,RED,3,1,1,BREAKDOWN,1,1,0,1,67,fails,0,G4 basis,F:3/3,,shadow-screen,,RED,
2026-08-10,COHR,0,379.13,ACCUMULATE,372.07,391.06,248.659,84.41,RED,3,1,1,BREAKOUT,1,1,1,0,73,STARTER,1,,F:2/3,,shadow-screen,,RED,
2026-08-10,COIN,0,153.6,CAUTION,147.31,154.83,164.086,11.08,WHITE,0,36,0,BREAKDOWN,0,0,0,1,17,fails,0,G2 trend;G3 leader;G4 basis,F:1/2,,shadow-screen,,NEUTRAL,
2026-08-10,COST,0,947.82,BOTTOMING,930.88,978.37,949.877,35.38,WHITE,1,5,0,BREAKOUT,0,0,0,1,23,fails,0,G2 trend;G3 leader;G4 basis,F:2/3,,owner-request,,NEUTRAL,
2026-08-10,CRCL,0,66.67,CAUTION,62.12,65.29,63.3924,23.11,WHITE,0,9,0,BREAKDOWN,0,1,0,0,32,fails,0,G2 trend;G3 leader,F:2/2,,shadow-screen,,RED,
2026-08-10,CRDO,0,249.89,ACCUMULATE,242.18,254.53,247.119,85.29,RED,3,16,1,,0,0,0,0,77,CONVICTION,1,,F:3/3,7,owner-request,22,RED,2
2026-08-10,CRM,0,192.74,CAUTION,188.22,197.82,185.994,74.66,WHITE,1,73,0,,0,0,0,1,23,fails,0,G2 trend;G3 leader,F:2/3,,owner-request,,RED,
2026-08-10,CRWD,0,214.42,HOLD,185.31,194.76,102.395,99.4,RED,4,13,1,BREAKOUT,0,0,0,0,68,STARTER,1,,F:2/2,,owner-request,,RED,
2026-08-10,CRWV,0,90.67,CAUTION,86.12,90.51,77.6419,45,WHITE,0,4,0,BREAKDOWN,0,0,0,0,23,fails,0,G2 trend;G3 leader,F:2/2,,shadow-screen,,RED,
2026-08-10,CSCO,0,121.43,ACCUMULATE,116.9,122.86,77.9846,92.93,RED,3,67,1,,1,0,1,1,73,STARTER,1,,F:2/3,,shadow-screen,,RED,
2026-08-10,CSPX,1,835.72,ACCUMULATE,817.47,859.17,805.023,98.99,RED,4,18,1,BREAKOUT,0,0,0,1,60,fails,0,G3 leader,F:—,20,holding,18,RED,21
2026-08-10,CVX,0,186.56,ACCUMULATE,178.07,187.16,189.832,55.47,RED,3,4,1,INSIDE,0,0,0,0,47,fails,0,G3 leader;G4 basis,F:1/3,,shadow-screen,,YELLOW,
2026-08-10,D05,0,76.33,HOLD,72.57,76.27,57.4465,100,RED,4,68,1,BREAKOUT,0,0,0,0,70,STARTER,1,,F:—,,owner-request,,NEUTRAL,
2026-08-10,DDOG,1,233.93,ACCUMULATE,229.23,240.93,125.934,68.41,RED,4,14,1,BREAKOUT,0,0,0,1,72,STARTER,1,,F:2/2,12,holding,13,YELLOW,6
2026-08-10,DELL,0,453.77,ACCUMULATE,433.46,455.58,117.8,96.9,RED,4,23,1,BREAKOUT,0,0,0,1,78,CONVICTION,1,,F:2/2,,shadow-screen,,RED,
2026-08-10,DRAM,1,50.6,CAUTION,49.73,52.27,53.97,19.99,AMBER,2,3,0,,1,1,0,1,34,fails,0,G2 trend;G4 basis;G5 data,F:—,,holding,,NEUTRAL,
2026-08-10,DUOL,0,130.9,CAUTION,120.61,126.76,98.8507,65.44,WHITE,0,52,0,,0,0,1,0,30,fails,0,G2 trend;G3 leader,F:2/2,,owner-request,,YELLOW,
2026-08-10,ETHA,0,14.47,CAUTION,14.04,14.75,14.3238,33.11,WHITE,0,36,0,INSIDE,1,0,1,1,35,fails,0,G2 trend;G3 leader,F:1/2,,owner-request,,RED,
2026-08-10,ETN,0,448.68,ACCUMULATE,439.04,461.44,406.091,98.73,RED,4,22,1,,0,0,0,0,62,fails,0,G3 leader,F:3/3,,shadow-screen,,RED,
2026-08-10,FCX,0,69.62,ACCUMULATE,67.93,71.39,62.1905,93.95,RED,3,3,1,BREAKOUT,0,0,0,1,67,STARTER,1,,F:2/3,,shadow-screen,,RED,
2026-08-10,GE,0,370.08,ACCUMULATE,365.27,383.91,284.854,92.77,RED,4,11,1,BREAKOUT,0,0,0,1,67,fails,0,G3 leader,F:3/3,,shadow-screen,,RED,
2026-08-10,GEV,0,990.32,HOLD,876.29,921,1065.33,55.97,RED,3,70,1,INSIDE,0,1,0,0,63,fails,0,G4 basis,F:2/3,,shadow-screen,,YELLOW,
2026-08-10,GLW,0,165.68,HOLD,154.61,162.5,157.764,52.18,RED,3,1,1,BREAKDOWN,0,1,0,0,63,STARTER,1,,F:1/1,,shadow-screen,,RED,
2026-08-10,GOOG,1,353.47,ACCUMULATE,340.01,357.36,360.33,66.06,RED,3,2,1,,0,0,0,0,50,fails,0,G1 size;G4 basis,F:2/2,11,holding,23,NEUTRAL,24
2026-08-10,GOOGL,0,354.3,ACCUMULATE,348.64,366.43,363.885,65.62,RED,3,2,1,,0,0,0,1,50,fails,0,G1 size;G4 basis,F:2/2,,shadow-screen,,NEUTRAL,
2026-08-10,GRAB,0,3.66,BOTTOMING,3.55,3.73,3.6237,45.73,WHITE,0,31,0,BREAKOUT,1,1,1,1,25,fails,0,G2 trend;G3 leader,F:2/2,,owner-request,,RED,
2026-08-10,GS,0,1039.61,ACCUMULATE,998.54,1049.48,931.302,71.16,RED,3,19,1,BREAKOUT,0,0,0,1,63,STARTER,1,,F:2/2,,shadow-screen,,YELLOW,
2026-08-10,HD,0,355.62,CAUTION,341.33,358.75,333.725,79.06,WHITE,1,23,1,INSIDE,0,1,0,1,42,fails,0,G2 trend;G3 leader,F:2/3,,shadow-screen,,RED,
2026-08-10,HIMS,0,31.59,HOLD,28.77,30.24,29.3603,65.25,RED,3,1,1,BREAKDOWN,0,0,0,0,55,fails,0,G3 leader,F:2/2,,owner-request,,RED,
2026-08-10,HON,0,246.21,ACCUMULATE,235.95,247.99,224.045,86.12,RED,4,3,1,,0,0,0,1,52,fails,0,G3 leader,F:2/3,,shadow-screen,,RED,
2026-08-10,HOOD,0,93.29,HOLD,86.53,90.95,76.046,56.71,RED,3,1,1,BREAKOUT,0,0,0,0,43,fails,0,G3 leader,F:2/2,,owner-request,,NEUTRAL,
2026-08-10,IBIT,0,36.8,CAUTION,35.2,37,35.9225,33.11,WHITE,0,38,0,INSIDE,1,0,1,1,32,fails,0,G2 trend;G3 leader,F:1/2,,owner-request,,RED,
2026-08-10,IBM,0,237.28,CAUTION,230.61,242.37,222.602,44.63,WHITE,0,4,0,,0,0,0,1,14,fails,0,G2 trend;G3 leader,F:2/3,,shadow-screen,,RED,
2026-08-10,ICE,0,150.3,CAUTION,146.48,153.95,153.668,45.52,WHITE,0,26,0,INSIDE,0,0,0,1,22,fails,0,G2 trend;G3 leader;G4 basis,F:2/3,,owner-request,,RED,
2026-08-10,INTC,0,101.65,ACCUMULATE,98.27,103.28,45.2035,59.4,RED,3,51,1,,0,0,0,1,65,fails,0,G1 size,F:1/3,2,owner-request,8,RED,7
2026-08-10,INTU,0,325.25,CAUTION,305.04,320.6,311.263,55.32,WHITE,0,44,0,,0,0,1,0,22,fails,0,G2 trend;G3 leader,F:3/3,,shadow-screen,,RED,
2026-08-10,IONQ,0,44.43,BOTTOMING,39.96,42,35.34,45.25,WHITE,0,4,0,BREAKOUT,0,0,0,0,37,fails,0,G2 trend;G3 leader,F:1/3,,shadow-screen,,RED,
2026-08-10,IOT,0,40.88,HOLD,36.42,38.28,37.1655,96.72,RED,4,2,1,BREAKOUT,0,0,0,0,65,fails,0,G3 leader,F:2/2,,owner-request,,RED,
2026-08-10,IREN,0,41.23,CAUTION,40.33,42.39,41.1573,36.99,WHITE,0,4,0,BREAKDOWN,0,0,0,1,38,fails,0,G2 trend,F:2/2,,shadow-screen,,RED,
2026-08-10,ISRG,0,378.81,CAUTION,366.93,385.65,403.484,27.14,WHITE,0,27,0,,1,1,0,1,13,fails,0,G2 trend;G3 leader;G4 basis,F:3/3,,shadow-screen,,RED,
2026-08-10,JNJ,0,259.24,ACCUMULATE,249.12,261.83,229.601,91.95,RED,4,56,1,BREAKOUT,0,0,0,1,63,STARTER,1,,F:2/3,,shadow-screen,,NEUTRAL,
2026-08-10,JPM,0,357.52,ACCUMULATE,350.4,368.27,311.747,96.94,RED,4,10,1,INSIDE,0,0,0,1,58,fails,0,G3 leader,F:2/3,18,owner-request,16,NEUTRAL,20
2026-08-10,KLAC,0,198.11,HOLD,187.08,196.63,181.489,62.14,RED,3,1,1,BREAKOUT,0,0,0,0,68,STARTER,1,,F:3/3,,owner-request,,NEUTRAL,
2026-08-10,KO,0,87.05,ACCUMULATE,85.73,90.1,79.273,92.71,RED,4,31,1,BREAKOUT,0,0,0,0,57,fails,0,G3 leader,F:—,,shadow-screen,,RED,
2026-08-10,LIN,0,489.98,PULLBACK,470.73,494.75,513.674,38.44,AMBER,2,2,1,,1,1,0,1,27,fails,0,G2 trend;G3 leader;G4 basis,F:2/3,,shadow-screen,,YELLOW,
2026-08-10,LITE,0,890.17,HOLD,845.24,888.36,862.485,81.23,RED,3,62,1,BREAKOUT,0,0,1,0,79,CONVICTION,1,,F:2/3,,shadow-screen,,RED,
2026-08-10,LLY,0,1185.71,ACCUMULATE,1136.2,1194.17,1159.39,88.94,RED,4,13,1,BREAKDOWN,0,0,0,1,59,fails,1,,F:3/3,14,owner-request,14,NEUTRAL,19
2026-08-10,LRCX,0,311.35,ACCUMULATE,307.95,323.66,314.235,63.54,RED,3,62,1,BREAKOUT,1,1,0,1,69,fails,0,G4 basis,F:3/3,4,owner-request,2,RED,10
2026-08-10,MA,0,562.95,HOLD,530.03,557.08,494.824,84.22,RED,3,2,1,BREAKOUT,0,0,0,0,43,fails,0,G3 leader,F:3/3,,owner-request,,NEUTRAL,
2026-08-10,MCD,0,274.48,CAUTION,269.56,283.31,275.062,31.69,WHITE,0,19,0,,0,1,0,1,17,fails,0,G2 trend;G3 leader;G4 basis,F:2/3,,shadow-screen,,RED,
2026-08-10,MCHP,0,84.69,ACCUMULATE,81.22,85.37,90.0586,57.14,RED,3,1,1,,0,0,0,1,42,fails,0,G3 leader;G4 basis,F:2/3,,shadow-screen,,RED,
2026-08-10,MDB,0,398.8,ACCUMULATE,394.33,414.45,322.776,93.93,RED,3,2,1,BREAKOUT,0,0,0,0,75,CONVICTION,1,,F:3/3,13,owner-request,24,RED,17
2026-08-10,META,0,592.1,CAUTION,580.8,610.43,610.358,26.12,WHITE,0,39,0,BREAKDOWN,1,1,1,1,5,fails,0,G1 size;G2 trend;G3 leader;G4 basis,F:2/2,,owner-request,,NEUTRAL,
2026-08-10,MPWR,0,1401.54,HOLD,1316.47,1383.64,1343.34,66.21,RED,3,60,1,BREAKOUT,0,0,0,0,67,STARTER,1,,F:3/3,,shadow-screen,,RED,
2026-08-10,MRK,0,128.58,ACCUMULATE,125.8,132.22,120.881,90.27,RED,4,40,1,,0,0,0,1,67,STARTER,1,,F:2/3,,shadow-screen,,YELLOW,
2026-08-10,MRVL,0,218.72,HOLD,203.57,213.96,89.2744,57.36,RED,3,24,1,,0,0,1,0,64,STARTER,1,,F:3/3,,owner-request,,RED,
2026-08-10,MS,0,216.33,ACCUMULATE,210.98,221.75,215.288,79.67,RED,3,19,1,BREAKOUT,1,0,1,1,67,STARTER,1,,F:2/3,,shadow-screen,,RED,
2026-08-10,MSFT,0,499.99,ACCUMULATE,492.67,517.8,394.416,94.85,RED,3,1,1,,0,0,0,1,45,fails,0,G1 size;G3 leader,F:3/3,23,owner-request,20,RED,14
2026-08-10,MSTR,0,100.01,CAUTION,93.03,97.77,94.9249,29.95,WHITE,0,44,0,BREAKDOWN,0,0,0,0,18,fails,0,G2 trend;G3 leader,F:0/2,,shadow-screen,,RED,
2026-08-10,MU,1,877.57,ACCUMULATE,860.39,904.29,928.221,57.99,RED,3,61,1,,0,0,0,1,60,fails,0,G1 size;G4 basis,F:3/3,1,holding,7,RED,5
2026-08-10,NBIS,1,187.97,ACCUMULATE,183.01,192.34,222.464,53.18,RED,3,27,1,BREAKOUT,0,0,0,1,69,fails,0,G4 basis,F:2/2,3,holding,9,NEUTRAL,3
2026-08-10,NEE,0,84.65,CAUTION,78.87,82.89,87.785,19.63,AMBER,2,2,0,BREAKDOWN,0,0,0,0,17,fails,0,G2 trend;G3 leader;G4 basis,F:2/3,,shadow-screen,,YELLOW,
2026-08-10,NET,0,300.27,HOLD,265.43,278.98,196.615,97.41,RED,4,17,1,BREAKOUT,0,0,0,0,67,fails,0,G3 leader,F:2/2,,owner-request,,RED,
2026-08-10,NFLX,0,74.14,CAUTION,72.25,75.93,73.72,27.2,WHITE,0,38,0,BREAKDOWN,1,1,0,1,14,fails,0,G2 trend;G3 leader,F:2/3,,owner-request,,RED,
2026-08-10,NKE,0,41.7,CAUTION,,,42.8979,5.76,WHITE,0,44,0,BREAKDOWN,0,0,0,0,17,fails,0,G2 trend;G3 leader;G4 basis,F:2/3,,shadow-screen,,YELLOW,
2026-08-10,NOW,0,124.88,CAUTION,120.2,126.33,102.561,87.33,WHITE,1,54,1,,0,0,0,1,33,fails,0,G2 trend;G3 leader,F:2/3,,shadow-screen,,RED,
2026-08-10,NVDA,1,223.96,ACCUMULATE,216.14,227.17,209.265,96.08,RED,4,6,1,BREAKOUT,0,0,0,1,45,fails,0,G1 size;G3 leader,F:3/3,19,holding,17,RED,11
2026-08-10,NVO,0,47.26,CAUTION,46.88,49.27,47.8359,57.74,WHITE,1,2,0,BREAKDOWN,1,1,0,1,17,fails,0,G2 trend;G3 leader;G4 basis,F:—,,owner-request,,YELLOW,
2026-08-10,NXPI,0,239.71,CAUTION,228.75,240.42,233.417,39.34,AMBER,2,2,0,,0,0,0,1,22,fails,0,G2 trend;G3 leader,F:1/2,,shadow-screen,,YELLOW,
2026-08-10,ON,0,81.17,PULLBACK,79.2,83.24,93.8008,38.07,AMBER,2,2,1,BREAKOUT,0,0,0,1,42,fails,0,G2 trend;G4 basis,F:2/3,,shadow-screen,,NEUTRAL,
2026-08-10,ONON,0,37.55,BOTTOMING,36.77,38.64,37.517,50.34,WHITE,0,23,0,BREAKOUT,0,0,0,1,25,fails,0,G2 trend;G3 leader,F:1/1,,owner-request,,RED,
2026-08-10,ORCL,0,147.02,CAUTION,142.17,149.43,145.075,37.95,WHITE,0,7,0,BREAKDOWN,0,0,0,1,14,fails,0,G2 trend;G3 leader,F:3/3,,owner-request,,RED,
2026-08-10,PANW,0,363.86,ACCUMULATE,347.42,365.14,166.801,98.41,RED,4,13,1,,0,0,0,1,73,STARTER,1,,F:2/3,8,owner-request,11,RED,4
2026-08-10,PEP,0,139.02,CAUTION,136.08,143.02,142.322,21.75,WHITE,0,11,0,INSIDE,0,0,0,1,22,fails,0,G2 trend;G3 leader;G4 basis,F:2/3,,shadow-screen,,NEUTRAL,
2026-08-10,PFE,0,26.76,PULLBACK,24.67,25.92,25.169,81.79,AMBER,2,1,1,BREAKDOWN,0,0,0,0,37,fails,0,G2 trend;G3 leader,F:2/3,,shadow-screen,,RED,
2026-08-10,PG,0,145.79,CAUTION,142.81,150.09,145.723,37.89,WHITE,1,3,0,,0,1,0,1,22,fails,0,G2 trend;G3 leader,F:2/3,,shadow-screen,,YELLOW,
2026-08-10,PLTR,1,172.01,CAUTION,163.03,171.35,134.44,89.26,WHITE,1,26,1,,0,0,0,0,30,fails,0,G1 size;G2 trend;G3 leader,F:2/2,,holding,,RED,
2026-08-10,QCOM,0,167.86,CAUTION,164.79,173.2,131.179,35.52,WHITE,1,2,0,INSIDE,0,0,0,1,23,fails,0,G2 trend;G3 leader,F:3/3,,owner-request,,RED,
2026-08-10,QQQ,0,723.03,ACCUMULATE,703.4,739.28,717.751,89.66,RED,3,18,1,BREAKDOWN,0,1,0,1,45,fails,0,G1 size;G3 leader,F:—,17,owner-request,5,RED,18
2026-08-10,RBLX,0,37.79,CAUTION,36.49,38.35,37.2302,11.64,WHITE,0,35,0,BREAKDOWN,0,0,0,1,22,fails,0,G2 trend;G3 leader,F:2/2,,owner-request,,YELLOW,
2026-08-10,RDDT,0,161.7,CAUTION,153.94,161.79,142.753,48.24,WHITE,0,2,0,INSIDE,0,0,0,1,32,fails,0,G2 trend;G3 leader,F:2/2,,shadow-screen,,YELLOW,
2026-08-10,RKLB,0,82.83,PULLBACK,82.32,86.52,68.0144,56.73,AMBER,2,1,1,BREAKOUT,0,0,0,0,62,fails,0,G2 trend,F:1/3,,owner-request,,RED,
2026-08-10,RTX,0,223.03,ACCUMULATE,217.93,229.05,175.25,99.14,RED,4,8,1,BREAKOUT,0,0,0,0,67,STARTER,1,,F:2/3,,shadow-screen,,RED,
2026-08-10,SCHW,0,107.6,ACCUMULATE,105.56,110.95,92.2369,98.52,RED,4,5,1,INSIDE,0,0,0,1,57,fails,0,G3 leader,F:3/3,,shadow-screen,,RED,
2026-08-10,SE,0,113.43,BOTTOMING,109.65,115.25,89.3319,74.77,WHITE,1,38,1,BREAKOUT,0,0,0,1,50,fails,0,G2 trend;G3 leader,F:2/2,,owner-request,,RED,
2026-08-10,SHOP,0,151.57,BOTTOMING,145.53,152.95,119.427,92.24,WHITE,1,26,1,BREAKOUT,0,0,0,1,42,fails,0,G2 trend;G3 leader,F:2/2,,owner-request,,RED,
2026-08-10,SMCI,0,31.13,BOTTOMING,30.18,31.72,30.7939,56.07,WHITE,0,8,0,BREAKOUT,0,0,0,1,32,fails,0,G2 trend;G3 leader,F:3/3,,shadow-screen,,RED,
2026-08-10,SNDK,0,1212.21,HOLD,1081.82,1137.01,638.592,51.69,RED,3,60,1,BREAKOUT,0,0,0,0,65,fails,0,G1 size,F:3/3,,shadow-screen,,YELLOW,
2026-08-10,SNOW,0,330.49,HOLD,261.89,275.25,237.448,99.9,RED,4,9,1,BREAKOUT,0,0,0,0,77,CONVICTION,1,,F:3/3,,owner-request,,RED,
2026-08-10,SOFI,0,18.38,BOTTOMING,18,18.92,18.3663,69.31,WHITE,0,25,0,BREAKOUT,0,0,0,1,27,fails,0,G2 trend;G3 leader,F:2/3,,owner-request,,RED,
2026-08-10,SPCX,0,133.11,CAUTION,130.85,137.53,111.374,42.98,WHITE,0,5,0,,0,0,0,0,15,fails,0,G1 size;G2 trend;G3 leader;G5 data,F:—,,owner-request,,RED,
2026-08-10,STX,0,812.76,ACCUMULATE,794.94,835.5,866.044,60.12,RED,3,64,1,BREAKOUT,1,1,1,1,69,fails,0,G4 basis,F:3/3,,shadow-screen,,NEUTRAL,
2026-08-10,T,0,23.79,CAUTION,22.85,24.01,23.3142,54.04,WHITE,0,16,0,BREAKDOWN,1,0,1,1,18,fails,0,G2 trend;G3 leader,F:2/3,,shadow-screen,,RED,
2026-08-10,TER,0,379.31,HOLD,352.32,370.29,359.509,71.55,RED,3,52,1,BREAKOUT,0,1,0,0,77,CONVICTION,1,,F:2/3,,shadow-screen,,RED,
2026-08-10,TMDX,0,83.89,BOTTOMING,78.83,82.85,74.8559,61.64,WHITE,0,20,0,BREAKOUT,0,1,0,0,40,fails,0,G2 trend;G3 leader,F:3/3,,owner-request,,RED,
2026-08-10,TMO,0,594,ACCUMULATE,566.35,595.25,472.719,95.07,RED,3,3,1,BREAKOUT,0,0,0,1,52,fails,0,G3 leader,F:2/3,,shadow-screen,,RED,
2026-08-10,TMUS,0,177.19,CAUTION,,,180.98,11.86,WHITE,0,47,0,,0,0,0,0,17,fails,0,G2 trend;G3 leader;G4 basis,F:2/3,,shadow-screen,,YELLOW,
2026-08-10,TOST,0,34.48,ACCUMULATE,34.18,35.92,28.1072,85.04,RED,3,1,1,BREAKOUT,0,0,0,1,60,fails,0,G3 leader,F:2/2,24,owner-request,21,RED,15
2026-08-10,TSLA,1,328.58,CAUTION,318.63,334.89,397.921,16.6,WHITE,0,7,0,BREAKDOWN,0,0,0,1,5,fails,0,G1 size;G2 trend;G3 leader;G4 basis,F:1/3,,holding,,RED,
2026-08-10,TSM,1,420.04,ACCUMULATE,409.46,430.35,417.813,72.97,RED,3,62,1,,1,1,0,1,65,fails,0,G1 size,F:3/3,10,holding,4,RED,13
2026-08-10,TXN,0,286.08,ACCUMULATE,274.12,288.11,279.718,59.62,RED,3,18,1,,1,1,0,1,63,STARTER,1,,F:3/3,,shadow-screen,,RED,
2026-08-10,UBER,0,75.02,BOTTOMING,72.13,75.81,73.5988,68.7,WHITE,1,34,0,BREAKOUT,0,1,0,0,37,fails,0,G2 trend;G3 leader,F:3/3,,owner-request,,RED,
2026-08-10,UNH,0,407.08,ACCUMULATE,399.75,420.14,424.412,73.72,RED,4,14,1,INSIDE,0,0,0,1,68,fails,0,G4 basis,F:3/3,,shadow-screen,,YELLOW,
2026-08-10,V,0,362.5,ACCUMULATE,349.13,366.94,329.468,90.09,RED,4,6,1,,0,0,0,1,48,fails,0,G3 leader,F:0/1,22,owner-request,19,YELLOW,23
2026-08-10,VRT,0,272.4,HOLD,258.36,271.54,307.051,51.43,RED,3,1,1,,0,1,0,0,53,fails,0,G4 basis,F:3/3,,owner-request,,RED,
2026-08-10,VZ,0,47.06,HOLD,43.26,45.47,47.4048,68.94,RED,3,1,1,INSIDE,0,0,0,0,47,fails,0,G3 leader;G4 basis,F:2/3,,shadow-screen,,RED,
2026-08-10,WDC,0,434.3,ACCUMULATE,431.52,453.53,537.498,48.28,RED,3,62,1,BREAKOUT,1,1,0,1,64,fails,0,G4 basis,F:3/3,,shadow-screen,,YELLOW,
2026-08-10,WFC,0,87.25,ACCUMULATE,85.34,89.69,87.0812,80.32,RED,3,5,1,BREAKDOWN,0,0,0,1,52,fails,0,G3 leader,F:2/3,,shadow-screen,,YELLOW,
2026-08-10,WMT,0,111.85,CAUTION,109.31,114.89,118.748,25.72,WHITE,0,5,0,BREAKDOWN,0,0,0,1,13,fails,0,G2 trend;G3 leader;G4 basis,F:2/3,,shadow-screen,,RED,
2026-08-10,XOM,0,153.04,ACCUMULATE,150.04,157.69,153.102,69.69,RED,3,4,1,BREAKOUT,1,0,1,1,63,fails,0,G4 basis,F:—,,shadow-screen,,YELLOW,
2026-08-10,ZETA,0,26.64,HOLD,25.32,26.61,18.4446,97.4,RED,4,11,1,,0,0,0,0,60,fails,0,G3 leader,F:2/2,,shadow-screen,,RED,
2026-08-10,ZS,0,168.68,CAUTION,160.52,168.7,146.806,80.66,WHITE,1,35,0,,1,0,1,1,30,fails,0,G2 trend;G3 leader,F:3/3,,owner-request,,RED,
2026-08-11,0700,0,473.4,CAUTION,457.38,480.71,466.711,50.07,WHITE,0,26,0,INSIDE,0,0,0,1,15,fails,0,G1 size;G2 trend;G3 leader,F:—,,owner-request,,NEUTRAL,
2026-08-11,1810,0,27.04,CAUTION,25.29,26.58,27.5733,25.65,WHITE,0,44,0,BREAKDOWN,0,0,0,0,5,fails,0,G1 size;G2 trend;G3 leader;G4 basis,F:—,,owner-request,,YELLOW,
2026-08-11,3690,0,94.4,CAUTION,89.87,94.45,77.8804,76.35,WHITE,1,69,1,INSIDE,0,0,0,1,34,fails,0,G2 trend;G3 leader,F:—,,owner-request,,RED,
2026-08-11,9992,1,153.4,CAUTION,151.17,158.89,154.259,13.97,WHITE,0,24,0,INSIDE,0,0,0,1,18,fails,0,G2 trend;G3 leader;G4 basis,F:—,,holding,,YELLOW,
2026-08-11,AAL,0,15,HOLD,13.7,14.4,15.1365,50.24,RED,3,12,1,BREAKOUT,0,0,0,0,42,fails,0,G3 leader;G4 basis,F:2/3,,shadow-screen,,NEUTRAL,
2026-08-11,AAOI,0,132.81,ACCUMULATE,131.34,138.04,139.827,51.4,RED,3,2,1,BREAKDOWN,0,0,0,1,67,fails,0,G4 basis,F:1/3,,shadow-screen,,RED,
2026-08-11,AAPL,1,308.26,HOLD,291.78,306.67,310.592,72.43,RED,4,20,1,INSIDE,1,1,1,0,40,fails,0,G1 size;G3 leader;G4 basis,F:2/3,,holding,,YELLOW,
2026-08-11,ABBV,0,247.97,ACCUMULATE,244.27,256.73,249.255,77.27,RED,4,10,1,BREAKDOWN,0,0,0,1,52,fails,0,G3 leader;G4 basis,F:2/3,,shadow-screen,,YELLOW,
2026-08-11,ABT,0,108.62,CAUTION,104.84,110.19,88.7909,79.37,WHITE,1,42,1,,0,0,0,1,37,fails,0,G2 trend;G3 leader,F:2/2,,shadow-screen,,RED,
2026-08-11,ACN,0,178.25,CAUTION,173.21,182.05,126.877,60.63,WHITE,0,29,0,INSIDE,1,0,1,1,32,fails,0,G2 trend;G3 leader,F:1/2,,shadow-screen,,RED,
2026-08-11,ADBE,0,272.96,CAUTION,246.64,259.23,251.675,81.49,WHITE,1,88,0,,0,0,0,0,27,fails,0,G2 trend;G3 leader,F:3/3,,owner-request,,RED,
2026-08-11,ADI,0,383.925,ACCUMULATE,369.38,388.22,392.536,54.82,RED,3,40,1,BREAKOUT,0,0,0,1,62,fails,0,G4 basis,F:3/3,,shadow-screen,,RED,
2026-08-11,ALAB,0,317.23,HOLD,207.63,218.22,123.076,63.71,RED,3,17,1,,0,0,0,0,73,STARTER,1,,F:3/3,,owner-request,,NEUTRAL,
2026-08-11,AMAT,0,522.12,HOLD,432.78,454.86,541.891,62.05,RED,3,48,1,BREAKOUT,0,0,0,0,64,fails,0,G4 basis,F:2/3,,owner-request,,NEUTRAL,
2026-08-11,AMD,1,469.56,HOLD,246.15,258.71,215.827,65.62,RED,3,22,1,BREAKOUT,0,0,0,0,65,fails,0,G1 size,F:3/3,,holding,,YELLOW,
2026-08-11,AMZN,0,278.09,HOLD,262.13,275.5,229.756,96.96,RED,4,3,1,BREAKOUT,0,1,0,0,40,fails,0,G1 size;G3 leader,F:3/3,,owner-request,,RED,
2026-08-11,ANET,0,191.52,ACCUMULATE,189.25,198.9,143.099,95.54,RED,4,18,1,BREAKOUT,0,0,0,1,62,fails,0,G3 leader,F:3/3,10,owner-request,12,RED,5
2026-08-11,APH,0,167.7,ACCUMULATE,159.87,168.03,147.137,93.32,RED,4,12,1,BREAKOUT,0,0,0,1,72,STARTER,1,,F:3/3,,shadow-screen,,RED,
2026-08-11,APP,0,339,CAUTION,336.75,353.93,466.365,5.05,WHITE,0,5,0,BREAKDOWN,1,1,0,1,13,fails,0,G2 trend;G3 leader;G4 basis,F:2/2,,owner-request,,YELLOW,
2026-08-11,ARM,0,267.85,HOLD,252.9,265.8,210.673,57.39,RED,3,19,1,,0,0,0,0,68,STARTER,1,,F:3/3,,owner-request,,NEUTRAL,
2026-08-11,ASML,0,1733.48,ACCUMULATE,1659.2,1743.85,1774.9,66.34,RED,3,52,1,,1,1,0,1,69,fails,0,G4 basis,F:1/1,2,owner-request,2,RED,10
2026-08-11,ASTS,0,68.76,CAUTION,68.17,71.65,69.5636,26.52,WHITE,0,5,0,BREAKDOWN,0,0,0,1,27,fails,0,G2 trend;G4 basis,F:0/2,,owner-request,,RED,
2026-08-11,AVGO,0,422.4,ACCUMULATE,409.18,430.05,379.737,90.65,RED,4,6,1,BREAKOUT,0,0,0,1,45,fails,0,G1 size;G3 leader,F:3/3,,shadow-screen,,RED,
2026-08-11,AXON,0,596.33,ACCUMULATE,589.34,619.41,393.819,86.31,RED,3,2,1,,1,0,1,1,60,fails,0,G3 leader,F:3/3,17,owner-request,6,RED,4
2026-08-11,AXP,0,338.86,HOLD,307.38,323.06,341.473,59.4,RED,3,3,1,BREAKOUT,1,1,1,0,37,fails,0,G3 leader;G4 basis,F:2/3,,shadow-screen,,YELLOW,
2026-08-11,AXTI,0,73.81,ACCUMULATE,71.28,74.92,64.4517,64.32,RED,3,2,1,,1,0,1,1,77,CONVICTION,1,,F:0/3,,shadow-screen,,RED,
2026-08-11,AZO,0,3067.99,CAUTION,3016.37,3170.26,3077.93,26.78,WHITE,0,26,0,INSIDE,1,0,1,1,25,fails,0,G2 trend;G3 leader;G4 basis,F:2/3,,shadow-screen,,RED,
2026-08-11,BA,0,232.79,ACCUMULATE,228.75,240.42,217.965,82.5,RED,3,2,1,BREAKOUT,0,1,0,1,62,fails,0,G3 leader,F:2/3,,shadow-screen,,RED,
2026-08-11,BAC,0,63.86,ACCUMULATE,61.92,65.08,52.1253,100,RED,4,11,1,BREAKOUT,0,0,0,1,73,STARTER,1,,F:2/3,,shadow-screen,,NEUTRAL,
2026-08-11,BE,0,210.63,HOLD,163.65,172,278.421,48.76,RED,3,3,1,BREAKDOWN,0,0,0,0,54,fails,0,G4 basis,F:0/1,,shadow-screen,,NEUTRAL,
2026-08-11,BKNG,0,212.88,ACCUMULATE,203.39,213.76,168.127,93.19,RED,3,2,1,BREAKOUT,0,0,0,1,52,fails,0,G3 leader,F:2/3,,shadow-screen,,RED,
2026-08-11,BSX,0,50.46,BOTTOMING,47.36,49.78,44.6055,53.44,WHITE,0,37,0,BREAKOUT,0,1,0,0,32,fails,0,G2 trend;G3 leader,F:3/3,,shadow-screen,,RED,
2026-08-11,C,0,135.22,ACCUMULATE,130.21,136.85,132.864,76.79,RED,3,22,1,BREAKOUT,0,0,0,1,63,STARTER,1,,F:2/3,,shadow-screen,,RED,
2026-08-11,CAT,0,837.58,ACCUMULATE,802.25,843.18,887.084,45.38,RED,3,60,1,INSIDE,0,0,0,1,63,fails,0,G4 basis,F:2/3,,shadow-screen,,NEUTRAL,
2026-08-11,CAVA,0,61.58,CAUTION,51.3,53.92,63.1027,10.75,WHITE,0,4,0,,0,1,0,0,25,fails,0,G2 trend;G3 leader;G4 basis,F:3/3,,owner-request,,NEUTRAL,
2026-08-11,CBRS,0,230.01,CAUTION,215.61,226.61,220.012,71.11,WHITE,0,14,0,,0,0,0,0,32,fails,0,G2 trend;G3 leader;G5 data,F:—,,shadow-screen,,RED,
2026-08-11,CDE,0,18.15,CAUTION,17.01,17.88,16.2809,68.55,WHITE,1,11,1,INSIDE,0,0,0,0,52,fails,0,G2 trend,F:2/3,,owner-request,,RED,
2026-08-11,CEG,0,270.43,BOTTOMING,265.21,278.75,270.626,37.9,WHITE,0,29,0,BREAKOUT,0,0,0,1,27,fails,0,G2 trend;G3 leader;G4 basis,F:2/3,,shadow-screen,,RED,
2026-08-11,CIEN,0,387.7,PULLBACK,333.61,350.63,440.28,42.24,AMBER,2,1,1,BREAKDOWN,0,1,0,0,52,fails,0,G2 trend;G4 basis,F:3/3,,shadow-screen,,NEUTRAL,
2026-08-11,COHR,0,325.15,ACCUMULATE,318.02,334.24,248.659,59.48,RED,3,2,1,BREAKDOWN,1,1,1,1,68,STARTER,1,,F:2/3,,shadow-screen,,RED,
2026-08-11,COIN,0,148.68,CAUTION,147.31,154.83,164.086,6.45,WHITE,0,37,0,BREAKDOWN,0,0,0,1,17,fails,0,G2 trend;G3 leader;G4 basis,F:1/2,,shadow-screen,,YELLOW,
2026-08-11,COST,0,952.75,BOTTOMING,930.88,978.37,949.877,42.82,WHITE,1,6,0,BREAKOUT,0,0,0,1,28,fails,0,G2 trend;G3 leader,F:2/3,,owner-request,,RED,
2026-08-11,CRCL,0,67.05,CAUTION,62.12,65.29,63.3924,23.28,WHITE,0,10,0,BREAKDOWN,0,1,0,0,27,fails,0,G2 trend;G3 leader,F:2/2,,shadow-screen,,RED,
2026-08-11,CRDO,0,239.935,ACCUMULATE,229.87,241.59,247.119,76.91,RED,3,17,1,,0,0,0,1,72,fails,0,G4 basis,F:3/3,4,owner-request,8,RED,3
2026-08-11,CRM,0,197.51,CAUTION,188.22,197.82,185.994,80.17,WHITE,1,74,0,,0,0,0,1,23,fails,0,G2 trend;G3 leader,F:2/3,,owner-request,,RED,
2026-08-11,CRWD,0,225.16,HOLD,184.91,194.34,110.543,99.96,RED,4,14,1,BREAKOUT,0,0,0,0,68,STARTER,1,,F:2/2,,owner-request,,RED,
2026-08-11,CRWV,0,88.19,CAUTION,86.12,90.51,87.8743,39.97,WHITE,0,5,0,BREAKDOWN,0,0,0,1,23,fails,0,G2 trend;G3 leader,F:2/2,,shadow-screen,,RED,
2026-08-11,CSCO,0,122.57,ACCUMULATE,116.9,122.86,77.9846,94.92,RED,3,68,1,,0,0,0,1,73,STARTER,1,,F:2/3,,shadow-screen,,RED,
2026-08-11,CSPX,1,835.72,ACCUMULATE,817.47,859.17,805.023,98.99,RED,4,18,1,BREAKOUT,0,0,0,1,60,fails,0,G3 leader,F:—,13,holding,14,RED,15
2026-08-11,CVX,0,194.91,ACCUMULATE,192.01,201.8,189.832,87.22,RED,4,5,1,BREAKOUT,0,0,0,1,52,fails,0,G3 leader,F:1/3,,shadow-screen,,NEUTRAL,
2026-08-11,D05,0,77.09,HOLD,72.42,76.11,57.6073,99.79,RED,4,69,1,BREAKOUT,0,0,0,0,70,STARTER,1,,F:—,,owner-request,,NEUTRAL,
2026-08-11,DDOG,1,260.78,ACCUMULATE,251.91,264.76,125.934,86.28,RED,4,15,1,BREAKOUT,1,1,0,1,77,CONVICTION,1,,F:2/2,6,holding,3,NEUTRAL,2
2026-08-11,DELL,0,457.88,HOLD,433.46,455.58,117.8,97.37,RED,4,24,1,BREAKOUT,0,0,0,0,73,STARTER,1,,F:2/2,,shadow-screen,,RED,
2026-08-11,DRAM,1,49.6,CAUTION,46.58,48.96,53.97,15.31,AMBER,2,4,0,,0,1,0,0,34,fails,0,G2 trend;G4 basis;G5 data,F:—,,holding,,NEUTRAL,
2026-08-11,DUOL,0,137.19,CAUTION,120.61,126.76,98.8507,76.15,WHITE,0,53,0,,0,0,0,0,30,fails,0,G2 trend;G3 leader,F:2/2,,owner-request,,NEUTRAL,
2026-08-11,ETHA,0,14.14,CAUTION,14.04,14.75,14.3238,28.13,WHITE,0,37,0,BREAKDOWN,1,0,1,1,25,fails,0,G2 trend;G3 leader;G4 basis,F:1/2,,owner-request,,YELLOW,
2026-08-11,ETN,0,444.96,HOLD,397.97,418.27,406.091,96.78,RED,4,23,1,INSIDE,0,0,0,0,57,fails,0,G3 leader,F:3/3,,shadow-screen,,RED,
2026-08-11,FCX,0,70.51,ACCUMULATE,67.93,71.39,62.1905,98.43,RED,4,4,1,BREAKOUT,0,0,0,1,67,STARTER,1,,F:2/3,,shadow-screen,,RED,
2026-08-11,GE,0,366.7,ACCUMULATE,350.92,368.83,284.854,88.89,RED,4,12,1,BREAKOUT,0,0,0,1,67,fails,0,G3 leader,F:3/3,,shadow-screen,,NEUTRAL,
2026-08-11,GEV,0,990.85,HOLD,876.29,921,1065.33,55.76,RED,3,71,1,INSIDE,0,1,0,0,63,fails,0,G4 basis,F:2/3,,shadow-screen,,YELLOW,
2026-08-11,GLW,0,157.76,ACCUMULATE,154.61,162.5,157.764,43.2,RED,3,2,1,BREAKDOWN,1,1,0,1,63,fails,0,G4 basis,F:1/1,,shadow-screen,,RED,
2026-08-11,GOOG,1,355.84,ACCUMULATE,347.88,365.63,354.979,69.58,RED,3,3,1,,0,0,0,1,55,fails,0,G1 size,F:2/2,8,holding,11,RED,17
2026-08-11,GOOGL,0,357.52,ACCUMULATE,348.64,366.43,363.885,68.74,RED,3,3,1,,0,0,0,1,50,fails,0,G1 size;G4 basis,F:2/2,,shadow-screen,,RED,
2026-08-11,GRAB,0,3.67,BOTTOMING,3.55,3.73,3.6237,45.75,WHITE,0,32,0,BREAKOUT,1,1,1,1,25,fails,0,G2 trend;G3 leader,F:2/2,,owner-request,,RED,
2026-08-11,GS,0,1034.51,ACCUMULATE,1020,1072.05,931.302,70.85,RED,3,20,1,BREAKOUT,0,0,0,1,63,STARTER,1,,F:2/2,,shadow-screen,,YELLOW,
2026-08-11,HD,0,350.78,CAUTION,341.33,358.75,333.725,71.27,WHITE,1,24,1,BREAKDOWN,0,1,0,1,37,fails,0,G2 trend;G3 leader,F:2/3,,shadow-screen,,RED,
2026-08-11,HIMS,0,31.77,ACCUMULATE,31.07,32.65,29.3603,67.15,RED,3,2,1,BREAKDOWN,0,0,0,1,60,fails,0,G3 leader,F:2/2,18,owner-request,18,RED,6
2026-08-11,HON,0,242.93,ACCUMULATE,239.08,251.27,224.045,75.16,RED,4,4,1,,0,0,0,1,52,fails,0,G3 leader,F:2/3,,shadow-screen,,NEUTRAL,
2026-08-11,HOOD,0,94.52,HOLD,86.53,90.95,76.046,58.62,RED,3,2,1,BREAKOUT,0,0,0,0,38,fails,0,G3 leader,F:2/2,,owner-request,,NEUTRAL,
2026-08-11,IBIT,0,36.23,CAUTION,35.61,37.43,36.3375,21.79,WHITE,0,39,0,INSIDE,0,0,0,1,27,fails,0,G2 trend;G3 leader;G4 basis,F:1/2,,owner-request,,NEUTRAL,
2026-08-11,IBM,0,236.31,CAUTION,230.61,242.37,222.602,43.13,WHITE,0,5,0,,0,0,0,1,14,fails,0,G2 trend;G3 leader,F:2/3,,shadow-screen,,RED,
2026-08-11,ICE,0,150.54,CAUTION,146.48,153.95,153.668,47.9,WHITE,1,27,0,INSIDE,0,0,0,1,22,fails,0,G2 trend;G3 leader;G4 basis,F:2/3,,owner-request,,RED,
2026-08-11,INTC,0,97.52,HOLD,92.16,96.86,45.2035,52.84,RED,3,52,1,,0,0,0,0,60,fails,0,G1 size,F:1/3,,owner-request,,RED,
2026-08-11,INTU,0,334.43,CAUTION,305.04,320.6,311.263,59.82,WHITE,0,45,0,,0,0,1,0,22,fails,0,G2 trend;G3 leader,F:3/3,,shadow-screen,,RED,
2026-08-11,IONQ,0,42.53,BOTTOMING,39.96,42,35.34,39.48,WHITE,0,5,0,BREAKOUT,0,0,0,0,32,fails,0,G2 trend;G3 leader,F:1/3,,shadow-screen,,RED,
2026-08-11,IOT,0,39.86,HOLD,36.42,38.28,37.1655,94.83,RED,4,3,1,BREAKOUT,0,0,0,0,65,fails,0,G3 leader,F:2/2,,owner-request,,RED,
2026-08-11,IREN,0,38.74,CAUTION,32.9,34.58,40.5252,22.68,WHITE,0,5,0,BREAKDOWN,0,0,0,0,28,fails,0,G2 trend;G4 basis,F:2/2,,shadow-screen,,RED,
2026-08-11,ISRG,0,393.38,CAUTION,366.93,385.65,403.484,31.68,WHITE,0,28,0,INSIDE,0,0,1,0,18,fails,0,G2 trend;G3 leader;G4 basis,F:3/3,,shadow-screen,,RED,
2026-08-11,JNJ,0,261.81,ACCUMULATE,249.12,261.83,229.601,94.22,RED,4,57,1,BREAKOUT,0,0,0,1,63,STARTER,1,,F:2/3,,shadow-screen,,NEUTRAL,
2026-08-11,JPM,0,359.79,ACCUMULATE,350.4,368.27,311.747,99.66,RED,4,11,1,BREAKOUT,0,0,0,1,63,fails,0,G3 leader,F:2/3,11,owner-request,13,NEUTRAL,16
2026-08-11,KLAC,0,192.74,ACCUMULATE,187.08,196.63,181.489,56.07,RED,3,2,1,BREAKOUT,0,0,0,1,63,STARTER,1,,F:3/3,3,owner-request,7,NEUTRAL,7
2026-08-11,KO,0,86.87,ACCUMULATE,85.08,89.42,79.273,92.43,RED,4,32,1,BREAKOUT,0,0,0,1,57,fails,0,G3 leader,F:—,,shadow-screen,,RED,
2026-08-11,LIN,0,492.46,PULLBACK,484.73,509.46,513.674,42.4,AMBER,2,3,1,,1,1,0,1,27,fails,0,G2 trend;G3 leader;G4 basis,F:2/3,,shadow-screen,,YELLOW,
2026-08-11,LITE,0,813.51,HOLD,768.04,807.22,862.485,53.38,RED,3,63,1,BREAKOUT,0,0,1,0,69,fails,0,G4 basis,F:2/3,,shadow-screen,,RED,
2026-08-11,LLY,0,1231.94,ACCUMULATE,1178.23,1238.34,1159.39,99.34,RED,4,14,1,INSIDE,0,0,0,1,69,STARTER,1,,F:3/3,5,owner-request,9,RED,14
2026-08-11,LRCX,0,306.4,HOLD,291.27,306.13,314.235,58.27,RED,3,63,1,BREAKOUT,0,1,0,0,59,fails,0,G4 basis,F:3/3,,owner-request,,RED,
2026-08-11,MA,0,563.17,HOLD,530.03,557.08,494.824,83.99,RED,3,3,1,BREAKOUT,0,0,0,0,43,fails,0,G3 leader,F:3/3,,owner-request,,YELLOW,
2026-08-11,MCD,0,273.72,CAUTION,269.56,283.31,275.062,28.52,WHITE,0,20,0,,0,1,0,1,17,fails,0,G2 trend;G3 leader;G4 basis,F:2/3,,shadow-screen,,RED,
2026-08-11,MCHP,0,81.39,ACCUMULATE,77.71,81.67,90.0586,48.11,RED,3,2,1,,0,0,0,1,42,fails,0,G3 leader;G4 basis,F:2/3,,shadow-screen,,RED,
2026-08-11,MDB,0,416.67,ACCUMULATE,409.19,430.06,322.776,96.85,RED,3,3,1,BREAKOUT,0,0,0,1,80,CONVICTION,1,,F:3/3,7,owner-request,10,RED,11
2026-08-11,META,0,594.92,CAUTION,557.67,586.12,610.358,31.69,WHITE,0,40,0,BREAKDOWN,1,1,1,0,5,fails,0,G1 size;G2 trend;G3 leader;G4 basis,F:2/2,,owner-request,,NEUTRAL,
2026-08-11,MPWR,0,1381.1,ACCUMULATE,1316.47,1383.64,1343.34,63.4,RED,3,61,1,BREAKOUT,0,0,0,1,72,STARTER,1,,F:3/3,,shadow-screen,,RED,
2026-08-11,MRK,0,130.92,ACCUMULATE,125.8,132.22,128.367,97.05,RED,4,41,1,,0,0,0,1,67,STARTER,1,,F:2/3,,shadow-screen,,NEUTRAL,
2026-08-11,MRVL,0,208.56,ACCUMULATE,203.57,213.96,89.2744,52.16,RED,3,25,1,,1,0,1,1,69,STARTER,1,,F:3/3,1,owner-request,1,RED,1
2026-08-11,MS,0,215.33,ACCUMULATE,210.98,221.75,215.288,79.55,RED,3,20,1,BREAKOUT,1,0,1,1,67,STARTER,1,,F:2/3,,shadow-screen,,RED,
2026-08-11,MSFT,0,506.06,ACCUMULATE,492.67,517.8,394.416,95.9,RED,3,2,1,,0,0,0,1,45,fails,0,G1 size;G3 leader,F:3/3,15,owner-request,16,RED,9
2026-08-11,MSTR,0,97.33,CAUTION,93.03,97.77,94.9249,21.13,WHITE,0,45,0,BREAKDOWN,0,0,0,1,18,fails,0,G2 trend;G3 leader,F:0/2,,shadow-screen,,RED,
2026-08-11,MU,1,861,HOLD,781.56,821.43,928.221,55.82,RED,3,62,1,,0,0,0,0,55,fails,0,G1 size;G4 basis,F:3/3,,holding,,NEUTRAL,
2026-08-11,NBIS,1,184.11,HOLD,157.34,165.36,222.464,49.15,RED,3,28,1,BREAKOUT,0,0,0,0,64,fails,0,G4 basis,F:2/2,,holding,,NEUTRAL,
2026-08-11,NEE,0,84.7,CAUTION,78.87,82.89,87.785,20.06,WHITE,1,1,0,BREAKDOWN,0,0,0,0,17,fails,0,G2 trend;G3 leader;G4 basis,F:2/3,,shadow-screen,,YELLOW,
2026-08-11,NET,0,310.59,HOLD,265.43,278.98,196.615,98.84,RED,4,18,1,BREAKOUT,0,0,0,0,77,CONVICTION,1,,F:2/2,,owner-request,,RED,
2026-08-11,NFLX,0,76.29,CAUTION,75.13,78.97,73.72,34.36,WHITE,0,39,0,BREAKDOWN,0,0,0,0,14,fails,0,G2 trend;G3 leader,F:2/3,,owner-request,,RED,
2026-08-11,NKE,0,42.11,CAUTION,42.04,44.18,42.8979,22.15,WHITE,0,45,0,BREAKDOWN,0,0,0,1,17,fails,0,G2 trend;G3 leader;G4 basis,F:2/3,,shadow-screen,,YELLOW,
2026-08-11,NOW,0,127.44,CAUTION,120.2,126.33,102.561,88.67,WHITE,1,55,1,INSIDE,0,0,0,0,43,fails,0,G2 trend;G3 leader,F:2/3,,shadow-screen,,RED,
2026-08-11,NVDA,1,217.55,HOLD,205.08,215.54,209.265,89.16,RED,4,7,1,BREAKOUT,0,0,0,0,35,fails,0,G1 size;G3 leader,F:3/3,,holding,,RED,
2026-08-11,NVO,0,47.73,CAUTION,46.88,49.27,47.8359,57.69,AMBER,2,1,0,BREAKDOWN,1,1,0,1,17,fails,0,G2 trend;G3 leader;G4 basis,F:—,,owner-request,,NEUTRAL,
2026-08-11,NXPI,0,233.43,CAUTION,228.75,240.42,233.417,33.11,AMBER,2,3,0,,0,0,0,1,22,fails,0,G2 trend;G3 leader,F:1/2,,shadow-screen,,YELLOW,
2026-08-11,ON,0,79.78,PULLBACK,59.69,62.73,80.8158,34.25,AMBER,2,3,1,INSIDE,0,0,0,0,42,fails,0,G2 trend;G4 basis,F:2/3,,shadow-screen,,NEUTRAL,
2026-08-11,ONON,0,38.78,CAUTION,37.16,39.06,37.9221,64.29,WHITE,0,24,0,INSIDE,0,0,0,1,35,fails,0,G2 trend;G3 leader,F:1/1,,owner-request,,RED,
2026-08-11,ORCL,0,151.05,CAUTION,142.17,149.43,145.075,45.66,WHITE,0,8,0,BREAKDOWN,0,0,0,0,14,fails,0,G2 trend;G3 leader,F:3/3,,owner-request,,RED,
2026-08-11,PANW,0,385.04,HOLD,349.56,367.39,166.853,100,RED,4,14,1,,0,0,0,0,73,STARTER,1,,F:2/3,,owner-request,,RED,
2026-08-11,PEP,0,137.73,CAUTION,128.16,134.7,142.322,16.14,WHITE,0,12,0,INSIDE,0,0,0,0,22,fails,0,G2 trend;G3 leader;G4 basis,F:2/3,,shadow-screen,,NEUTRAL,
2026-08-11,PFE,0,27.05,PULLBACK,24.67,25.92,25.169,87.48,AMBER,2,2,1,BREAKDOWN,0,0,0,0,37,fails,0,G2 trend;G3 leader,F:2/3,,shadow-screen,,RED,
2026-08-11,PG,0,146.44,CAUTION,142.81,150.09,145.723,42.32,WHITE,1,4,0,,0,1,0,1,22,fails,0,G2 trend;G3 leader,F:2/3,,shadow-screen,,YELLOW,
2026-08-11,PLTR,1,175.23,PULLBACK,163.03,171.35,134.44,90.07,AMBER,2,1,1,,0,0,0,0,30,fails,0,G1 size;G2 trend;G3 leader,F:2/2,,holding,,RED,
2026-08-11,QCOM,0,162.17,CAUTION,155.73,163.68,131.179,30.66,WHITE,1,3,0,BREAKDOWN,0,0,0,1,18,fails,0,G2 trend;G3 leader,F:3/3,,owner-request,,RED,
2026-08-11,QQQ,0,720.87,ACCUMULATE,703.4,739.28,717.751,85.26,RED,3,19,1,BREAKDOWN,0,1,0,1,45,fails,0,G1 size;G3 leader,F:—,12,owner-request,5,RED,13
2026-08-11,RBLX,0,37.05,CAUTION,36.49,38.35,37.2302,5.87,WHITE,0,36,0,BREAKDOWN,0,0,0,1,17,fails,0,G2 trend;G3 leader;G4 basis,F:2/2,,owner-request,,YELLOW,
2026-08-11,RDDT,0,158.72,CAUTION,155.94,163.9,142.753,42.53,WHITE,0,3,0,INSIDE,0,0,0,1,32,fails,0,G2 trend;G3 leader,F:2/2,,shadow-screen,,YELLOW,
2026-08-11,RKLB,0,80.04,CAUTION,78.7,82.72,68.0144,49.21,WHITE,1,1,1,INSIDE,0,0,0,1,52,fails,0,G2 trend,F:1/3,,owner-request,,RED,
2026-08-11,RTX,0,224.12,ACCUMULATE,219.11,230.29,176.088,98.9,RED,4,9,1,BREAKOUT,0,0,0,1,67,STARTER,1,,F:2/3,,shadow-screen,,RED,
2026-08-11,SCHW,0,107.99,ACCUMULATE,104.77,110.12,92.436,99.51,RED,4,6,1,INSIDE,0,0,0,1,57,fails,0,G3 leader,F:3/3,,shadow-screen,,RED,
2026-08-11,SE,0,114.8,CAUTION,109.65,115.25,89.3319,78.89,WHITE,1,39,1,INSIDE,0,0,0,1,45,fails,0,G2 trend;G3 leader,F:2/2,,owner-request,,RED,
2026-08-11,SHOP,0,155.18,HOLD,145.53,152.95,119.427,93.85,RED,3,1,1,BREAKOUT,0,0,0,0,48,fails,0,G3 leader,F:2/2,,owner-request,,RED,
2026-08-11,SMCI,0,31.46,BOTTOMING,30.18,31.72,30.7939,55.29,WHITE,0,9,0,BREAKOUT,0,0,0,1,32,fails,0,G2 trend;G3 leader,F:3/3,,shadow-screen,,RED,
2026-08-11,SNDK,0,1237.92,ACCUMULATE,1214.81,1276.79,638.592,52.7,RED,3,61,1,BREAKOUT,0,0,0,1,70,fails,0,G1 size,F:3/3,,shadow-screen,,NEUTRAL,
2026-08-11,SNOW,0,334.7,HOLD,261.89,275.25,237.448,99.75,RED,4,10,1,BREAKOUT,0,0,0,0,77,CONVICTION,1,,F:3/3,,owner-request,,RED,
2026-08-11,SOFI,0,18.12,CAUTION,17.07,17.94,18.3663,57.83,WHITE,0,26,0,INSIDE,0,0,0,0,22,fails,0,G2 trend;G3 leader;G4 basis,F:2/3,,owner-request,,RED,
2026-08-11,SPCX,0,138.74,CAUTION,132.83,139.6,111.374,48.15,WHITE,0,6,0,,0,0,0,0,15,fails,0,G1 size;G2 trend;G3 leader;G5 data,F:—,,owner-request,,RED,
2026-08-11,STX,0,800.99,HOLD,400.57,421,866.044,55.11,RED,3,65,1,BREAKOUT,1,1,1,0,59,fails,0,G4 basis,F:3/3,,shadow-screen,,NEUTRAL,
2026-08-11,T,0,24.05,CAUTION,22.85,24.01,23.3142,56.27,WHITE,0,17,0,BREAKDOWN,0,0,1,0,18,fails,0,G2 trend;G3 leader,F:2/3,,shadow-screen,,RED,
2026-08-11,TER,0,365.1,ACCUMULATE,352.32,370.29,359.509,60.68,RED,3,53,1,INSIDE,1,1,0,1,82,CONVICTION,1,,F:2/3,,shadow-screen,,NEUTRAL,
2026-08-11,TMDX,0,88.41,BOTTOMING,78.83,82.85,74.8559,62.37,WHITE,0,21,0,BREAKOUT,0,1,0,0,40,fails,0,G2 trend;G3 leader,F:3/3,,owner-request,,RED,
2026-08-11,TMO,0,599.69,ACCUMULATE,580.41,610.02,472.719,95.54,RED,3,4,1,BREAKOUT,0,0,0,1,52,fails,0,G3 leader,F:2/3,,shadow-screen,,RED,
2026-08-11,TMUS,0,178.2,CAUTION,,,180.98,16.63,WHITE,0,48,0,,0,0,0,0,17,fails,0,G2 trend;G3 leader;G4 basis,F:2/3,,shadow-screen,,NEUTRAL,
2026-08-11,TOST,0,35.69,ACCUMULATE,34.18,35.92,28.1072,89.92,RED,3,2,1,BREAKOUT,0,0,0,1,60,fails,0,G3 leader,F:2/2,16,owner-request,17,RED,8
2026-08-11,TSLA,1,330.88,CAUTION,318.63,334.89,397.921,16.9,WHITE,0,8,0,BREAKDOWN,0,0,0,1,5,fails,0,G1 size;G2 trend;G3 leader;G4 basis,F:1/3,,holding,,RED,
2026-08-11,TSM,1,418.47,ACCUMULATE,409.46,430.35,417.813,72.75,RED,3,63,1,,1,1,0,1,60,fails,0,G1 size,F:3/3,9,holding,4,RED,12
2026-08-11,TXN,0,280.44,ACCUMULATE,274.12,288.11,279.718,51.37,RED,3,19,1,,1,1,0,1,63,STARTER,1,,F:3/3,,shadow-screen,,NEUTRAL,
2026-08-11,UBER,0,78.03,BOTTOMING,72.13,75.81,73.5988,78.65,WHITE,1,35,1,BREAKOUT,0,1,0,0,47,fails,0,G2 trend;G3 leader,F:3/3,,owner-request,,RED,
2026-08-11,UNH,0,408.74,ACCUMULATE,399.75,420.14,424.412,76.66,RED,4,15,1,INSIDE,0,0,0,1,68,fails,0,G4 basis,F:3/3,,shadow-screen,,YELLOW,
2026-08-11,V,0,361.32,ACCUMULATE,355.69,373.84,329.468,89.64,RED,4,7,1,,0,0,0,1,48,fails,0,G3 leader,F:0/1,14,owner-request,15,YELLOW,18
2026-08-11,VRT,0,270.1,PULLBACK,258.36,271.54,307.051,51.34,AMBER,2,1,1,,1,1,0,1,43,fails,0,G2 trend;G4 basis,F:3/3,,owner-request,,RED,
2026-08-11,VZ,0,47.03,ACCUMULATE,45.61,47.93,46.5361,69.06,RED,3,2,1,INSIDE,0,0,0,1,57,fails,0,G3 leader,F:2/3,,shadow-screen,,RED,
2026-08-11,WDC,0,438.34,ACCUMULATE,431.52,453.53,537.498,48.15,RED,3,63,1,BREAKOUT,1,1,0,1,64,fails,0,G4 basis,F:3/3,,shadow-screen,,YELLOW,
2026-08-11,WFC,0,87.52,ACCUMULATE,85.34,89.69,87.0812,80.31,RED,3,6,1,BREAKDOWN,0,0,0,1,52,fails,0,G3 leader,F:2/3,,shadow-screen,,NEUTRAL,
2026-08-11,WMT,0,112.66,CAUTION,109.31,114.89,118.748,30.8,WHITE,0,6,0,BREAKDOWN,0,0,0,1,13,fails,0,G2 trend;G3 leader;G4 basis,F:2/3,,shadow-screen,,RED,
2026-08-11,XOM,0,159.79,ACCUMULATE,154.1,161.96,153.102,91.82,RED,4,5,1,BREAKOUT,0,0,0,1,68,STARTER,1,,F:—,,shadow-screen,,RED,
2026-08-11,ZETA,0,27.54,HOLD,25.32,26.61,18.4446,98.92,RED,4,12,1,,0,0,0,0,60,fails,0,G3 leader,F:2/2,,shadow-screen,,RED,
2026-08-11,ZS,0,176.68,CAUTION,167.65,176.2,146.806,83.77,WHITE,1,36,1,,0,0,0,0,40,fails,0,G2 trend;G3 leader,F:3/3,,owner-request,,RED,
2026-08-12,0700,0,456.6,CAUTION,429.12,451.01,466.711,27.71,WHITE,0,26,0,BREAKDOWN,0,0,0,0,5,fails,0,G1 size;G2 trend;G3 leader;G4 basis,F:—,,owner-request,,YELLOW,
2026-08-12,1810,0,26.2,CAUTION,25.29,26.58,27.5733,19.3,WHITE,0,44,0,BREAKDOWN,0,0,0,0,5,fails,0,G1 size;G2 trend;G3 leader;G4 basis,F:—,,owner-request,,YELLOW,
2026-08-12,3690,0,90.95,CAUTION,89.87,94.45,77.8804,66.63,WHITE,1,69,1,,0,0,0,1,29,fails,0,G2 trend;G3 leader,F:—,,owner-request,,YELLOW,
2026-08-12,9992,1,152.2,CAUTION,151.17,158.89,154.259,14.28,WHITE,0,24,0,INSIDE,0,0,0,1,18,fails,0,G2 trend;G3 leader;G4 basis,F:—,,holding,,YELLOW,
2026-08-12,AAL,0,15.29,ACCUMULATE,14.83,15.59,15.1365,59.58,RED,3,12,1,BREAKOUT,0,0,0,1,52,fails,0,G3 leader,F:2/3,,shadow-screen,,NEUTRAL,
2026-08-12,AAOI,0,134.33,ACCUMULATE,131.34,138.04,134.022,53.42,RED,3,2,1,BREAKDOWN,0,0,0,1,72,STARTER,1,,F:1/3,,shadow-screen,,RED,
2026-08-12,AAPL,1,304.91,ACCUMULATE,291.78,306.67,310.592,66.84,RED,3,20,1,BREAKDOWN,1,1,1,1,40,fails,0,G1 size;G3 leader;G4 basis,F:2/3,13,holding,1,YELLOW,20
2026-08-12,ABBV,0,250.09,ACCUMULATE,244.27,256.73,249.255,80.46,RED,4,10,1,BREAKDOWN,0,0,0,1,57,fails,0,G3 leader,F:2/3,,shadow-screen,,NEUTRAL,
2026-08-12,ABT,0,109.72,CAUTION,104.84,110.19,88.7909,82.3,WHITE,1,42,1,,0,0,0,1,37,fails,0,G2 trend;G3 leader,F:2/2,,shadow-screen,,RED,
2026-08-12,ACN,0,179.82,CAUTION,173.21,182.05,126.877,64.61,WHITE,0,29,0,INSIDE,1,0,1,1,32,fails,0,G2 trend;G3 leader,F:1/2,,shadow-screen,,RED,
2026-08-12,ADBE,0,263.71,CAUTION,246.64,259.23,251.675,74.16,WHITE,1,88,0,,0,0,0,0,27,fails,0,G2 trend;G3 leader,F:3/3,,owner-request,,RED,
2026-08-12,ADI,0,385.3,ACCUMULATE,369.38,388.22,392.536,56.91,RED,3,40,1,INSIDE,0,0,0,1,67,fails,0,G4 basis,F:3/3,,shadow-screen,,RED,
2026-08-12,ALAB,0,311.99,HOLD,200.06,210.27,123.076,60.89,RED,3,17,1,,0,0,0,0,73,STARTER,1,,F:3/3,,owner-request,,NEUTRAL,
2026-08-12,AMAT,0,525.61,HOLD,432.78,454.86,541.891,62.79,RED,3,48,1,BREAKOUT,0,0,0,0,64,fails,0,G4 basis,F:2/3,,owner-request,,NEUTRAL,
2026-08-12,AMD,1,474.32,HOLD,246.15,258.71,215.827,66.9,RED,3,22,1,BREAKOUT,0,0,0,0,65,fails,0,G1 size,F:3/3,,holding,,YELLOW,
2026-08-12,AMZN,0,272.27,ACCUMULATE,267.17,280.8,229.756,89.8,RED,4,3,1,INSIDE,0,1,0,1,50,fails,0,G1 size;G3 leader,F:3/3,17,owner-request,7,RED,9
2026-08-12,ANET,0,197.85,ACCUMULATE,189.25,198.9,143.099,97.67,RED,4,18,1,BREAKOUT,0,0,0,1,62,fails,0,G3 leader,F:3/3,12,owner-request,15,RED,7
2026-08-12,APH,0,167.23,ACCUMULATE,159.87,168.03,147.137,92.67,RED,4,12,1,BREAKOUT,0,0,0,1,67,STARTER,1,,F:3/3,,shadow-screen,,RED,
2026-08-12,APP,0,318.68,CAUTION,,,466.365,2.18,WHITE,0,5,0,BREAKDOWN,0,1,0,0,13,fails,0,G2 trend;G3 leader;G4 basis,F:2/2,,owner-request,,YELLOW,
2026-08-12,ARM,0,268.93,HOLD,252.9,265.8,210.673,58.26,RED,3,19,1,,0,0,0,0,68,STARTER,1,,F:3/3,,owner-request,,RED,
2026-08-12,ASML,0,1799.38,ACCUMULATE,1752.77,1842.19,1788.54,82.25,RED,3,52,1,,0,1,0,0,74,STARTER,1,,F:1/1,6,owner-request,11,RED,11
2026-08-12,ASTS,0,71.63,CAUTION,68.17,71.65,69.5636,33.15,WHITE,0,5,0,INSIDE,0,0,0,1,37,fails,0,G2 trend,F:0/2,,owner-request,,RED,
2026-08-12,AVGO,0,416.08,ACCUMULATE,409.18,430.05,379.737,84.45,RED,3,6,1,BREAKOUT,0,0,0,1,40,fails,0,G1 size;G3 leader,F:3/3,,shadow-screen,,RED,
2026-08-12,AXON,0,636.31,HOLD,589.34,619.41,393.819,93.54,RED,3,2,1,,0,0,0,0,52,fails,0,G3 leader,F:3/3,,owner-request,,RED,
2026-08-12,AXP,0,340.81,ACCUMULATE,334.64,351.72,341.473,63.76,RED,3,3,1,BREAKOUT,1,1,1,1,47,fails,0,G3 leader;G4 basis,F:2/3,,shadow-screen,,YELLOW,
2026-08-12,AXTI,0,73.78,ACCUMULATE,71.28,74.92,64.4517,64.17,RED,3,2,1,,1,0,1,1,77,CONVICTION,1,,F:0/3,,shadow-screen,,RED,
2026-08-12,AZO,0,3042.65,CAUTION,2710.1,2848.37,3077.93,18.85,WHITE,0,26,0,INSIDE,0,0,1,0,25,fails,0,G2 trend;G3 leader;G4 basis,F:2/3,,shadow-screen,,NEUTRAL,
2026-08-12,BA,0,233.24,ACCUMULATE,228.75,240.42,217.965,82.09,RED,3,2,1,BREAKOUT,0,1,0,1,62,fails,0,G3 leader,F:2/3,,shadow-screen,,RED,
2026-08-12,BAC,0,64,ACCUMULATE,61.54,64.68,52.3132,99.57,RED,4,11,1,INSIDE,0,0,0,1,58,fails,0,G3 leader,F:2/3,,shadow-screen,,NEUTRAL,
2026-08-12,BE,0,211.21,HOLD,163.65,172,215.561,48.5,RED,3,3,1,BREAKDOWN,0,0,0,0,54,fails,0,G4 basis,F:0/1,,shadow-screen,,NEUTRAL,
2026-08-12,BKNG,0,212.87,ACCUMULATE,207.52,218.11,168.127,93.02,RED,3,2,1,BREAKOUT,0,0,0,1,57,fails,0,G3 leader,F:2/3,,shadow-screen,,RED,
2026-08-12,BSX,0,51.19,BOTTOMING,47.36,49.78,44.6055,54.22,WHITE,0,37,0,BREAKOUT,0,1,0,0,32,fails,0,G2 trend;G3 leader,F:3/3,,shadow-screen,,RED,
2026-08-12,C,0,135.77,ACCUMULATE,130.21,136.85,132.864,78.28,RED,3,22,1,BREAKOUT,0,0,0,1,67,STARTER,1,,F:2/3,,shadow-screen,,RED,
2026-08-12,CAT,0,843.37,HOLD,802.25,843.18,887.084,46.37,RED,3,60,1,BREAKOUT,0,0,0,0,53,fails,0,G4 basis,F:2/3,,shadow-screen,,NEUTRAL,
2026-08-12,CAVA,0,60.81,CAUTION,51.3,53.92,63.1027,10.95,WHITE,0,4,0,,0,1,0,0,25,fails,0,G2 trend;G3 leader;G4 basis,F:3/3,,owner-request,,NEUTRAL,
2026-08-12,CBRS,0,234.76,CAUTION,215.61,226.61,220.012,74.18,WHITE,0,14,0,,0,0,0,0,32,fails,0,G2 trend;G3 leader;G5 data,F:—,,shadow-screen,,RED,
2026-08-12,CDE,0,18.58,CAUTION,17.64,18.54,16.2809,74.85,WHITE,1,11,1,INSIDE,0,0,0,0,52,fails,0,G2 trend,F:2/3,,owner-request,,RED,
2026-08-12,CEG,0,278.36,BOTTOMING,265.21,278.75,270.626,56.09,WHITE,0,29,0,BREAKOUT,0,0,0,1,32,fails,0,G2 trend;G3 leader,F:2/3,,shadow-screen,,RED,
2026-08-12,CIEN,0,387.53,PULLBACK,333.61,350.63,440.28,42.11,AMBER,2,1,1,BREAKDOWN,0,1,0,0,52,fails,0,G2 trend;G4 basis,F:3/3,,shadow-screen,,NEUTRAL,
2026-08-12,COHR,0,328.57,ACCUMULATE,318.02,334.24,248.659,61.48,RED,3,2,1,BREAKDOWN,1,1,1,1,73,STARTER,1,,F:2/3,,shadow-screen,,RED,
2026-08-12,COIN,0,148.58,CAUTION,147.31,154.83,164.086,6.59,WHITE,0,37,0,BREAKDOWN,0,0,0,1,17,fails,0,G2 trend;G3 leader;G4 basis,F:1/2,,shadow-screen,,YELLOW,
2026-08-12,COST,0,944.32,BOTTOMING,930.88,978.37,949.877,35.61,WHITE,1,6,0,BREAKOUT,0,0,0,1,23,fails,0,G2 trend;G3 leader;G4 basis,F:2/3,,owner-request,,NEUTRAL,
2026-08-12,CRCL,0,71.16,CAUTION,62.12,65.29,63.3924,31.88,WHITE,0,10,0,BREAKDOWN,0,1,0,0,27,fails,0,G2 trend;G3 leader,F:2/2,,shadow-screen,,RED,
2026-08-12,CRDO,0,247.69,ACCUMULATE,242.18,254.53,247.119,83.1,RED,3,17,1,,0,0,0,1,77,CONVICTION,1,,F:3/3,7,owner-request,12,RED,5
2026-08-12,CRM,0,197.47,CAUTION,188.22,197.82,185.994,79.88,WHITE,1,74,0,,0,0,0,1,23,fails,0,G2 trend;G3 leader,F:2/3,,owner-request,,RED,
2026-08-12,CRWD,0,221.9,HOLD,184.91,194.34,110.543,99.39,RED,4,14,1,BREAKOUT,0,0,0,0,68,STARTER,1,,F:2/2,,owner-request,,RED,
2026-08-12,CRWV,0,90.32,CAUTION,88.62,93.15,90.4324,42.4,WHITE,0,5,0,BREAKDOWN,0,0,0,1,18,fails,0,G2 trend;G3 leader;G4 basis,F:2/2,,shadow-screen,,RED,
2026-08-12,CSCO,0,120.43,ACCUMULATE,116.9,122.86,77.9846,88.34,RED,3,68,1,,0,0,0,1,68,STARTER,1,,F:2/3,,shadow-screen,,RED,
2026-08-12,CSPX,1,835.69,ACCUMULATE,817.47,859.17,805.023,98.73,RED,4,19,1,BREAKOUT,0,0,0,1,60,fails,0,G3 leader,F:—,16,holding,17,RED,18
2026-08-12,CVX,0,196.66,ACCUMULATE,192.01,201.8,189.832,88.97,RED,4,5,1,BREAKOUT,0,0,0,1,52,fails,0,G3 leader,F:1/3,,shadow-screen,,RED,
2026-08-12,D05,0,76.41,HOLD,72.42,76.11,57.6073,97.75,RED,4,69,1,BREAKOUT,0,0,0,0,70,STARTER,1,,F:—,,owner-request,,NEUTRAL,
2026-08-12,DDOG,1,246.78,ACCUMULATE,240.57,252.84,125.934,75.51,RED,4,15,1,BREAKOUT,1,1,0,1,77,CONVICTION,1,,F:2/2,9,holding,4,YELLOW,3
2026-08-12,DELL,0,440.97,ACCUMULATE,433.46,455.58,117.8,90.03,RED,4,24,1,BREAKOUT,0,0,0,1,78,CONVICTION,1,,F:2/2,,shadow-screen,,RED,
2026-08-12,DRAM,1,50.89,CAUTION,49.73,52.27,53.97,23.72,AMBER,2,4,0,,1,1,0,1,34,fails,0,G2 trend;G4 basis;G5 data,F:—,,holding,,NEUTRAL,
2026-08-12,DUOL,0,135.44,CAUTION,120.61,126.76,98.8507,76.01,WHITE,0,53,0,,0,0,0,0,30,fails,0,G2 trend;G3 leader,F:2/2,,owner-request,,NEUTRAL,
2026-08-12,ETHA,0,14.18,CAUTION,14.04,14.75,14.3238,28.42,WHITE,0,37,0,BREAKDOWN,1,0,1,1,25,fails,0,G2 trend;G3 leader;G4 basis,F:1/2,,owner-request,,YELLOW,
2026-08-12,ETN,0,459.29,ACCUMULATE,439.15,461.55,405.453,99.86,RED,4,23,1,INSIDE,0,0,0,0,67,fails,0,G3 leader,F:3/3,,shadow-screen,,RED,
2026-08-12,FCX,0,68.87,ACCUMULATE,65.6,68.95,62.1905,89.04,RED,3,4,1,INSIDE,0,0,0,1,67,STARTER,1,,F:2/3,,shadow-screen,,RED,
2026-08-12,GE,0,368.06,ACCUMULATE,350.92,368.83,284.854,90.24,RED,4,12,1,BREAKOUT,0,0,0,1,67,fails,0,G3 leader,F:3/3,,shadow-screen,,RED,
2026-08-12,GEV,0,1011.88,ACCUMULATE,991.05,1041.62,1011.28,64.91,RED,3,71,1,INSIDE,1,1,0,1,78,CONVICTION,1,,F:2/3,,shadow-screen,,RED,
2026-08-12,GLW,0,159.19,ACCUMULATE,154.61,162.5,157.764,46.06,RED,3,2,1,BREAKDOWN,1,1,0,1,63,STARTER,1,,F:1/1,,shadow-screen,,RED,
2026-08-12,GOOG,1,343,ACCUMULATE,329.53,346.34,354.979,53.29,RED,3,3,1,,0,0,0,1,40,fails,0,G1 size;G4 basis,F:2/2,11,holding,14,NEUTRAL,21
2026-08-12,GOOGL,0,343.8,ACCUMULATE,330.04,346.88,363.885,53.63,RED,3,3,1,,0,0,0,1,40,fails,0,G1 size;G4 basis,F:2/2,,shadow-screen,,NEUTRAL,
2026-08-12,GRAB,0,3.74,BOTTOMING,3.55,3.73,3.6237,45.53,WHITE,0,32,0,BREAKOUT,1,1,1,0,25,fails,0,G2 trend;G3 leader,F:2/2,,owner-request,,RED,
2026-08-12,GS,0,1034.41,ACCUMULATE,1020,1072.05,931.302,70.75,RED,3,20,1,INSIDE,0,0,0,1,68,STARTER,1,,F:2/2,,shadow-screen,,YELLOW,
2026-08-12,HD,0,354.48,CAUTION,341.33,358.75,333.725,77.59,WHITE,1,24,1,INSIDE,0,0,0,1,42,fails,0,G2 trend;G3 leader,F:2/3,,shadow-screen,,RED,
2026-08-12,HIMS,0,30.51,HOLD,28.77,30.24,29.3603,60.09,RED,3,2,1,BREAKDOWN,0,0,0,0,55,fails,0,G3 leader,F:2/2,,owner-request,,NEUTRAL,
2026-08-12,HON,0,230.12,CAUTION,219.56,230.77,243.956,44.83,AMBER,2,1,0,,0,0,1,0,17,fails,0,G2 trend;G3 leader;G4 basis,F:2/3,,shadow-screen,,YELLOW,
2026-08-12,HOOD,0,94.38,HOLD,86.53,90.95,76.046,56.51,RED,3,2,1,INSIDE,0,0,0,0,43,fails,0,G3 leader,F:2/2,,owner-request,,NEUTRAL,
2026-08-12,IBIT,0,35.94,CAUTION,35.61,37.43,36.3375,22,WHITE,0,39,0,BREAKDOWN,0,0,0,1,22,fails,0,G2 trend;G3 leader;G4 basis,F:1/2,,owner-request,,NEUTRAL,
2026-08-12,IBM,0,238.42,CAUTION,230.61,242.37,222.602,44.8,WHITE,0,5,0,,0,0,0,1,18,fails,0,G2 trend;G3 leader,F:2/3,,shadow-screen,,RED,
2026-08-12,ICE,0,151.25,BOTTOMING,147.3,154.82,153.668,50.72,WHITE,1,27,0,BREAKOUT,0,0,0,1,17,fails,0,G2 trend;G3 leader;G4 basis,F:2/3,,owner-request,,NEUTRAL,
2026-08-12,INTC,0,97.71,ACCUMULATE,96.23,101.14,45.2035,53.36,RED,3,52,1,INSIDE,0,0,0,1,70,fails,0,G1 size,F:1/3,2,owner-request,9,RED,6
2026-08-12,INTU,0,336.44,CAUTION,305.04,320.6,311.263,60.62,WHITE,0,45,0,INSIDE,0,0,1,0,32,fails,0,G2 trend;G3 leader,F:3/3,,shadow-screen,,RED,
2026-08-12,IONQ,0,43.44,BOTTOMING,39.96,42,35.34,41.67,WHITE,0,5,0,BREAKOUT,0,0,0,0,37,fails,0,G2 trend;G3 leader,F:1/3,,shadow-screen,,RED,
2026-08-12,IOT,0,40.32,HOLD,36.42,38.28,37.1655,95.92,RED,4,3,1,,0,0,0,0,55,fails,0,G3 leader,F:2/2,,owner-request,,RED,
2026-08-12,IREN,0,39.75,CAUTION,32.9,34.58,40.5252,26.06,WHITE,0,5,0,BREAKDOWN,0,0,0,0,28,fails,0,G2 trend;G4 basis,F:2/2,,shadow-screen,,RED,
2026-08-12,ISRG,0,401.23,CAUTION,395.41,415.59,403.484,35.83,WHITE,0,28,0,INSIDE,0,0,1,0,18,fails,0,G2 trend;G3 leader;G4 basis,F:3/3,,shadow-screen,,RED,
2026-08-12,JNJ,0,259.8,ACCUMULATE,249.12,261.83,229.601,90.56,RED,4,57,1,BREAKOUT,0,0,0,1,63,STARTER,1,,F:2/3,,shadow-screen,,NEUTRAL,
2026-08-12,JPM,0,362.04,ACCUMULATE,350.51,368.39,309.661,100,RED,4,11,1,INSIDE,0,0,0,1,58,fails,0,G3 leader,F:2/3,14,owner-request,16,RED,17
2026-08-12,KLAC,0,200.47,HOLD,187.08,196.63,181.489,63.85,RED,3,2,1,BREAKOUT,0,0,0,0,63,STARTER,1,,F:3/3,,owner-request,,RED,
2026-08-12,KO,0,86.48,ACCUMULATE,85.08,89.42,79.273,88.76,RED,4,32,1,BREAKOUT,0,0,0,1,53,fails,0,G3 leader,F:—,,shadow-screen,,YELLOW,
2026-08-12,LIN,0,490.53,PULLBACK,470.73,494.75,513.674,38.65,AMBER,2,3,1,,1,1,0,1,27,fails,0,G2 trend;G3 leader;G4 basis,F:2/3,,shadow-screen,,YELLOW,
2026-08-12,LITE,0,820.59,HOLD,707.99,744.11,862.485,55.9,RED,3,63,1,BREAKOUT,0,0,1,0,69,fails,0,G4 basis,F:2/3,,shadow-screen,,RED,
2026-08-12,LLY,0,1215.02,ACCUMULATE,1186.64,1247.18,1159.39,95.44,RED,4,14,1,INSIDE,0,0,0,1,69,STARTER,1,,F:3/3,8,owner-request,13,RED,16
2026-08-12,LRCX,0,311.41,ACCUMULATE,307.95,323.66,314.235,63.15,RED,3,63,1,BREAKOUT,1,1,0,1,69,fails,0,G4 basis,F:3/3,3,owner-request,2,RED,8
2026-08-12,MA,0,561.44,HOLD,530.03,557.08,494.824,81.59,RED,3,3,1,BREAKOUT,0,0,0,0,43,fails,0,G3 leader,F:3/3,,owner-request,,YELLOW,
2026-08-12,MCD,0,274.15,CAUTION,269.56,283.31,275.062,32.95,WHITE,0,20,0,,0,1,0,1,17,fails,0,G2 trend;G3 leader;G4 basis,F:2/3,,shadow-screen,,RED,
2026-08-12,MCHP,0,81.02,ACCUMULATE,77.71,81.67,90.0586,46.53,RED,3,2,1,,0,0,0,1,42,fails,0,G3 leader;G4 basis,F:2/3,,shadow-screen,,RED,
2026-08-12,MDB,0,439.16,HOLD,409.19,430.06,322.776,99.75,RED,3,3,1,BREAKOUT,0,0,0,0,80,CONVICTION,1,,F:3/3,,owner-request,,RED,
2026-08-12,META,0,599.12,CAUTION,592.37,622.59,604.457,37.72,WHITE,0,40,0,INSIDE,1,1,1,1,10,fails,0,G1 size;G2 trend;G3 leader;G4 basis,F:2/2,,owner-request,,NEUTRAL,
2026-08-12,MPWR,0,1402.11,HOLD,1316.47,1383.64,1343.34,66.71,RED,3,61,1,BREAKOUT,0,0,0,0,72,STARTER,1,,F:3/3,,shadow-screen,,RED,
2026-08-12,MRK,0,130.42,ACCUMULATE,125.8,132.22,128.367,95.53,RED,4,41,1,,0,0,0,1,67,STARTER,1,,F:2/3,,shadow-screen,,NEUTRAL,
2026-08-12,MRVL,0,212.31,ACCUMULATE,203.57,213.96,89.2744,53.75,RED,3,25,1,,1,0,1,1,69,STARTER,1,,F:3/3,5,owner-request,3,RED,1
2026-08-12,MS,0,215.07,ACCUMULATE,210.98,221.75,215.288,75.11,RED,3,20,1,INSIDE,1,0,1,1,67,fails,0,G4 basis,F:2/3,,shadow-screen,,RED,
2026-08-12,MSFT,0,503.81,ACCUMULATE,492.67,517.8,394.416,94.87,RED,3,2,1,,0,0,0,1,45,fails,0,G1 size;G3 leader,F:3/3,20,owner-request,20,RED,12
2026-08-12,MSTR,0,96.09,CAUTION,93.03,97.77,94.9249,21.35,WHITE,0,45,0,BREAKDOWN,0,0,0,1,22,fails,0,G2 trend;G3 leader,F:0/2,,shadow-screen,,NEUTRAL,
2026-08-12,MU,1,868.52,ACCUMULATE,860.39,904.29,928.221,58.01,RED,3,62,1,,0,0,0,1,60,fails,0,G1 size;G4 basis,F:3/3,1,holding,8,NEUTRAL,2
2026-08-12,NBIS,1,193.23,ACCUMULATE,187.68,197.25,191.506,57.34,RED,3,28,1,BREAKOUT,0,0,0,1,74,STARTER,1,,F:2/2,4,holding,10,NEUTRAL,4
2026-08-12,NEE,0,85.74,CAUTION,83.5,87.76,87.785,31.39,WHITE,1,1,0,BREAKDOWN,1,0,1,1,17,fails,0,G2 trend;G3 leader;G4 basis,F:2/3,,shadow-screen,,YELLOW,
2026-08-12,NET,0,306.97,HOLD,265.43,278.98,196.615,97.96,RED,4,18,1,BREAKOUT,0,0,0,0,77,CONVICTION,1,,F:2/2,,owner-request,,RED,
2026-08-12,NFLX,0,74.79,CAUTION,72.25,75.93,73.72,31.3,WHITE,0,39,0,BREAKDOWN,0,0,0,1,14,fails,0,G2 trend;G3 leader,F:2/3,,owner-request,,RED,
2026-08-12,NKE,0,41.32,CAUTION,,,42.8979,6.84,WHITE,0,45,0,BREAKDOWN,0,0,0,0,17,fails,0,G2 trend;G3 leader;G4 basis,F:2/3,,shadow-screen,,YELLOW,
2026-08-12,NOW,0,127.54,CAUTION,124.42,130.77,102.561,88.6,WHITE,1,55,1,INSIDE,0,0,0,1,43,fails,0,G2 trend;G3 leader,F:2/3,,shadow-screen,,RED,
2026-08-12,NVDA,1,217.5,HOLD,205.08,215.54,209.265,88.61,RED,4,7,1,BREAKOUT,0,0,0,0,35,fails,0,G1 size;G3 leader,F:3/3,,holding,,RED,
2026-08-12,NVO,0,47.17,CAUTION,46.88,49.27,47.8359,57.64,WHITE,1,3,0,BREAKDOWN,1,1,0,1,17,fails,0,G2 trend;G3 leader;G4 basis,F:—,,owner-request,,YELLOW,
2026-08-12,NXPI,0,236.38,CAUTION,228.75,240.42,233.417,35.54,AMBER,2,3,0,INSIDE,0,0,0,1,27,fails,0,G2 trend;G3 leader,F:1/2,,shadow-screen,,YELLOW,
2026-08-12,ON,0,81.11,PULLBACK,80.05,84.13,81.6815,38.08,AMBER,2,3,1,INSIDE,0,0,0,1,47,fails,0,G2 trend;G4 basis,F:2/3,,shadow-screen,,NEUTRAL,
2026-08-12,ONON,0,30.91,CAUTION,30.41,31.97,37.9221,2.65,WHITE,0,24,0,BREAKDOWN,0,0,0,1,20,fails,0,G2 trend;G3 leader;G4 basis,F:1/1,,owner-request,,YELLOW,
2026-08-12,ORCL,0,145.48,CAUTION,142.17,149.43,145.075,37.39,WHITE,0,8,0,BREAKDOWN,0,0,0,1,14,fails,0,G2 trend;G3 leader,F:3/3,,owner-request,,RED,
2026-08-12,PANW,0,383.8,HOLD,348.7,366.49,164.792,99.89,RED,4,14,1,,0,0,0,0,73,STARTER,1,,F:2/3,,owner-request,,RED,
2026-08-12,PEP,0,138.41,CAUTION,134.95,141.83,142.322,19.81,WHITE,0,12,0,INSIDE,0,0,0,1,22,fails,0,G2 trend;G3 leader;G4 basis,F:2/3,,shadow-screen,,NEUTRAL,
2026-08-12,PFE,0,26.62,PULLBACK,26.33,27.67,25.169,80.56,AMBER,2,2,1,BREAKDOWN,0,0,0,1,37,fails,0,G2 trend;G3 leader,F:2/3,,shadow-screen,,RED,
2026-08-12,PG,0,145.21,CAUTION,141.86,149.09,144.752,29.47,WHITE,1,4,0,,0,1,0,1,22,fails,0,G2 trend;G3 leader,F:2/3,,shadow-screen,,YELLOW,
2026-08-12,PLTR,1,174.94,PULLBACK,172.91,181.73,134.44,89.66,AMBER,2,1,1,,0,0,0,1,30,fails,0,G1 size;G2 trend;G3 leader,F:2/2,,holding,,RED,
2026-08-12,QCOM,0,162.68,CAUTION,155.73,163.68,131.179,30.62,WHITE,1,3,0,BREAKDOWN,0,0,0,1,18,fails,0,G2 trend;G3 leader,F:3/3,,owner-request,,RED,
2026-08-12,QQQ,0,718.45,ACCUMULATE,703.4,739.28,717.751,84.99,RED,3,19,1,BREAKDOWN,0,1,0,1,45,fails,0,G1 size;G3 leader,F:—,15,owner-request,6,RED,15
2026-08-12,RBLX,0,36.22,CAUTION,36.49,38.35,37.2302,6.96,WHITE,0,36,0,BREAKDOWN,0,0,0,1,17,fails,0,G2 trend;G3 leader;G4 basis,F:2/2,,owner-request,,YELLOW,
2026-08-12,RDDT,0,156.19,CAUTION,139.9,147.04,142.753,39.25,WHITE,0,3,0,BREAKDOWN,0,0,0,0,27,fails,0,G2 trend;G3 leader,F:2/2,,shadow-screen,,YELLOW,
2026-08-12,RKLB,0,80.01,CAUTION,78.7,82.72,68.0144,49.44,WHITE,1,1,1,INSIDE,0,0,0,1,52,fails,0,G2 trend,F:1/3,,owner-request,,RED,
2026-08-12,RTX,0,223.86,ACCUMULATE,219.11,230.29,176.086,98.8,RED,4,9,1,BREAKOUT,0,0,0,1,67,STARTER,1,,F:2/3,,shadow-screen,,RED,
2026-08-12,SCHW,0,107.7,ACCUMULATE,104.77,110.12,92.436,98.34,RED,4,6,1,INSIDE,0,0,0,1,57,fails,0,G3 leader,F:3/3,,shadow-screen,,RED,
2026-08-12,SE,0,131.51,HOLD,123.47,129.77,89.3319,86.3,RED,3,1,1,BREAKOUT,0,0,0,0,57,fails,0,G3 leader,F:2/2,,owner-request,,RED,
2026-08-12,SHOP,0,152.61,ACCUMULATE,145.53,152.95,119.427,92.51,RED,3,1,1,BREAKOUT,0,0,0,1,53,fails,0,G3 leader,F:2/2,19,owner-request,19,RED,10
2026-08-12,SMCI,0,31.6,BOTTOMING,30.18,31.72,30.7939,54.73,WHITE,0,9,0,BREAKOUT,0,0,0,1,32,fails,0,G2 trend;G3 leader,F:3/3,,shadow-screen,,RED,
2026-08-12,SNDK,0,1271.05,ACCUMULATE,1214.81,1276.79,638.592,55.85,RED,3,61,1,BREAKOUT,0,0,0,1,70,fails,0,G1 size,F:3/3,,shadow-screen,,NEUTRAL,
2026-08-12,SNOW,0,334.14,HOLD,261.89,275.25,237.448,99.21,RED,4,10,1,INSIDE,0,0,0,0,77,CONVICTION,1,,F:3/3,,owner-request,,RED,
2026-08-12,SOFI,0,17.98,CAUTION,17.07,17.94,18.3663,57.61,WHITE,0,26,0,INSIDE,0,0,0,0,22,fails,0,G2 trend;G3 leader;G4 basis,F:2/3,,owner-request,,RED,
2026-08-12,SPCX,0,133.29,CAUTION,120,126.12,111.374,41.37,WHITE,0,6,0,,0,0,0,0,15,fails,0,G1 size;G2 trend;G3 leader;G5 data,F:—,,owner-request,,RED,
2026-08-12,STX,0,820.52,ACCUMULATE,794.94,835.5,866.044,62.8,RED,3,65,1,BREAKOUT,1,1,1,1,69,fails,0,G4 basis,F:3/3,,shadow-screen,,NEUTRAL,
2026-08-12,T,0,24.5,CAUTION,22.85,24.01,23.3142,61.4,WHITE,0,17,0,BREAKDOWN,0,0,0,0,23,fails,0,G2 trend;G3 leader,F:2/3,,shadow-screen,,RED,
2026-08-12,TER,0,379.56,ACCUMULATE,369.56,388.41,359.509,71.43,RED,3,53,1,BREAKOUT,1,1,0,1,82,CONVICTION,1,,F:2/3,,shadow-screen,,RED,
2026-08-12,TMDX,0,89.36,BOTTOMING,78.83,82.85,74.8559,61.84,WHITE,0,21,0,BREAKOUT,0,1,0,0,40,fails,0,G2 trend;G3 leader,F:3/3,,owner-request,,RED,
2026-08-12,TMO,0,605,ACCUMULATE,580.41,610.02,472.719,95.73,RED,3,4,1,BREAKOUT,0,0,0,1,52,fails,0,G3 leader,F:2/3,,shadow-screen,,RED,
2026-08-12,TMUS,0,178.58,CAUTION,,,180.98,16.76,WHITE,0,48,0,,0,0,0,0,17,fails,0,G2 trend;G3 leader;G4 basis,F:2/3,,shadow-screen,,NEUTRAL,
2026-08-12,TOST,0,34.88,ACCUMULATE,34.65,36.42,28.1072,86.86,RED,3,2,1,BREAKOUT,0,0,0,1,60,fails,0,G3 leader,F:2/2,21,owner-request,21,RED,13
2026-08-12,TSLA,1,332.81,CAUTION,321.87,338.3,397.921,18.31,WHITE,0,8,0,INSIDE,0,0,0,1,10,fails,0,G1 size;G2 trend;G3 leader;G4 basis,F:1/3,,holding,,RED,
2026-08-12,TSM,1,422.06,ACCUMULATE,412.88,433.95,421.309,77.1,RED,3,63,1,INSIDE,1,1,0,1,65,fails,0,G1 size,F:3/3,10,holding,5,RED,14
2026-08-12,TXN,0,281.24,ACCUMULATE,274.12,288.11,279.718,51.2,RED,3,19,1,INSIDE,1,1,0,1,68,STARTER,1,,F:3/3,,shadow-screen,,RED,
2026-08-12,UBER,0,78.54,BOTTOMING,72.13,75.81,73.5988,79.89,WHITE,1,35,1,BREAKOUT,0,1,0,0,47,fails,0,G2 trend;G3 leader,F:3/3,,owner-request,,RED,
2026-08-12,UNH,0,402.19,HOLD,373.87,392.94,424.412,70.48,RED,3,15,1,BREAKDOWN,0,0,0,0,58,fails,0,G4 basis,F:3/3,,shadow-screen,,YELLOW,
2026-08-12,V,0,362.82,ACCUMULATE,355.69,373.84,329.468,89.37,RED,4,7,1,,0,0,0,1,48,fails,0,G3 leader,F:0/1,18,owner-request,18,YELLOW,19
2026-08-12,VRT,0,281.81,HOLD,258.36,271.54,307.051,56.25,RED,3,2,1,,0,1,0,0,53,fails,0,G4 basis,F:3/3,,owner-request,,RED,
2026-08-12,VZ,0,47.27,ACCUMULATE,46.46,48.83,47.4048,72.67,RED,3,2,1,INSIDE,0,0,0,1,52,fails,0,G3 leader;G4 basis,F:2/3,,shadow-screen,,RED,
2026-08-12,WDC,0,437.93,ACCUMULATE,431.52,453.53,537.498,47.94,RED,3,63,1,BREAKOUT,1,1,0,1,64,fails,0,G4 basis,F:3/3,,shadow-screen,,YELLOW,
2026-08-12,WFC,0,87.45,ACCUMULATE,85.34,89.69,87.0812,80.01,RED,3,6,1,BREAKDOWN,0,0,0,1,52,fails,0,G3 leader,F:2/3,,shadow-screen,,NEUTRAL,
2026-08-12,WMT,0,113.26,CAUTION,110.1,115.71,118.748,35.35,WHITE,0,6,0,INSIDE,0,0,0,1,18,fails,0,G2 trend;G3 leader;G4 basis,F:2/3,,shadow-screen,,RED,
2026-08-12,XOM,0,159.8,ACCUMULATE,154.1,161.96,153.102,91.38,RED,4,5,1,BREAKOUT,0,0,0,1,68,STARTER,1,,F:—,,shadow-screen,,RED,
2026-08-12,ZETA,0,29.15,HOLD,25.32,26.61,18.4446,99.88,RED,4,12,1,,0,0,0,0,70,STARTER,1,,F:2/2,,shadow-screen,,RED,
2026-08-12,ZS,0,178.55,CAUTION,167.65,176.2,146.806,84.72,WHITE,1,36,1,,0,0,0,0,40,fails,0,G2 trend;G3 leader,F:3/3,,owner-request,,RED,
2026-08-13,0700,0,446.8,CAUTION,429.12,451.01,466.711,21.71,WHITE,0,26,0,BREAKDOWN,0,0,0,0,5,fails,0,G1 size;G2 trend;G3 leader;G4 basis,F:—,,owner-request,,YELLOW,
2026-08-13,1810,0,26.18,CAUTION,22.68,23.84,27.5733,19.23,WHITE,0,44,0,BREAKDOWN,0,0,0,0,5,fails,0,G1 size;G2 trend;G3 leader;G4 basis,F:—,,owner-request,,YELLOW,
2026-08-13,3690,0,91.95,CAUTION,89.87,94.45,77.8804,72.19,WHITE,1,69,1,,0,0,0,1,29,fails,0,G2 trend;G3 leader,F:—,,owner-request,,NEUTRAL,
2026-08-13,9992,1,155.8,CAUTION,151.17,158.89,154.259,24.44,WHITE,0,24,0,INSIDE,0,0,0,1,23,fails,0,G2 trend;G3 leader,F:—,,holding,,YELLOW,
2026-08-13,AAL,0,14.93,HOLD,13.7,14.4,15.1365,49.69,RED,3,12,1,BREAKOUT,0,0,0,0,42,fails,0,G3 leader;G4 basis,F:2/3,,shadow-screen,,YELLOW,
2026-08-13,AAOI,0,138.08,ACCUMULATE,137.03,144.02,134.022,57.4,RED,3,2,1,BREAKDOWN,0,0,0,1,72,STARTER,1,,F:1/3,,shadow-screen,,RED,
2026-08-13,AAPL,1,302.25,ACCUMULATE,291.78,306.67,310.592,64.87,RED,3,20,1,BREAKDOWN,1,1,1,1,40,fails,0,G1 size;G3 leader;G4 basis,F:2/3,15,holding,1,YELLOW,22
2026-08-13,ABBV,0,248.76,ACCUMULATE,244.27,256.73,249.255,77.22,RED,4,10,1,BREAKDOWN,0,0,0,1,52,fails,0,G3 leader;G4 basis,F:2/3,,shadow-screen,,YELLOW,
2026-08-13,ABT,0,110.91,CAUTION,104.84,110.19,88.7909,84.05,WHITE,1,42,1,,0,0,0,0,37,fails,0,G2 trend;G3 leader,F:2/2,,shadow-screen,,RED,
2026-08-13,ACN,0,180.14,BOTTOMING,173.21,182.05,126.877,64.93,WHITE,0,29,0,BREAKOUT,1,0,1,1,27,fails,0,G2 trend;G3 leader,F:1/2,,shadow-screen,,RED,
2026-08-13,ADBE,0,258.75,CAUTION,246.64,259.23,251.675,69.24,WHITE,1,88,0,,1,0,1,1,27,fails,0,G2 trend;G3 leader,F:3/3,,owner-request,,RED,
2026-08-13,ADI,0,384.43,ACCUMULATE,369.38,388.22,392.536,54.05,RED,3,40,1,BREAKDOWN,0,0,0,1,62,fails,0,G4 basis,F:3/3,,shadow-screen,,RED,
2026-08-13,ALAB,0,318.8,HOLD,207.63,218.22,123.076,63.2,RED,3,17,1,,0,0,0,0,73,STARTER,1,,F:3/3,,owner-request,,NEUTRAL,
2026-08-13,AMAT,0,548.15,ACCUMULATE,531.05,558.15,541.891,71.27,RED,3,48,1,BREAKOUT,0,0,0,1,74,STARTER,1,,F:2/3,4,owner-request,9,RED,7
2026-08-13,AMD,1,482.93,ACCUMULATE,475.62,499.88,215.827,69.67,RED,3,22,1,INSIDE,0,0,0,1,75,fails,0,G1 size,F:3/3,5,holding,10,YELLOW,3
2026-08-13,AMZN,0,267.28,HOLD,248.69,261.38,229.756,83.54,RED,4,3,1,INSIDE,0,1,0,0,45,fails,0,G1 size;G3 leader,F:3/3,,owner-request,,RED,
2026-08-13,ANET,0,210.5,ACCUMULATE,203.48,213.86,143.099,99.62,RED,4,18,1,BREAKOUT,0,0,0,0,72,STARTER,1,,F:3/3,14,owner-request,23,RED,8
2026-08-13,APH,0,169.96,ACCUMULATE,165.9,174.37,147.137,95.21,RED,4,12,1,BREAKOUT,0,0,0,1,67,STARTER,1,,F:3/3,,shadow-screen,,RED,
2026-08-13,APP,0,303.76,CAUTION,,,466.365,2.22,WHITE,0,5,0,BREAKDOWN,0,1,0,0,13,fails,0,G2 trend;G3 leader;G4 basis,F:2/2,,owner-request,,YELLOW,
2026-08-13,ARM,0,271.87,ACCUMULATE,269.49,283.24,210.673,59.28,RED,3,19,1,,0,0,0,1,73,STARTER,1,,F:3/3,9,owner-request,14,RED,4
2026-08-13,ASML,0,1810.07,ACCUMULATE,1752.77,1842.19,1788.54,85.02,RED,3,52,1,,0,1,0,0,78,CONVICTION,1,,F:1/1,6,owner-request,11,RED,11
2026-08-13,ASTS,0,74.31,CAUTION,68.17,71.65,69.5636,39.93,WHITE,0,5,0,INSIDE,0,0,0,0,37,fails,0,G2 trend,F:0/2,,owner-request,,RED,
2026-08-13,AVGO,0,416.05,ACCUMULATE,409.18,430.05,379.737,83.99,RED,3,6,1,BREAKOUT,0,0,0,1,45,fails,0,G1 size;G3 leader,F:3/3,,shadow-screen,,RED,
2026-08-13,AXON,0,599.78,ACCUMULATE,589.34,619.41,393.819,84.39,RED,3,2,1,,1,0,1,1,57,fails,0,G3 leader,F:3/3,23,owner-request,5,RED,9
2026-08-13,AXP,0,344.08,ACCUMULATE,334.64,351.72,341.473,73.47,RED,3,3,1,BREAKOUT,0,1,0,1,52,fails,0,G3 leader,F:2/3,,shadow-screen,,NEUTRAL,
2026-08-13,AXTI,0,78.47,HOLD,71.28,74.92,64.4517,69.14,RED,3,2,1,,0,0,1,0,72,STARTER,1,,F:0/3,,shadow-screen,,RED,
2026-08-13,AZO,0,3045.87,CAUTION,2710.1,2848.37,3077.93,20.17,WHITE,0,26,0,BREAKDOWN,0,0,1,0,20,fails,0,G2 trend;G3 leader;G4 basis,F:2/3,,shadow-screen,,NEUTRAL,
2026-08-13,BA,0,231.2,ACCUMULATE,223.7,235.11,217.965,79.12,RED,3,2,1,BREAKOUT,0,1,0,0,62,fails,0,G3 leader,F:2/3,,shadow-screen,,RED,
2026-08-13,BAC,0,64.81,HOLD,61.53,64.67,52.1199,100,RED,4,11,1,BREAKOUT,0,0,0,0,68,STARTER,1,,F:2/3,,shadow-screen,,RED,
2026-08-13,BE,0,237.16,HOLD,225.25,236.74,215.561,64.68,RED,3,3,1,INSIDE,0,0,0,0,69,STARTER,1,,F:0/1,,shadow-screen,,RED,
2026-08-13,BKNG,0,212.26,ACCUMULATE,203.39,213.76,168.127,93.01,RED,3,2,1,BREAKOUT,0,0,0,1,57,fails,0,G3 leader,F:2/3,,shadow-screen,,RED,
2026-08-13,BSX,0,51.42,BOTTOMING,47.36,49.78,44.6055,54.52,WHITE,0,37,0,BREAKOUT,0,1,0,0,32,fails,0,G2 trend;G3 leader,F:3/3,,shadow-screen,,RED,
2026-08-13,C,0,137.58,HOLD,130.21,136.85,132.864,81.03,RED,3,22,1,BREAKOUT,0,0,0,0,62,STARTER,1,,F:2/3,,shadow-screen,,RED,
2026-08-13,CAT,0,855.6,HOLD,802.25,843.18,887.084,47.54,RED,3,60,1,BREAKOUT,0,0,0,0,53,fails,0,G4 basis,F:2/3,,shadow-screen,,RED,
2026-08-13,CAVA,0,69.47,CAUTION,66.52,69.92,63.1027,44.99,WHITE,0,4,0,,1,1,0,1,30,fails,0,G2 trend;G3 leader,F:3/3,,owner-request,,RED,
2026-08-13,CBRS,0,262.06,CAUTION,246.92,259.52,220.012,83.06,WHITE,1,14,0,,0,0,0,0,32,fails,0,G2 trend;G3 leader;G5 data,F:—,,shadow-screen,,RED,
2026-08-13,CDE,0,18.8,CAUTION,18.48,19.42,16.2809,76.79,WHITE,1,11,1,INSIDE,0,0,0,1,52,fails,0,G2 trend,F:2/3,,owner-request,,RED,
2026-08-13,CEG,0,278.68,BOTTOMING,265.21,278.75,270.626,55.74,WHITE,0,29,0,BREAKOUT,0,0,0,1,32,fails,0,G2 trend;G3 leader,F:2/3,,shadow-screen,,RED,
2026-08-13,CIEN,0,432.05,HOLD,397.22,417.49,440.28,58.24,RED,3,2,1,BREAKDOWN,0,1,0,0,62,fails,0,G4 basis,F:3/3,,shadow-screen,,RED,
2026-08-13,COHR,0,355.64,ACCUMULATE,348.42,366.2,248.659,74.58,RED,3,2,1,BREAKOUT,1,1,1,1,73,STARTER,1,,F:2/3,,shadow-screen,,RED,
2026-08-13,COIN,0,149.04,CAUTION,147.31,154.83,164.086,6.9,WHITE,0,37,0,INSIDE,0,0,0,1,22,fails,0,G2 trend;G3 leader;G4 basis,F:1/2,,shadow-screen,,YELLOW,
2026-08-13,COST,0,949.575,BOTTOMING,930.88,978.37,949.877,35.96,WHITE,1,6,0,BREAKOUT,0,0,0,1,23,fails,0,G2 trend;G3 leader;G4 basis,F:2/3,,owner-request,,RED,
2026-08-13,CRCL,0,71.28,CAUTION,68.23,71.71,63.3924,32.03,WHITE,0,10,0,BREAKDOWN,1,1,0,1,27,fails,0,G2 trend;G3 leader,F:2/2,,shadow-screen,,RED,
2026-08-13,CRDO,0,268.16,HOLD,242.18,254.53,247.119,95.02,RED,4,17,1,,0,0,0,0,77,CONVICTION,1,,F:3/3,,owner-request,,RED,
2026-08-13,CRM,0,193.32,CAUTION,188.22,197.82,185.994,73.01,WHITE,1,74,0,,0,0,0,1,23,fails,0,G2 trend;G3 leader,F:2/3,,owner-request,,RED,
2026-08-13,CRWD,0,221.78,HOLD,184.91,194.34,110.543,99.2,RED,4,14,1,INSIDE,0,0,0,0,73,STARTER,1,,F:2/2,,owner-request,,RED,
2026-08-13,CRWV,0,107.73,PULLBACK,106.17,111.59,90.4324,70.48,AMBER,2,1,1,INSIDE,0,0,0,1,43,fails,0,G2 trend;G3 leader,F:2/2,,shadow-screen,,RED,
2026-08-13,CSCO,0,123.88,HOLD,116.9,122.86,77.9846,96.5,RED,3,68,1,,0,0,0,0,68,STARTER,1,,F:2/3,,shadow-screen,,RED,
2026-08-13,CSPX,1,834.25,ACCUMULATE,817.47,859.17,805.023,98.74,RED,4,19,1,BREAKOUT,0,0,0,1,60,fails,0,G3 leader,F:—,19,holding,19,RED,21
2026-08-13,CVX,0,196.6,ACCUMULATE,192.01,201.8,189.832,88.91,RED,4,5,1,BREAKOUT,0,0,0,1,52,fails,0,G3 leader,F:1/3,,shadow-screen,,RED,
2026-08-13,D05,0,75.58,ACCUMULATE,72.42,76.11,57.6073,94.97,RED,4,69,1,BREAKOUT,0,0,0,1,75,CONVICTION,1,,F:—,13,owner-request,16,NEUTRAL,10
2026-08-13,DDOG,1,240.91,ACCUMULATE,229.23,240.93,125.934,70.5,RED,4,15,1,BREAKOUT,1,1,0,1,77,CONVICTION,1,,F:2/2,10,holding,2,YELLOW,6
2026-08-13,DELL,0,484.5,HOLD,433.46,455.58,117.8,100,RED,4,24,1,BREAKOUT,0,0,0,0,73,STARTER,1,,F:2/2,,shadow-screen,,RED,
2026-08-13,DRAM,1,54.8,CAUTION,53.34,56.06,54.43,44.73,AMBER,2,4,0,,1,1,0,1,39,fails,0,G2 trend;G5 data,F:—,,holding,,RED,
2026-08-13,DUOL,0,134.63,CAUTION,128.52,135.08,98.8507,71.08,WHITE,0,53,0,,0,0,0,1,30,fails,0,G2 trend;G3 leader,F:2/2,,owner-request,,NEUTRAL,
2026-08-13,ETHA,0,14.16,CAUTION,14.04,14.75,14.3238,28.56,WHITE,0,37,0,INSIDE,0,0,0,1,30,fails,0,G2 trend;G3 leader;G4 basis,F:1/2,,owner-request,,YELLOW,
2026-08-13,ETN,0,459.96,ACCUMULATE,440.63,463.11,405.22,99.16,RED,4,23,1,INSIDE,0,0,0,0,67,fails,0,G3 leader,F:3/3,,shadow-screen,,RED,
2026-08-13,FCX,0,69.22,ACCUMULATE,67.93,71.39,62.1905,90.49,RED,3,4,1,INSIDE,0,0,0,1,67,STARTER,1,,F:2/3,,shadow-screen,,RED,
2026-08-13,GE,0,365.33,ACCUMULATE,350.92,368.83,284.854,88.07,RED,4,12,1,BREAKOUT,0,0,0,1,67,fails,0,G3 leader,F:3/3,,shadow-screen,,NEUTRAL,
2026-08-13,GEV,0,1039.9,ACCUMULATE,991.05,1041.62,1011.28,73.26,RED,3,71,1,BREAKOUT,1,1,0,1,83,CONVICTION,1,,F:2/3,,shadow-screen,,RED,
2026-08-13,GLW,0,167.44,ACCUMULATE,162.66,170.96,157.764,54.07,RED,3,2,1,INSIDE,1,1,0,1,73,STARTER,1,,F:1/1,,shadow-screen,,RED,
2026-08-13,GOOG,1,342.37,ACCUMULATE,337.39,354.61,354.979,53.48,RED,3,3,1,,0,0,0,1,40,fails,0,G1 size;G4 basis,F:2/2,12,holding,15,NEUTRAL,23
2026-08-13,GOOGL,0,343.54,ACCUMULATE,338.01,355.26,363.885,53.35,RED,3,3,1,,0,0,0,1,40,fails,0,G1 size;G4 basis,F:2/2,,shadow-screen,,NEUTRAL,
2026-08-13,GRAB,0,3.61,CAUTION,3.55,3.73,3.6237,28.63,WHITE,0,32,0,INSIDE,1,1,1,1,25,fails,0,G2 trend;G3 leader;G4 basis,F:2/2,,owner-request,,NEUTRAL,
2026-08-13,GS,0,1037.21,ACCUMULATE,1020,1072.05,931.302,70.24,RED,3,20,1,INSIDE,0,0,0,1,68,STARTER,1,,F:2/2,,shadow-screen,,YELLOW,
2026-08-13,HD,0,343.43,CAUTION,327.05,343.74,333.725,56.13,WHITE,1,24,0,BREAKDOWN,0,1,0,1,22,fails,0,G2 trend;G3 leader,F:2/3,,shadow-screen,,NEUTRAL,
2026-08-13,HIMS,0,29.97,CAUTION,28.77,30.24,29.3603,59.98,AMBER,2,1,0,BREAKDOWN,0,0,0,1,30,fails,0,G2 trend;G3 leader,F:2/2,,owner-request,,NEUTRAL,
2026-08-13,HON,0,235.34,ACCUMULATE,230.49,242.25,243.956,54.89,RED,4,4,1,,0,0,1,0,42,fails,0,G3 leader;G4 basis,F:2/3,,shadow-screen,,YELLOW,
2026-08-13,HOOD,0,94.91,HOLD,86.53,90.95,76.046,58.6,RED,3,2,1,INSIDE,0,0,0,0,43,fails,0,G3 leader,F:2/2,,owner-request,,RED,
2026-08-13,IBIT,0,35.89,CAUTION,33.17,34.86,36.3375,15.6,WHITE,0,39,0,INSIDE,0,0,0,0,27,fails,0,G2 trend;G3 leader;G4 basis,F:1/2,,owner-request,,YELLOW,
2026-08-13,IBM,0,235.98,CAUTION,230.61,242.37,222.602,43.14,WHITE,0,5,0,,0,0,0,1,18,fails,0,G2 trend;G3 leader,F:2/3,,shadow-screen,,RED,
2026-08-13,ICE,0,151.33,BOTTOMING,147.3,154.82,153.668,51.13,WHITE,1,27,0,BREAKOUT,0,0,0,1,17,fails,0,G2 trend;G3 leader;G4 basis,F:2/3,,owner-request,,NEUTRAL,
2026-08-13,INTC,0,100.95,ACCUMULATE,99.28,104.35,45.2035,58.22,RED,3,52,1,INSIDE,0,0,0,1,70,fails,0,G1 size,F:1/3,2,owner-request,7,RED,5
2026-08-13,INTU,0,334.71,CAUTION,305.04,320.6,311.263,60.89,WHITE,0,45,0,INSIDE,0,0,1,0,32,fails,0,G2 trend;G3 leader,F:3/3,,shadow-screen,,RED,
2026-08-13,IONQ,0,45.2,BOTTOMING,42.63,44.8,35.34,48.4,WHITE,1,5,0,BREAKOUT,0,0,0,0,37,fails,0,G2 trend;G3 leader,F:1/3,,shadow-screen,,RED,
2026-08-13,IOT,0,39.34,HOLD,36.42,38.28,37.1655,90.26,RED,4,3,1,BREAKOUT,0,0,0,0,65,fails,0,G3 leader,F:2/2,,owner-request,,RED,
2026-08-13,IREN,0,43.67,CAUTION,39.71,41.74,40.5252,47.5,WHITE,0,5,1,BREAKDOWN,0,0,0,0,48,fails,0,G2 trend,F:2/2,,shadow-screen,,RED,
2026-08-13,ISRG,0,401.27,CAUTION,395.41,415.59,403.484,36.42,WHITE,0,28,0,INSIDE,1,0,1,1,18,fails,0,G2 trend;G3 leader;G4 basis,F:3/3,,shadow-screen,,RED,
2026-08-13,JNJ,0,260.86,ACCUMULATE,249.12,261.83,229.601,92.2,RED,4,57,1,,0,0,0,1,63,STARTER,1,,F:2/3,,shadow-screen,,NEUTRAL,
2026-08-13,JPM,0,365.18,ACCUMULATE,349.04,366.84,309.818,100,RED,4,11,1,INSIDE,0,0,0,1,58,fails,0,G3 leader,F:2/3,16,owner-request,17,RED,19
2026-08-13,KLAC,0,208.25,HOLD,187.08,196.63,181.489,67.19,RED,3,2,1,BREAKOUT,0,0,0,0,68,STARTER,1,,F:2/3,,owner-request,,RED,
2026-08-13,KO,0,86.71,ACCUMULATE,85.08,89.42,79.273,90.16,RED,4,32,1,BREAKOUT,0,0,0,1,57,fails,0,G3 leader,F:—,,shadow-screen,,NEUTRAL,
2026-08-13,LIN,0,479.43,CAUTION,470.73,494.75,513.674,27.32,AMBER,2,3,0,,1,1,0,1,17,fails,0,G2 trend;G3 leader;G4 basis,F:2/3,,shadow-screen,,YELLOW,
2026-08-13,LITE,0,932.47,HOLD,845.24,888.36,862.485,88.58,RED,3,63,1,BREAKOUT,0,0,1,0,79,CONVICTION,1,,F:2/3,,shadow-screen,,RED,
2026-08-13,LLY,0,1220.28,ACCUMULATE,1186.64,1247.18,1159.39,97.67,RED,4,14,1,INSIDE,0,0,0,1,69,STARTER,1,,F:3/3,8,owner-request,13,RED,13
2026-08-13,LRCX,0,326.11,HOLD,307.95,323.66,314.235,74.76,RED,3,63,1,BREAKOUT,0,1,0,0,69,STARTER,1,,F:3/3,,owner-request,,RED,
2026-08-13,MA,0,559.73,HOLD,530.03,557.08,494.824,79.52,RED,3,3,1,BREAKOUT,0,0,0,0,43,fails,0,G3 leader,F:3/3,,owner-request,,YELLOW,
2026-08-13,MCD,0,275.7,CAUTION,269.56,283.31,275.062,37.96,WHITE,0,20,0,,0,1,0,1,22,fails,0,G2 trend;G3 leader,F:2/3,,shadow-screen,,RED,
2026-08-13,MCHP,0,79.44,PULLBACK,77.71,81.67,90.0586,43.22,AMBER,2,1,1,,0,0,0,1,27,fails,0,G2 trend;G3 leader;G4 basis,F:2/3,,shadow-screen,,RED,
2026-08-13,MDB,0,437.83,ACCUMULATE,427.76,449.58,322.776,99.48,RED,3,3,1,BREAKOUT,0,0,0,1,77,CONVICTION,1,,F:3/3,7,owner-request,12,RED,18
2026-08-13,META,0,578.85,CAUTION,557.67,586.12,604.457,17.54,WHITE,0,40,0,BREAKDOWN,1,1,0,1,5,fails,0,G1 size;G2 trend;G3 leader;G4 basis,F:2/2,,owner-request,,YELLOW,
2026-08-13,MPWR,0,1425.01,HOLD,1316.47,1383.64,1343.34,68.4,RED,3,61,1,BREAKOUT,0,0,0,0,72,STARTER,1,,F:3/3,,shadow-screen,,RED,
2026-08-13,MRK,0,132.92,ACCUMULATE,128.42,134.97,128.367,99.34,RED,4,41,1,,0,0,0,1,67,STARTER,1,,F:2/3,,shadow-screen,,NEUTRAL,
2026-08-13,MRVL,0,217.08,HOLD,203.57,213.96,89.2744,56.08,RED,3,25,1,,0,0,1,0,64,STARTER,1,,F:3/3,,owner-request,,RED,
2026-08-13,MS,0,217.64,ACCUMULATE,210.98,221.75,215.288,82.39,RED,3,20,1,BREAKOUT,0,0,0,1,82,CONVICTION,1,,F:2/3,,shadow-screen,,RED,
2026-08-13,MSFT,0,492.43,ACCUMULATE,475.91,500.19,394.416,90.04,RED,3,2,1,,0,0,0,1,40,fails,0,G1 size;G3 leader,F:3/3,21,owner-request,21,RED,12
2026-08-13,MSTR,0,94.83,CAUTION,93.03,97.77,94.9249,9.93,WHITE,0,45,0,BREAKDOWN,0,0,0,1,17,fails,0,G2 trend;G3 leader;G4 basis,F:0/2,,shadow-screen,,NEUTRAL,
2026-08-13,MU,1,911.29,ACCUMULATE,899.8,945.71,918.166,66.43,RED,3,62,1,,0,0,0,1,65,fails,0,G1 size;G4 basis,F:3/3,1,holding,6,RED,2
2026-08-13,NBIS,1,259.2,ACCUMULATE,250.69,263.48,222.464,93.11,RED,3,28,1,BREAKOUT,0,0,0,1,75,fails,0,G1 size,F:2/2,3,holding,8,RED,1
2026-08-13,NEE,0,85.78,CAUTION,83.92,88.2,87.785,31.76,WHITE,1,1,0,BREAKDOWN,0,0,0,1,17,fails,0,G2 trend;G3 leader;G4 basis,F:2/3,,shadow-screen,,YELLOW,
2026-08-13,NET,0,311.45,HOLD,265.43,278.98,196.615,97.91,RED,4,18,1,BREAKOUT,0,0,0,0,77,CONVICTION,1,,F:2/2,,owner-request,,RED,
2026-08-13,NFLX,0,74.21,CAUTION,72.25,75.93,73.72,27.03,WHITE,0,39,0,BREAKDOWN,0,0,0,1,14,fails,0,G2 trend;G3 leader,F:2/3,,owner-request,,RED,
2026-08-13,NKE,0,40.51,CAUTION,,,42.8979,0,WHITE,0,45,0,BREAKDOWN,0,0,0,0,17,fails,0,G2 trend;G3 leader;G4 basis,F:2/3,,shadow-screen,,YELLOW,
2026-08-13,NOW,0,124.94,CAUTION,120.2,126.33,102.561,86.23,WHITE,1,55,1,INSIDE,0,0,0,1,38,fails,0,G2 trend;G3 leader,F:2/3,,shadow-screen,,RED,
2026-08-13,NVDA,1,224.09,ACCUMULATE,216.14,227.17,209.265,95.93,RED,4,7,1,BREAKOUT,0,0,0,1,40,fails,0,G1 size;G3 leader,F:3/3,18,holding,18,RED,15
2026-08-13,NVO,0,46.39,CAUTION,45.96,48.3,46.894,49.32,WHITE,1,3,0,BREAKDOWN,1,1,0,1,17,fails,0,G2 trend;G3 leader;G4 basis,F:—,,owner-request,,YELLOW,
2026-08-13,NXPI,0,233.41,CAUTION,221.96,233.28,236.881,29.93,AMBER,2,3,0,INSIDE,0,0,0,0,22,fails,0,G2 trend;G3 leader;G4 basis,F:1/2,,shadow-screen,,YELLOW,
2026-08-13,ON,0,83.32,PULLBACK,80.05,84.13,81.6815,42.11,AMBER,2,3,1,INSIDE,0,0,0,1,57,fails,0,G2 trend,F:2/3,,shadow-screen,,RED,
2026-08-13,ONON,0,31.01,CAUTION,30.41,31.97,37.9221,3.1,WHITE,0,24,0,BREAKDOWN,0,0,0,1,20,fails,0,G2 trend;G3 leader;G4 basis,F:1/1,,owner-request,,YELLOW,
2026-08-13,ORCL,0,153.28,CAUTION,142.17,149.43,145.075,49.87,WHITE,0,8,0,BREAKDOWN,0,0,0,0,14,fails,0,G2 trend;G3 leader,F:3/3,,owner-request,,RED,
2026-08-13,PANW,0,387.01,HOLD,347.83,365.57,165.45,99.84,RED,4,14,1,,0,0,0,0,73,STARTER,1,,F:2/3,,owner-request,,RED,
2026-08-13,PEP,0,138.7,CAUTION,134.95,141.83,142.322,20.4,WHITE,0,12,0,INSIDE,0,0,0,1,22,fails,0,G2 trend;G3 leader;G4 basis,F:2/3,,shadow-screen,,NEUTRAL,
2026-08-13,PFE,0,26.31,PULLBACK,24.67,25.92,25.169,73.56,AMBER,2,2,1,BREAKDOWN,0,0,0,0,37,fails,0,G2 trend;G3 leader,F:2/3,,shadow-screen,,RED,
2026-08-13,PG,0,144.08,CAUTION,141.38,148.59,144.267,20.28,WHITE,1,4,0,,1,1,1,1,17,fails,0,G2 trend;G3 leader;G4 basis,F:2/3,,shadow-screen,,YELLOW,
2026-08-13,PLTR,1,171.04,CAUTION,163.03,171.35,134.44,86.06,WHITE,1,27,1,,0,0,0,1,30,fails,0,G1 size;G2 trend;G3 leader,F:2/2,,holding,,RED,
2026-08-13,QCOM,0,163.07,CAUTION,155.73,163.68,131.179,31.87,WHITE,1,3,0,BREAKDOWN,0,0,0,1,18,fails,0,G2 trend;G3 leader,F:3/3,,owner-request,,RED,
2026-08-13,QQQ,0,723.7,ACCUMULATE,703.4,739.28,717.751,89.22,RED,3,19,1,BREAKDOWN,0,1,0,1,45,fails,0,G1 size;G3 leader,F:—,17,owner-request,4,RED,16
2026-08-13,RBLX,0,35.54,CAUTION,,,37.2302,2.23,WHITE,0,36,0,BREAKDOWN,0,0,0,0,17,fails,0,G2 trend;G3 leader;G4 basis,F:2/2,,owner-request,,YELLOW,
2026-08-13,RDDT,0,153.45,CAUTION,139.9,147.04,142.753,36.34,WHITE,0,3,0,BREAKDOWN,0,0,0,0,27,fails,0,G2 trend;G3 leader,F:2/2,,shadow-screen,,YELLOW,
2026-08-13,RKLB,0,81.17,CAUTION,78.7,82.72,68.0144,52.28,WHITE,1,1,1,INSIDE,0,0,0,1,52,fails,0,G2 trend,F:1/3,,owner-request,,RED,
2026-08-13,RTX,0,222.76,ACCUMULATE,219.11,230.29,176.086,97.37,RED,4,9,1,BREAKOUT,0,0,0,1,67,STARTER,1,,F:2/3,,shadow-screen,,RED,
2026-08-13,SCHW,0,109.34,ACCUMULATE,105.62,111.01,92.1479,99.88,RED,4,6,1,BREAKOUT,0,0,0,1,62,fails,0,G3 leader,F:3/3,,shadow-screen,,RED,
2026-08-13,SE,0,128.11,ACCUMULATE,123.47,129.77,89.3319,82.66,RED,3,1,1,BREAKOUT,0,0,0,1,62,fails,0,G3 leader,F:2/2,22,owner-request,22,RED,20
2026-08-13,SHOP,0,150.41,ACCUMULATE,145.53,152.95,119.427,89.13,RED,3,1,1,INSIDE,0,0,0,1,53,fails,0,G3 leader,F:2/2,20,owner-request,20,RED,17
2026-08-13,SMCI,0,37.61,PULLBACK,30.18,31.72,30.7939,83.56,AMBER,2,1,1,BREAKOUT,0,0,1,0,43,fails,0,G2 trend;G3 leader,F:3/3,,shadow-screen,,RED,
2026-08-13,SNDK,0,1344.29,HOLD,1214.81,1276.79,638.592,59.96,RED,3,61,1,BREAKOUT,0,0,0,0,65,fails,0,G1 size,F:3/3,,shadow-screen,,RED,
2026-08-13,SNOW,0,332.26,HOLD,261.89,275.25,237.448,98.63,RED,4,10,1,INSIDE,0,0,0,0,73,STARTER,1,,F:3/3,,owner-request,,RED,
2026-08-13,SOFI,0,17.94,CAUTION,17.77,18.67,18.1289,57.56,WHITE,0,26,0,INSIDE,0,0,0,1,22,fails,0,G2 trend;G3 leader;G4 basis,F:3/3,,owner-request,,RED,
2026-08-13,SPCX,0,146.15,CAUTION,132.83,139.6,111.374,53.19,WHITE,0,6,0,,0,0,0,0,15,fails,0,G1 size;G2 trend;G3 leader;G5 data,F:—,,owner-request,,RED,
2026-08-13,STX,0,878.21,ACCUMULATE,848.72,892.03,866.044,78.24,RED,3,65,1,BREAKOUT,1,1,1,1,74,STARTER,1,,F:3/3,,shadow-screen,,RED,
2026-08-13,T,0,24.25,CAUTION,23.78,25,23.3142,57.48,WHITE,0,17,0,BREAKDOWN,0,0,0,1,18,fails,0,G2 trend;G3 leader,F:2/3,,shadow-screen,,RED,
2026-08-13,TER,0,402.74,ACCUMULATE,390.24,410.15,359.509,81.85,RED,3,53,1,BREAKOUT,1,1,0,1,82,CONVICTION,1,,F:2/3,,shadow-screen,,RED,
2026-08-13,TMDX,0,87.02,BOTTOMING,85.66,90.03,74.8559,61.35,WHITE,0,21,0,BREAKOUT,0,1,0,1,40,fails,0,G2 trend;G3 leader,F:3/3,,owner-request,,RED,
2026-08-13,TMO,0,603.01,ACCUMULATE,587.44,617.41,472.719,95.45,RED,3,4,1,BREAKOUT,0,0,0,1,52,fails,0,G3 leader,F:2/3,,shadow-screen,,RED,
2026-08-13,TMUS,0,177.13,CAUTION,,,180.98,12.77,WHITE,0,48,0,,0,0,0,0,17,fails,0,G2 trend;G3 leader;G4 basis,F:2/3,,shadow-screen,,YELLOW,
2026-08-13,TOST,0,34.06,HOLD,32.28,33.93,28.1072,81.65,RED,3,2,1,BREAKOUT,0,0,0,0,50,fails,0,G3 leader,F:2/2,,owner-request,,RED,
2026-08-13,TSLA,1,327.51,CAUTION,321.87,338.3,397.921,15.11,WHITE,0,8,0,BREAKDOWN,0,0,0,1,5,fails,0,G1 size;G2 trend;G3 leader;G4 basis,F:1/3,,holding,,NEUTRAL,
2026-08-13,TSM,1,429.15,ACCUMULATE,423.16,444.75,421.309,82.41,RED,3,63,1,INSIDE,1,1,0,1,65,fails,0,G1 size,F:3/3,11,holding,3,RED,14
2026-08-13,TXN,0,276.59,HOLD,215.34,226.32,281.339,44.75,RED,3,19,1,BREAKDOWN,0,1,0,0,53,fails,0,G4 basis,F:3/3,,shadow-screen,,NEUTRAL,
2026-08-13,UBER,0,75.36,BOTTOMING,72.13,75.81,73.5988,66.22,WHITE,1,35,0,BREAKOUT,0,1,0,0,33,fails,0,G2 trend;G3 leader,F:3/3,,owner-request,,RED,
2026-08-13,UNH,0,405.59,ACCUMULATE,399.75,420.14,424.412,73.27,RED,4,15,1,INSIDE,0,0,0,1,68,fails,0,G4 basis,F:3/3,,shadow-screen,,YELLOW,
2026-08-13,V,0,359.42,HOLD,340.93,358.32,329.468,83.75,RED,4,7,1,,0,0,0,0,43,fails,0,G3 leader,F:0/1,,owner-request,,YELLOW,
2026-08-13,VRT,0,288.36,HOLD,258.36,271.54,307.051,58.18,RED,3,2,1,,0,1,0,0,53,fails,0,G4 basis,F:3/3,,owner-request,,RED,
2026-08-13,VZ,0,46.98,ACCUMULATE,46.03,48.38,46.9704,69.05,RED,3,2,1,INSIDE,0,0,0,1,57,fails,0,G3 leader,F:2/3,,shadow-screen,,RED,
2026-08-13,WDC,0,454.1,ACCUMULATE,450.56,473.55,537.498,53.26,RED,3,63,1,BREAKOUT,1,1,0,1,64,fails,0,G4 basis,F:3/3,,shadow-screen,,YELLOW,
2026-08-13,WFC,0,88.93,ACCUMULATE,85.34,89.69,87.0812,90.9,RED,3,6,1,INSIDE,0,0,0,1,57,fails,0,G3 leader,F:2/3,,shadow-screen,,NEUTRAL,
2026-08-13,WMT,0,116.01,BOTTOMING,110.1,115.71,118.748,46.91,WHITE,0,6,1,BREAKOUT,0,0,0,0,33,fails,0,G2 trend;G3 leader;G4 basis,F:2/3,,shadow-screen,,RED,
2026-08-13,XOM,0,159.75,ACCUMULATE,154.1,161.96,153.102,91.18,RED,4,5,1,BREAKOUT,0,0,0,1,68,STARTER,1,,F:—,,shadow-screen,,RED,
2026-08-13,ZETA,0,28.55,HOLD,25.32,26.61,18.4446,98.65,RED,4,12,1,,0,0,0,0,70,STARTER,1,,F:2/2,,shadow-screen,,RED,
2026-08-13,ZS,0,177.32,CAUTION,170.03,178.7,146.806,83.6,WHITE,1,36,1,,0,0,0,1,40,fails,0,G2 trend;G3 leader,F:3/3,,owner-request,,RED,
2026-08-14,0700,0,443.4,CAUTION,429.12,451.01,466.711,19.53,WHITE,0,26,0,BREAKDOWN,0,0,0,1,5,fails,0,G1 size;G2 trend;G3 leader;G4 basis,F:—,,owner-request,,YELLOW,
2026-08-14,1810,0,25.62,CAUTION,22.68,23.84,27.5733,15.95,WHITE,0,44,0,BREAKDOWN,0,0,0,0,5,fails,0,G1 size;G2 trend;G3 leader;G4 basis,F:—,,owner-request,,YELLOW,
2026-08-14,3690,0,87.35,CAUTION,82.13,86.32,77.8804,56.5,WHITE,1,69,0,,0,0,0,0,14,fails,0,G2 trend;G3 leader,F:—,,owner-request,,YELLOW,
2026-08-14,9992,1,154.3,CAUTION,151.17,158.89,154.259,24.68,WHITE,0,24,0,INSIDE,0,0,0,1,23,fails,0,G2 trend;G3 leader,F:—,,holding,,YELLOW,
2026-08-14,AAL,0,15.06,ACCUMULATE,14.83,15.59,15.1365,52.95,RED,3,12,1,BREAKOUT,0,0,0,1,47,fails,0,G3 leader;G4 basis,F:2/3,,shadow-screen,,YELLOW,
2026-08-14,AAOI,0,130.08,HOLD,112.38,118.11,134.022,46.45,RED,3,2,1,BREAKDOWN,0,0,0,0,62,fails,0,G4 basis,F:1/3,,shadow-screen,,RED,
2026-08-14,AAPL,1,305.26,ACCUMULATE,291.78,306.67,310.592,69.62,RED,3,20,1,BREAKDOWN,1,1,1,1,40,fails,0,G1 size;G3 leader;G4 basis,F:2/3,10,holding,1,YELLOW,20
2026-08-14,ABBV,0,250.82,ACCUMULATE,244.27,256.73,249.255,83.12,RED,4,10,1,BREAKDOWN,0,0,0,1,57,fails,0,G3 leader,F:2/3,,shadow-screen,,NEUTRAL,
2026-08-14,ABT,0,111.27,CAUTION,109.3,114.87,88.7909,84.46,WHITE,1,42,1,,0,0,0,1,37,fails,0,G2 trend;G3 leader,F:2/2,,shadow-screen,,RED,
2026-08-14,ACN,0,178.49,CAUTION,173.21,182.05,126.877,60.08,WHITE,0,29,0,INSIDE,1,0,1,1,32,fails,0,G2 trend;G3 leader,F:1/2,,shadow-screen,,RED,
2026-08-14,ADBE,0,270.49,CAUTION,246.64,259.23,251.675,80.01,WHITE,1,88,0,,0,0,0,0,27,fails,0,G2 trend;G3 leader,F:3/3,,owner-request,,RED,
2026-08-14,ADI,0,381.17,ACCUMULATE,374.48,393.59,389.933,51.13,RED,3,40,1,BREAKDOWN,0,0,0,1,57,fails,0,G4 basis,F:3/3,,shadow-screen,,RED,
2026-08-14,ALAB,0,322.78,HOLD,207.63,218.22,123.076,64.82,RED,3,17,1,,0,0,0,0,68,STARTER,1,,F:3/3,,owner-request,,RED,
2026-08-14,AMAT,0,534.54,HOLD,432.78,454.86,541.891,62.98,RED,3,48,1,BREAKOUT,0,0,0,0,64,fails,0,G4 basis,F:2/3,,owner-request,,RED,
2026-08-14,AMD,1,483.01,ACCUMULATE,475.62,499.88,215.827,69.31,RED,3,22,1,INSIDE,0,0,0,1,75,fails,0,G1 size,F:3/3,2,holding,6,YELLOW,2
2026-08-14,AMZN,0,265.13,HOLD,248.69,261.38,229.756,81.22,RED,4,3,1,BREAKDOWN,0,1,0,0,40,fails,0,G1 size;G3 leader,F:3/3,,owner-request,,NEUTRAL,
2026-08-14,ANET,0,203.62,HOLD,189.25,198.9,143.099,96.62,RED,4,18,1,BREAKOUT,0,0,0,0,67,STARTER,1,,F:3/3,,owner-request,,RED,
2026-08-14,APH,0,165.75,ACCUMULATE,159.87,168.03,147.137,90.21,RED,4,12,1,BREAKOUT,0,0,0,1,67,STARTER,1,,F:3/3,,shadow-screen,,NEUTRAL,
2026-08-14,APP,0,312.67,CAUTION,306.68,322.32,466.365,3.25,WHITE,0,5,0,BREAKDOWN,1,1,0,1,13,fails,0,G2 trend;G3 leader;G4 basis,F:2/2,,owner-request,,YELLOW,
2026-08-14,ARM,0,278.65,ACCUMULATE,269.49,283.24,210.673,62.31,RED,3,19,1,,0,0,0,1,82,CONVICTION,1,,F:3/3,3,owner-request,7,RED,3
2026-08-14,ASML,0,1847.9,HOLD,1752.77,1842.19,1788.54,91.66,RED,3,52,1,,0,1,0,0,73,STARTER,1,,F:1/1,,owner-request,,RED,
2026-08-14,ASTS,0,71.52,CAUTION,68.17,71.65,69.5636,32.71,WHITE,0,5,0,INSIDE,0,0,0,1,37,fails,0,G2 trend,F:0/2,,owner-request,,RED,
2026-08-14,AVGO,0,417.82,ACCUMULATE,409.18,430.05,379.737,87.32,RED,3,6,1,BREAKOUT,0,0,0,1,40,fails,0,G1 size;G3 leader,F:3/3,,shadow-screen,,RED,
2026-08-14,AXON,0,615.59,ACCUMULATE,589.34,619.41,393.819,90.55,RED,3,2,1,,0,0,0,1,57,fails,0,G3 leader,F:3/3,21,owner-request,20,RED,6
2026-08-14,AXP,0,343.65,ACCUMULATE,334.64,351.72,341.473,73.51,RED,3,3,1,BREAKOUT,0,1,0,1,52,fails,0,G3 leader,F:2/3,,shadow-screen,,NEUTRAL,
2026-08-14,AXTI,0,77.45,ACCUMULATE,75.92,79.8,64.4517,67.5,RED,3,2,1,,1,0,1,1,77,CONVICTION,1,,F:0/3,,shadow-screen,,RED,
2026-08-14,AZO,0,3040.37,CAUTION,2710.1,2848.37,3077.93,20.18,WHITE,0,26,0,BREAKDOWN,0,0,1,0,20,fails,0,G2 trend;G3 leader;G4 basis,F:2/3,,shadow-screen,,NEUTRAL,
2026-08-14,BA,0,230.33,ACCUMULATE,223.7,235.11,217.965,76.09,RED,3,2,1,INSIDE,0,1,0,1,57,fails,0,G3 leader,F:2/3,,shadow-screen,,RED,
2026-08-14,BAC,0,64.09,ACCUMULATE,61.76,64.91,52.2897,98.68,RED,4,11,1,INSIDE,0,0,0,1,58,fails,0,G3 leader,F:2/3,,shadow-screen,,RED,
2026-08-14,BE,0,236.22,ACCUMULATE,230.85,242.63,215.561,64.14,RED,3,3,1,INSIDE,0,0,0,1,74,STARTER,1,,F:0/1,,shadow-screen,,RED,
2026-08-14,BKNG,0,213.34,ACCUMULATE,207.52,218.11,168.127,94.12,RED,3,2,1,BREAKOUT,0,0,0,1,57,fails,0,G3 leader,F:2/3,,shadow-screen,,RED,
2026-08-14,BSX,0,51.69,BOTTOMING,47.36,49.78,44.6055,55.5,WHITE,0,37,0,BREAKOUT,0,1,0,0,32,fails,0,G2 trend;G3 leader,F:3/3,,shadow-screen,,RED,
2026-08-14,C,0,138.73,ACCUMULATE,136.48,143.45,132.864,83.05,RED,3,22,1,INSIDE,0,0,0,1,72,STARTER,1,,F:2/3,,shadow-screen,,RED,
2026-08-14,CAT,0,854.6,HOLD,802.25,843.18,887.084,47.22,RED,3,60,1,BREAKOUT,0,0,0,0,53,fails,0,G4 basis,F:2/3,,shadow-screen,,RED,
2026-08-14,CAVA,0,72.18,CAUTION,66.52,69.92,63.1027,51.71,WHITE,0,4,0,,0,1,0,0,30,fails,0,G2 trend;G3 leader,F:3/3,,owner-request,,RED,
2026-08-14,CBRS,0,231.01,CAUTION,215.61,226.61,220.012,67.48,WHITE,0,14,0,,0,0,0,0,32,fails,0,G2 trend;G3 leader;G5 data,F:—,,shadow-screen,,RED,
2026-08-14,CDE,0,18.45,CAUTION,18.06,18.98,16.2809,73.6,WHITE,1,11,1,INSIDE,0,0,0,1,52,fails,0,G2 trend,F:2/3,,owner-request,,RED,
2026-08-14,CEG,0,278.64,BOTTOMING,265.21,278.75,270.626,55.42,WHITE,0,29,0,BREAKOUT,0,0,0,1,32,fails,0,G2 trend;G3 leader,F:2/3,,shadow-screen,,RED,
2026-08-14,CIEN,0,442.79,ACCUMULATE,431.47,453.49,440.28,63.25,RED,3,2,1,BREAKDOWN,1,1,0,1,77,CONVICTION,1,,F:3/3,,shadow-screen,,RED,
2026-08-14,COHR,0,327.23,ACCUMULATE,318.02,334.24,352.087,56.82,RED,3,2,1,BREAKDOWN,1,1,1,1,63,fails,0,G4 basis,F:2/3,,shadow-screen,,RED,
2026-08-14,COIN,0,153.9,BOTTOMING,147.31,154.83,150.316,17.82,WHITE,0,37,0,BREAKOUT,0,0,0,1,32,fails,0,G2 trend;G3 leader,F:1/2,,shadow-screen,,NEUTRAL,
2026-08-14,COST,0,961.85,BOTTOMING,930.88,978.37,949.877,56.08,WHITE,1,6,1,BREAKOUT,0,0,0,1,38,fails,0,G2 trend;G3 leader,F:2/3,,owner-request,,RED,
2026-08-14,CRCL,0,75.38,CAUTION,68.23,71.71,63.3924,38.11,WHITE,0,10,0,BREAKDOWN,0,1,0,0,32,fails,0,G2 trend;G3 leader,F:2/2,,shadow-screen,,RED,
2026-08-14,CRDO,0,265.99,HOLD,242.18,254.53,247.119,93.29,RED,4,17,1,,0,0,0,0,72,STARTER,1,,F:3/3,,owner-request,,RED,
2026-08-14,CRM,0,201.37,CAUTION,190.2,199.91,185.994,84.05,WHITE,1,74,1,,0,0,0,0,33,fails,0,G2 trend;G3 leader,F:2/3,,owner-request,,RED,
2026-08-14,CRWD,0,225.53,HOLD,184.91,194.34,110.543,99.83,RED,4,14,1,INSIDE,0,0,0,0,73,STARTER,1,,F:2/2,,owner-request,,RED,
2026-08-14,CRWV,0,106.29,PULLBACK,88.62,93.15,90.4324,66.47,AMBER,2,1,1,INSIDE,0,0,0,0,43,fails,0,G2 trend;G3 leader,F:2/2,,shadow-screen,,RED,
2026-08-14,CSCO,0,113.47,ACCUMULATE,111.65,117.35,77.9846,54.47,RED,3,68,1,,0,0,0,1,63,STARTER,1,,F:2/3,,shadow-screen,,NEUTRAL,
2026-08-14,CSPX,1,834.01,ACCUMULATE,817.47,859.17,805.023,95.51,RED,4,19,1,INSIDE,0,0,0,1,65,fails,0,G3 leader,F:—,14,holding,14,RED,18
2026-08-14,CVX,0,197.7,ACCUMULATE,192.01,201.8,189.832,90.71,RED,4,5,1,BREAKOUT,0,0,0,1,48,fails,0,G3 leader,F:1/3,,shadow-screen,,RED,
2026-08-14,D05,0,75.31,ACCUMULATE,72.42,76.11,57.6073,93.99,RED,4,69,1,BREAKOUT,0,0,0,1,75,CONVICTION,1,,F:—,9,owner-request,11,YELLOW,7
2026-08-14,DDOG,1,252.24,ACCUMULATE,242.46,254.83,125.934,79.87,RED,4,15,1,BREAKOUT,1,1,0,1,77,CONVICTION,1,,F:2/2,4,holding,2,YELLOW,4
2026-08-14,DELL,0,494.51,HOLD,434.96,457.15,119.097,99.04,RED,4,24,1,BREAKOUT,0,0,0,0,73,STARTER,1,,F:2/2,,shadow-screen,,RED,
2026-08-14,DRAM,1,56.93,CAUTION,53.34,56.06,54.43,52.23,AMBER,2,4,0,,0,1,0,0,39,fails,0,G2 trend;G5 data,F:—,,holding,,RED,
2026-08-14,DUOL,0,144.1,CAUTION,128.52,135.08,98.8507,80.07,WHITE,1,53,0,,0,0,0,0,30,fails,0,G2 trend;G3 leader,F:2/2,,owner-request,,RED,
2026-08-14,ETHA,0,14.23,CAUTION,14.04,14.75,14.3238,28.7,WHITE,0,37,0,INSIDE,1,0,1,1,30,fails,0,G2 trend;G3 leader;G4 basis,F:1/2,,owner-request,,YELLOW,
2026-08-14,ETN,0,453.33,ACCUMULATE,440.86,463.35,405.419,98.05,RED,4,23,1,INSIDE,0,0,0,0,62,fails,0,G3 leader,F:3/3,,shadow-screen,,RED,
2026-08-14,FCX,0,66.83,HOLD,60.95,64.06,62.1905,81.85,RED,3,4,1,BREAKDOWN,0,0,0,0,57,fails,1,,F:2/3,,shadow-screen,,NEUTRAL,
2026-08-14,GE,0,360.64,ACCUMULATE,350.92,368.83,284.854,82.88,RED,4,12,1,BREAKOUT,0,0,0,1,67,fails,0,G3 leader,F:3/3,,shadow-screen,,YELLOW,
2026-08-14,GEV,0,1049.42,HOLD,991.05,1041.62,1065.33,76.01,RED,3,71,1,BREAKOUT,0,1,0,0,73,fails,0,G4 basis,F:2/3,,shadow-screen,,RED,
2026-08-14,GLW,0,158.54,ACCUMULATE,154.61,162.5,157.764,45.31,RED,3,2,1,BREAKDOWN,1,1,0,1,63,STARTER,1,,F:1/1,,shadow-screen,,RED,
2026-08-14,GOOG,1,343.94,ACCUMULATE,337.39,354.61,344.279,53.24,RED,3,3,1,INSIDE,0,0,0,1,45,fails,0,G1 size;G4 basis,F:2/2,8,holding,10,YELLOW,21
2026-08-14,GOOGL,0,346.36,ACCUMULATE,338.01,355.26,344.911,56.81,RED,3,3,1,,0,0,0,1,45,fails,0,G1 size,F:2/2,,shadow-screen,,NEUTRAL,
2026-08-14,GRAB,0,3.7,BOTTOMING,3.55,3.73,3.6237,45.59,WHITE,0,32,0,BREAKOUT,1,1,1,1,25,fails,0,G2 trend;G3 leader,F:2/2,,owner-request,,RED,
2026-08-14,GS,0,1042.63,ACCUMULATE,1020,1072.05,1040.82,73.98,RED,3,20,1,INSIDE,0,0,0,1,68,STARTER,1,,F:2/2,,shadow-screen,,NEUTRAL,
2026-08-14,HD,0,341.7,CAUTION,327.05,343.74,348.297,53.63,WHITE,0,24,0,BREAKDOWN,0,1,0,0,17,fails,0,G2 trend;G3 leader;G4 basis,F:2/3,,shadow-screen,,NEUTRAL,
2026-08-14,HIMS,0,28.77,CAUTION,25.9,27.23,29.3603,48.46,AMBER,2,1,0,BREAKDOWN,0,0,0,0,25,fails,0,G2 trend;G3 leader;G4 basis,F:2/2,,owner-request,,YELLOW,
2026-08-14,HON,0,233.99,ACCUMULATE,229.71,241.43,243.956,51.3,RED,4,4,1,,1,0,1,1,42,fails,0,G3 leader;G4 basis,F:2/3,,shadow-screen,,YELLOW,
2026-08-14,HOOD,0,99.37,ACCUMULATE,98.54,103.57,76.046,65.85,RED,3,2,1,BREAKOUT,0,0,0,0,63,fails,0,G3 leader,F:2/2,20,owner-request,23,RED,10
2026-08-14,IBIT,0,35.88,CAUTION,33.17,34.86,36.3375,15.63,WHITE,0,39,0,INSIDE,0,0,0,0,27,fails,0,G2 trend;G3 leader;G4 basis,F:1/2,,owner-request,,YELLOW,
2026-08-14,IBM,0,237.14,CAUTION,230.61,242.37,222.602,45.47,WHITE,0,5,0,,0,0,0,1,18,fails,0,G2 trend;G3 leader,F:2/3,,shadow-screen,,RED,
2026-08-14,ICE,0,155.24,BOTTOMING,150.59,158.28,153.668,64.1,WHITE,1,27,1,BREAKOUT,0,0,0,1,37,fails,0,G2 trend;G3 leader,F:2/3,,owner-request,,RED,
2026-08-14,INTC,0,104.56,HOLD,99.28,104.35,45.2035,65.39,RED,3,52,1,INSIDE,0,0,0,0,70,fails,0,G1 size,F:1/3,,owner-request,,RED,
2026-08-14,INTU,0,358.29,BOTTOMING,355.42,373.56,311.263,63.75,WHITE,0,45,0,BREAKOUT,1,0,1,1,37,fails,0,G2 trend;G3 leader,F:3/3,,shadow-screen,,RED,
2026-08-14,IONQ,0,44.98,BOTTOMING,44.63,46.91,35.34,48.12,WHITE,0,5,0,BREAKOUT,0,0,0,1,37,fails,0,G2 trend;G3 leader,F:1/3,,shadow-screen,,RED,
2026-08-14,IOT,0,41.14,HOLD,36.42,38.28,37.1655,96.63,RED,4,3,1,BREAKOUT,0,0,0,0,65,fails,0,G3 leader,F:2/2,,owner-request,,RED,
2026-08-14,IREN,0,44.76,CAUTION,39.71,41.74,40.5252,51.01,WHITE,1,5,1,BREAKDOWN,0,0,0,0,48,fails,0,G2 trend,F:2/2,,shadow-screen,,RED,
2026-08-14,ISRG,0,401.27,CAUTION,395.41,415.59,403.484,36.85,WHITE,0,28,0,INSIDE,1,0,1,1,22,fails,0,G2 trend;G3 leader;G4 basis,F:3/3,,shadow-screen,,RED,
2026-08-14,JNJ,0,262.08,HOLD,249.12,261.83,229.601,94.92,RED,4,57,1,,0,0,0,0,58,fails,1,,F:2/3,,shadow-screen,,NEUTRAL,
2026-08-14,JPM,0,363.11,ACCUMULATE,349.42,367.25,310.141,98.79,RED,4,11,1,INSIDE,0,0,0,1,58,fails,0,G3 leader,F:2/3,12,owner-request,12,RED,16
2026-08-14,KLAC,0,209.37,HOLD,187.08,196.63,181.489,66.77,RED,3,2,1,BREAKOUT,0,0,0,0,68,STARTER,1,,F:2/3,,owner-request,,RED,
2026-08-14,KO,0,87.42,ACCUMULATE,85.08,89.42,79.273,93.77,RED,4,32,1,BREAKOUT,0,0,0,1,57,fails,0,G3 leader,F:—,,shadow-screen,,NEUTRAL,
2026-08-14,LIN,0,478.2,CAUTION,470.73,494.75,513.674,27.54,AMBER,2,3,0,,1,1,0,1,17,fails,0,G2 trend;G3 leader;G4 basis,F:2/3,,shadow-screen,,YELLOW,
2026-08-14,LITE,0,880.41,ACCUMULATE,853.81,897.37,871.238,76.51,RED,3,63,1,BREAKOUT,1,0,1,1,84,CONVICTION,1,,F:2/3,,shadow-screen,,RED,
2026-08-14,LLY,0,1209,ACCUMULATE,1186.64,1247.18,1159.39,91.65,RED,4,14,1,INSIDE,0,0,0,1,69,STARTER,1,,F:3/3,5,owner-request,8,RED,14
2026-08-14,LRCX,0,337.01,HOLD,307.95,323.66,314.235,79.04,RED,3,63,1,BREAKOUT,0,1,0,0,69,STARTER,1,,F:3/3,,owner-request,,RED,
2026-08-14,MA,0,567.04,ACCUMULATE,556.57,584.96,494.824,86.45,RED,3,3,1,BREAKOUT,0,0,0,1,48,fails,0,G3 leader,F:3/3,17,owner-request,17,NEUTRAL,23
2026-08-14,MCD,0,272.25,CAUTION,248.28,260.95,275.062,25.38,WHITE,0,20,0,,0,1,0,0,17,fails,0,G2 trend;G3 leader;G4 basis,F:2/3,,shadow-screen,,NEUTRAL,
2026-08-14,MCHP,0,77.69,PULLBACK,73.02,76.74,90.0586,37.49,AMBER,2,1,1,,0,0,0,0,27,fails,0,G2 trend;G3 leader;G4 basis,F:2/3,,shadow-screen,,NEUTRAL,
2026-08-14,MDB,0,472.29,HOLD,427.76,449.58,322.776,100,RED,3,3,1,BREAKOUT,0,0,0,0,82,CONVICTION,1,,F:3/3,,owner-request,,RED,
2026-08-14,META,0,594.97,CAUTION,557.67,586.12,604.457,32.32,WHITE,0,40,0,BREAKDOWN,1,1,1,0,5,fails,0,G1 size;G2 trend;G3 leader;G4 basis,F:2/2,,owner-request,,NEUTRAL,
2026-08-14,MPWR,0,1362.55,ACCUMULATE,1316.47,1383.64,1343.34,54.69,RED,3,61,1,INSIDE,0,0,0,1,67,STARTER,1,,F:3/3,,shadow-screen,,NEUTRAL,
2026-08-14,MRK,0,135.55,HOLD,125.82,132.24,120.832,100,RED,4,41,1,,0,0,0,0,67,STARTER,1,,F:2/3,,shadow-screen,,RED,
2026-08-14,MRVL,0,222.18,HOLD,203.57,213.96,89.2744,57.83,RED,3,25,1,INSIDE,0,0,1,0,69,STARTER,1,,F:3/3,,owner-request,,RED,
2026-08-14,MS,0,218.38,ACCUMULATE,210.98,221.75,215.288,84.6,RED,3,20,1,BREAKOUT,0,0,0,1,82,CONVICTION,1,,F:2/3,,shadow-screen,,RED,
2026-08-14,MSFT,0,496.88,ACCUMULATE,475.91,500.19,394.416,90.56,RED,3,2,1,INSIDE,0,0,0,1,50,fails,0,G1 size;G3 leader,F:3/3,19,owner-request,19,RED,12
2026-08-14,MSTR,0,97.1,CAUTION,93.03,97.77,94.9249,21.84,WHITE,0,45,0,BREAKDOWN,0,0,0,1,22,fails,0,G2 trend;G3 leader,F:0/2,,shadow-screen,,RED,
2026-08-14,MU,1,949.83,ACCUMULATE,909.66,956.07,928.221,76.24,RED,3,62,1,,0,0,0,1,70,fails,0,G1 size,F:3/3,1,holding,5,RED,1
2026-08-14,NBIS,1,255.04,HOLD,232.02,243.86,222.464,90.27,RED,3,28,1,BREAKOUT,0,0,0,0,70,fails,0,G1 size,F:2/2,,holding,,RED,
2026-08-14,NEE,0,86.01,CAUTION,83.92,88.2,87.785,31.9,WHITE,1,1,0,BREAKDOWN,0,0,0,1,17,fails,0,G2 trend;G3 leader;G4 basis,F:2/3,,shadow-screen,,YELLOW,
2026-08-14,NET,0,330.83,HOLD,297.88,313.08,198.309,99.94,RED,4,18,1,BREAKOUT,0,0,0,0,77,CONVICTION,1,,F:2/2,,owner-request,,RED,
2026-08-14,NFLX,0,78.24,CAUTION,75.13,78.97,73.72,41.22,WHITE,0,39,0,BREAKDOWN,0,0,0,1,14,fails,0,G2 trend;G3 leader,F:2/3,,owner-request,,RED,
2026-08-14,NKE,0,41.23,CAUTION,,,42.8979,8.04,WHITE,0,45,0,BREAKDOWN,0,0,0,0,17,fails,0,G2 trend;G3 leader;G4 basis,F:2/3,,shadow-screen,,YELLOW,
2026-08-14,NOW,0,127.25,CAUTION,120.2,126.33,102.561,88.59,WHITE,1,55,1,INSIDE,0,0,0,0,43,fails,0,G2 trend;G3 leader,F:2/3,,shadow-screen,,RED,
2026-08-14,NVDA,1,225.3,ACCUMULATE,216.14,227.17,209.265,97.05,RED,4,7,1,INSIDE,0,0,0,1,45,fails,0,G1 size;G3 leader,F:3/3,13,holding,13,RED,15
2026-08-14,NVO,0,46.72,CAUTION,45.96,48.3,46.894,49.33,WHITE,1,3,0,BREAKDOWN,1,1,0,1,17,fails,0,G2 trend;G3 leader;G4 basis,F:—,,owner-request,,YELLOW,
2026-08-14,NXPI,0,231.91,CAUTION,221.96,233.28,235.149,29.77,AMBER,2,3,0,INSIDE,0,0,0,1,22,fails,0,G2 trend;G3 leader;G4 basis,F:1/2,,shadow-screen,,YELLOW,
2026-08-14,ON,0,81.56,PULLBACK,80.05,84.13,81.6815,37.46,AMBER,2,3,1,INSIDE,0,0,0,1,42,fails,0,G2 trend;G4 basis,F:2/3,,shadow-screen,,NEUTRAL,
2026-08-14,ONON,0,31.59,CAUTION,30.41,31.97,37.9221,12.37,WHITE,0,24,0,BREAKDOWN,1,1,0,1,20,fails,0,G2 trend;G3 leader;G4 basis,F:1/1,,owner-request,,YELLOW,
2026-08-14,ORCL,0,156.22,CAUTION,142.17,149.43,145.075,52.33,WHITE,0,8,0,BREAKDOWN,0,0,0,0,14,fails,0,G2 trend;G3 leader,F:3/3,,owner-request,,RED,
2026-08-14,PANW,0,396,HOLD,347.96,365.72,165.71,99.94,RED,4,14,1,,0,0,0,0,73,STARTER,1,,F:2/3,,owner-request,,RED,
2026-08-14,PEP,0,140.62,CAUTION,134.95,141.83,142.322,31.92,WHITE,0,12,0,INSIDE,0,0,0,1,22,fails,0,G2 trend;G3 leader;G4 basis,F:2/3,,shadow-screen,,RED,
2026-08-14,PFE,0,26.8,PULLBACK,24.67,25.92,25.169,80.37,AMBER,2,2,1,BREAKDOWN,0,0,0,0,37,fails,0,G2 trend;G3 leader,F:2/3,,shadow-screen,,RED,
2026-08-14,PG,0,144.26,CAUTION,141.38,148.59,144.267,20.19,WHITE,1,4,0,,1,1,1,1,17,fails,0,G2 trend;G3 leader;G4 basis,F:2/3,,shadow-screen,,YELLOW,
2026-08-14,PLTR,1,179.01,ACCUMULATE,172.91,181.73,134.44,92.8,RED,3,1,1,,0,0,0,1,45,fails,0,G1 size;G3 leader,F:2/2,18,holding,18,RED,9
2026-08-14,QCOM,0,164.79,CAUTION,162.2,170.48,131.179,33.41,WHITE,1,3,0,INSIDE,0,0,0,1,23,fails,0,G2 trend;G3 leader,F:3/3,,owner-request,,RED,
2026-08-14,QQQ,0,732.07,ACCUMULATE,703.4,739.28,717.751,94.05,RED,3,19,1,INSIDE,0,1,0,1,50,fails,0,G1 size;G3 leader,F:—,11,owner-request,4,RED,13
2026-08-14,RBLX,0,37.95,CAUTION,36.49,38.35,37.2302,15.71,WHITE,0,36,0,BREAKDOWN,0,0,0,1,22,fails,0,G2 trend;G3 leader,F:2/2,,owner-request,,YELLOW,
2026-08-14,RDDT,0,158.12,CAUTION,153.94,161.79,142.753,43.27,WHITE,0,3,0,INSIDE,0,0,0,1,32,fails,0,G2 trend;G3 leader,F:2/2,,shadow-screen,,YELLOW,
2026-08-14,RKLB,0,80.1,CAUTION,78.7,82.72,68.0144,49.1,WHITE,1,1,1,INSIDE,0,0,0,1,52,fails,0,G2 trend,F:1/3,,owner-request,,RED,
2026-08-14,RTX,0,220.48,ACCUMULATE,213.94,224.85,176.086,94.56,RED,4,9,1,BREAKOUT,0,0,0,1,67,STARTER,1,,F:2/3,,shadow-screen,,NEUTRAL,
2026-08-14,SCHW,0,110.06,ACCUMULATE,105.6,110.99,92.5417,100,RED,4,6,1,INSIDE,0,0,0,1,57,fails,0,G3 leader,F:3/3,,shadow-screen,,RED,
2026-08-14,SE,0,123.32,ACCUMULATE,123.47,129.77,89.3319,78.6,RED,3,1,1,BREAKOUT,0,0,0,1,62,fails,0,G3 leader,F:2/2,23,owner-request,22,RED,22
2026-08-14,SHOP,0,158.53,ACCUMULATE,155.89,163.84,119.427,94.85,RED,3,1,1,BREAKOUT,0,0,0,1,63,fails,0,G3 leader,F:2/2,16,owner-request,16,RED,8
2026-08-14,SMCI,0,39.16,PULLBACK,30.18,31.72,30.7939,83.44,AMBER,2,1,1,BREAKOUT,0,0,1,0,43,fails,0,G2 trend;G3 leader,F:3/3,,shadow-screen,,RED,
2026-08-14,SNDK,0,1528.11,ACCUMULATE,1461.81,1536.39,638.592,74.42,RED,3,61,1,BREAKOUT,0,0,0,1,75,fails,0,G1 size,F:3/3,,shadow-screen,,RED,
2026-08-14,SNOW,0,337.38,ACCUMULATE,327.57,344.28,237.448,99.57,RED,4,10,1,INSIDE,0,0,0,1,78,CONVICTION,1,,F:3/3,7,owner-request,9,RED,5
2026-08-14,SOFI,0,18.43,CAUTION,17.77,18.67,18.1289,70.02,WHITE,0,26,0,INSIDE,0,0,0,1,32,fails,0,G2 trend;G3 leader,F:3/3,,owner-request,,RED,
2026-08-14,SPCX,0,141.29,CAUTION,138.74,145.82,111.374,49.7,WHITE,0,6,0,,0,0,0,0,15,fails,0,G1 size;G2 trend;G3 leader;G5 data,F:—,,owner-request,,RED,
2026-08-14,STX,0,921.37,HOLD,848.72,892.03,866.044,88.22,RED,3,65,1,BREAKOUT,1,1,1,0,69,STARTER,1,,F:3/3,,shadow-screen,,RED,
2026-08-14,T,0,24.58,CAUTION,23.78,25,23.3142,63.67,WHITE,1,17,0,BREAKDOWN,0,0,0,1,23,fails,0,G2 trend;G3 leader,F:2/3,,shadow-screen,,RED,
2026-08-14,TER,0,410.52,HOLD,390.24,410.15,359.509,83.35,RED,3,53,1,BREAKOUT,0,1,0,0,77,CONVICTION,1,,F:2/3,,shadow-screen,,RED,
2026-08-14,TMDX,0,89.64,BOTTOMING,85.66,90.03,74.8559,63.12,WHITE,0,21,0,BREAKOUT,0,1,0,1,40,fails,0,G2 trend;G3 leader,F:3/3,,owner-request,,RED,
2026-08-14,TMO,0,595.89,HOLD,566.35,595.25,472.719,93.21,RED,3,4,1,BREAKOUT,0,0,0,0,47,fails,0,G3 leader,F:2/3,,shadow-screen,,RED,
2026-08-14,TMUS,0,183.38,CAUTION,177.36,186.41,180.98,31.5,WHITE,0,48,0,,0,0,0,1,22,fails,0,G2 trend;G3 leader,F:2/3,,shadow-screen,,RED,
2026-08-14,TOST,0,35.22,ACCUMULATE,34.18,35.92,28.1072,86.96,RED,3,2,1,BREAKOUT,0,0,0,1,60,fails,0,G3 leader,F:2/2,22,owner-request,21,RED,11
2026-08-14,TSLA,1,339.96,BOTTOMING,321.87,338.3,397.921,20.97,WHITE,0,8,0,BREAKOUT,0,0,0,0,15,fails,0,G1 size;G2 trend;G3 leader;G4 basis,F:1/3,,holding,,RED,
2026-08-14,TSM,1,430.49,ACCUMULATE,423.16,444.75,421.309,81.96,RED,3,63,1,INSIDE,1,1,0,1,65,fails,0,G1 size,F:3/3,6,holding,3,RED,17
2026-08-14,TXN,0,273.43,HOLD,215.34,226.32,279.718,41,RED,3,19,1,BREAKDOWN,0,0,0,0,48,fails,0,G4 basis,F:3/3,,shadow-screen,,NEUTRAL,
2026-08-14,UBER,0,75.88,BOTTOMING,72.13,75.81,73.5988,70.58,WHITE,1,35,0,BREAKOUT,0,1,0,0,37,fails,0,G2 trend;G3 leader,F:3/3,,owner-request,,RED,
2026-08-14,UNH,0,399.06,HOLD,373.87,392.94,424.412,67.2,RED,3,15,1,BREAKDOWN,0,0,0,0,58,fails,0,G4 basis,F:3/3,,shadow-screen,,YELLOW,
2026-08-14,V,0,365.45,ACCUMULATE,354.05,372.12,329.468,94.51,RED,4,7,1,,0,0,0,1,48,fails,0,G3 leader,F:0/1,15,owner-request,15,NEUTRAL,19
2026-08-14,VRT,0,287.07,HOLD,258.36,271.54,307.051,57.83,RED,3,2,1,INSIDE,0,1,0,0,53,fails,0,G4 basis,F:3/3,,owner-request,,RED,
2026-08-14,VZ,0,48.22,ACCUMULATE,46.46,48.83,47.4048,84.64,RED,4,2,1,BREAKOUT,0,0,0,1,52,fails,0,G3 leader,F:2/3,,shadow-screen,,RED,
2026-08-14,WDC,0,487.29,HOLD,450.56,473.55,537.498,61.93,RED,3,63,1,BREAKOUT,0,1,0,0,64,fails,0,G4 basis,F:3/3,,shadow-screen,,NEUTRAL,
2026-08-14,WFC,0,88.11,ACCUMULATE,85.34,89.69,87.0812,83.84,RED,3,6,1,INSIDE,0,0,0,1,57,fails,0,G3 leader,F:2/3,,shadow-screen,,NEUTRAL,
2026-08-14,WMT,0,115.72,CAUTION,112.45,118.19,118.748,47.17,WHITE,0,6,1,INSIDE,0,0,0,1,28,fails,0,G2 trend;G3 leader;G4 basis,F:2/3,,shadow-screen,,RED,
2026-08-14,XOM,0,158.61,ACCUMULATE,154.1,161.96,153.102,89.18,RED,4,5,1,BREAKOUT,0,0,0,1,68,STARTER,1,,F:—,,shadow-screen,,RED,
2026-08-14,ZETA,0,29.62,HOLD,25.32,26.61,18.4446,99.82,RED,4,12,1,,0,0,0,0,70,STARTER,1,,F:2/2,,shadow-screen,,RED,
2026-08-14,ZS,0,188.18,CAUTION,181.92,191.2,146.806,87.95,WHITE,1,36,1,,0,0,0,1,40,fails,0,G2 trend;G3 leader,F:3/3,,owner-request,,RED,
2026-08-17,0700,0,444,CAUTION,433.15,455.25,466.711,19.9,WHITE,0,27,0,BREAKDOWN,0,0,0,1,5,fails,0,G1 size;G2 trend;G3 leader;G4 basis,F:—,,owner-request,,YELLOW,
2026-08-17,1810,0,25.96,CAUTION,22.68,23.84,27.5733,19.62,WHITE,0,45,0,INSIDE,0,0,0,0,10,fails,0,G1 size;G2 trend;G3 leader;G4 basis,F:—,,owner-request,,YELLOW,
2026-08-17,3690,0,88.15,CAUTION,82.13,86.32,77.8804,62.45,WHITE,1,70,0,,0,0,0,0,19,fails,0,G2 trend;G3 leader,F:—,,owner-request,,YELLOW,
2026-08-17,9992,1,155.3,CAUTION,151.17,158.89,154.259,24.77,WHITE,0,25,0,INSIDE,0,0,0,1,23,fails,0,G2 trend;G3 leader,F:—,,holding,,YELLOW,
2026-08-17,AAL,0,14.83,HOLD,13.7,14.4,15.1365,46.75,RED,3,12,1,BREAKOUT,0,0,0,0,42,fails,0,G3 leader;G4 basis,F:2/3,,shadow-screen,,YELLOW,
2026-08-17,AAOI,0,150.28,HOLD,137.03,144.02,134.022,68.57,RED,3,2,1,BREAKDOWN,0,0,0,0,72,STARTER,1,,F:1/3,,shadow-screen,,RED,
2026-08-17,AAPL,1,305.93,ACCUMULATE,291.78,306.67,310.592,69.51,RED,3,20,1,BREAKDOWN,1,1,1,0,40,fails,0,G1 size;G3 leader;G4 basis,F:2/3,13,holding,4,YELLOW,16
2026-08-17,ABBV,0,249.46,ACCUMULATE,244.27,256.73,249.255,79.95,RED,4,10,1,BREAKDOWN,0,0,0,1,57,fails,0,G3 leader,F:2/3,,shadow-screen,,NEUTRAL,
2026-08-17,ABT,0,111.25,CAUTION,109.3,114.87,88.7909,84.03,WHITE,1,42,1,,0,0,0,1,37,fails,0,G2 trend;G3 leader,F:2/2,,shadow-screen,,RED,
2026-08-17,ACN,0,176.89,CAUTION,173.21,182.05,126.877,59.9,WHITE,0,29,0,INSIDE,1,0,1,1,27,fails,0,G2 trend;G3 leader,F:1/2,,shadow-screen,,RED,
2026-08-17,ADBE,0,264.02,CAUTION,246.64,259.23,251.675,73.35,WHITE,1,88,0,,0,0,0,0,27,fails,0,G2 trend;G3 leader,F:3/3,,owner-request,,RED,
2026-08-17,ADI,0,389.39,ACCUMULATE,382.13,401.63,389.933,59.99,RED,3,40,1,INSIDE,0,0,0,1,62,fails,0,G4 basis,F:3/3,,shadow-screen,,RED,
2026-08-17,ALAB,0,321.61,ACCUMULATE,317.35,333.54,123.076,64.83,RED,3,17,1,INSIDE,0,0,0,1,82,CONVICTION,1,,F:3/3,10,owner-request,12,RED,3
2026-08-17,AMAT,0,507.18,HOLD,432.78,454.86,541.891,56.48,RED,3,48,1,BREAKOUT,0,0,0,0,59,fails,0,G4 basis,F:2/3,,owner-request,,NEUTRAL,
2026-08-17,AMD,1,514.39,ACCUMULATE,501.6,527.19,215.827,82.97,RED,3,22,1,BREAKOUT,0,0,0,1,80,fails,0,G1 size,F:3/3,4,holding,8,RED,4
2026-08-17,AMZN,0,262.65,HOLD,248.69,261.38,229.756,78.94,RED,4,3,1,INSIDE,0,1,0,0,45,fails,0,G1 size;G3 leader,F:3/3,,owner-request,,NEUTRAL,
2026-08-17,ANET,0,198.82,ACCUMULATE,189.25,198.9,143.099,95.14,RED,4,18,1,BREAKOUT,0,0,0,1,72,STARTER,1,,F:3/3,12,owner-request,14,RED,8
2026-08-17,APH,0,167.11,ACCUMULATE,163.49,171.83,147.137,91.63,RED,4,12,1,INSIDE,0,0,0,1,72,STARTER,1,,F:3/3,,shadow-screen,,RED,
2026-08-17,APP,0,315.44,CAUTION,306.68,322.32,466.365,4.96,WHITE,0,5,0,BREAKDOWN,1,1,0,1,13,fails,0,G2 trend;G3 leader;G4 basis,F:2/2,,owner-request,,YELLOW,
2026-08-17,ARM,0,279.44,ACCUMULATE,269.49,283.24,210.673,62.36,RED,3,19,1,INSIDE,0,0,0,1,87,CONVICTION,1,,F:3/3,6,owner-request,9,RED,5
2026-08-17,ASML,0,1844.08,HOLD,1752.77,1842.19,1788.54,91.62,RED,3,52,1,INSIDE,0,1,0,0,78,CONVICTION,1,,F:1/1,,owner-request,,RED,
2026-08-17,ASTS,0,70.98,CAUTION,68.17,71.65,69.5636,32.87,WHITE,0,5,0,INSIDE,0,0,0,1,37,fails,0,G2 trend,F:0/2,,owner-request,,RED,
2026-08-17,AVGO,0,392.99,HOLD,372.14,391.13,379.737,66.13,RED,3,6,1,INSIDE,0,0,0,0,40,fails,0,G1 size;G3 leader,F:3/3,,shadow-screen,,NEUTRAL,
2026-08-17,AXON,0,612.83,ACCUMULATE,589.34,619.41,393.819,88.59,RED,3,2,1,,0,0,0,1,57,fails,0,G3 leader,F:3/3,21,owner-request,21,RED,9
2026-08-17,AXP,0,342.48,ACCUMULATE,334.64,351.72,341.473,68.89,RED,3,3,1,INSIDE,1,0,1,1,57,fails,0,G3 leader,F:2/3,,shadow-screen,,NEUTRAL,
2026-08-17,AXTI,0,81.64,ACCUMULATE,79.4,83.45,64.4517,72.81,RED,3,2,1,,1,0,1,1,77,CONVICTION,1,,F:0/3,,shadow-screen,,RED,
2026-08-17,AZO,0,3025,CAUTION,2710.1,2848.37,3077.93,13.76,WHITE,0,26,0,INSIDE,0,0,1,0,25,fails,0,G2 trend;G3 leader;G4 basis,F:2/3,,shadow-screen,,NEUTRAL,
2026-08-17,BA,0,231.67,ACCUMULATE,226.22,237.77,217.965,78.93,RED,3,2,1,INSIDE,0,1,0,1,57,fails,0,G3 leader,F:2/3,,shadow-screen,,RED,
2026-08-17,BAC,0,64.49,ACCUMULATE,61.76,64.91,52.2897,99.19,RED,4,11,1,BREAKOUT,0,0,0,1,63,fails,0,G3 leader,F:2/3,,shadow-screen,,RED,
2026-08-17,BE,0,229.94,ACCUMULATE,225.25,236.74,215.561,60.05,RED,3,3,1,INSIDE,0,0,0,1,74,STARTER,1,,F:0/1,,shadow-screen,,RED,
2026-08-17,BKNG,0,212.06,ACCUMULATE,207.52,218.11,168.127,92.42,RED,3,2,1,INSIDE,0,0,0,1,62,fails,0,G3 leader,F:2/3,,shadow-screen,,RED,
2026-08-17,BSX,0,51.83,BOTTOMING,47.36,49.78,44.6055,55.06,WHITE,0,37,0,BREAKOUT,0,1,0,0,32,fails,0,G2 trend;G3 leader,F:3/3,,shadow-screen,,RED,
2026-08-17,C,0,139.33,ACCUMULATE,136.48,143.45,132.864,85.44,RED,3,22,1,INSIDE,0,0,0,1,77,CONVICTION,1,,F:2/3,,shadow-screen,,RED,
2026-08-17,CAT,0,856.57,HOLD,802.25,843.18,887.084,46.91,RED,3,60,1,INSIDE,0,0,0,0,58,fails,0,G4 basis,F:2/3,,shadow-screen,,RED,
2026-08-17,CAVA,0,74.42,CAUTION,66.52,69.92,63.1027,56.57,WHITE,1,4,0,,0,1,0,0,30,fails,0,G2 trend;G3 leader,F:3/3,,owner-request,,RED,
2026-08-17,CBRS,0,218.98,CAUTION,200.88,211.13,221.891,49.37,WHITE,0,14,0,,0,0,0,0,22,fails,0,G2 trend;G3 leader;G4 basis;G5 data,F:—,,shadow-screen,,NEUTRAL,
2026-08-17,CDE,0,18.81,CAUTION,18.06,18.98,16.2809,76.25,WHITE,1,11,1,INSIDE,0,0,0,1,52,fails,0,G2 trend,F:2/3,,owner-request,,RED,
2026-08-17,CEG,0,282.5,BOTTOMING,265.21,278.75,270.626,58.45,WHITE,0,29,0,BREAKOUT,0,0,0,0,32,fails,0,G2 trend;G3 leader,F:2/3,,shadow-screen,,RED,
2026-08-17,CIEN,0,428.77,HOLD,397.22,417.49,440.28,55.25,RED,3,2,1,BREAKDOWN,0,1,0,0,62,fails,0,G4 basis,F:3/3,,shadow-screen,,RED,
2026-08-17,COHR,0,325.83,ACCUMULATE,318.02,334.24,324.506,56.26,RED,3,2,1,BREAKDOWN,1,1,1,1,68,STARTER,1,,F:2/3,,shadow-screen,,RED,
2026-08-17,COIN,0,148.47,CAUTION,147.31,154.83,150.316,7.17,WHITE,0,37,0,INSIDE,0,0,0,1,22,fails,0,G2 trend;G3 leader;G4 basis,F:1/2,,shadow-screen,,YELLOW,
2026-08-17,COST,0,961.1,CAUTION,930.88,978.37,949.877,50.84,WHITE,1,6,1,INSIDE,0,0,0,1,33,fails,0,G2 trend;G3 leader,F:2/3,,owner-request,,RED,
2026-08-17,CRCL,0,71.6,CAUTION,68.23,71.71,63.3924,31.65,WHITE,0,10,0,BREAKDOWN,1,1,0,1,32,fails,0,G2 trend;G3 leader,F:2/2,,shadow-screen,,RED,
2026-08-17,CRDO,0,259.9,HOLD,242.18,254.53,247.119,90.23,RED,4,17,1,,0,0,0,0,72,STARTER,1,,F:3/3,,owner-request,,RED,
2026-08-17,CRM,0,196.21,CAUTION,190.2,199.91,185.994,78.91,WHITE,1,74,0,,0,0,0,1,23,fails,0,G2 trend;G3 leader,F:2/3,,owner-request,,RED,
2026-08-17,CRWD,0,216.95,HOLD,185.38,194.84,102.282,96.83,RED,4,14,1,BREAKDOWN,0,0,0,0,68,STARTER,1,,F:2/2,,owner-request,,RED,
2026-08-17,CRWV,0,105.26,PULLBACK,88.62,93.15,108.339,63.65,AMBER,2,1,1,INSIDE,0,0,0,0,38,fails,0,G2 trend;G3 leader;G4 basis,F:2/2,,shadow-screen,,RED,
2026-08-17,CSCO,0,111.68,HOLD,89.92,94.5,77.9846,48.38,RED,3,68,1,,0,0,0,0,58,fails,1,,F:2/3,,shadow-screen,,YELLOW,
2026-08-17,CSPX,1,838.69,ACCUMULATE,817.47,859.17,805.023,98.08,RED,4,19,1,BREAKOUT,0,0,0,1,70,fails,0,G3 leader,F:—,17,holding,17,RED,19
2026-08-17,CVX,0,200,ACCUMULATE,195.99,205.99,189.832,93.41,RED,4,5,1,BREAKOUT,0,0,0,1,48,fails,0,G3 leader,F:1/3,,shadow-screen,,RED,
2026-08-17,D05,0,75.34,ACCUMULATE,72.42,76.11,57.6073,93.42,RED,4,70,1,BREAKOUT,0,0,0,1,75,CONVICTION,1,,F:—,11,owner-request,13,YELLOW,10
2026-08-17,DDOG,1,255.46,ACCUMULATE,248.13,260.79,125.934,83.35,RED,4,15,1,BREAKOUT,1,1,0,1,77,CONVICTION,1,,F:2/2,5,holding,2,NEUTRAL,7
2026-08-17,DELL,0,490.81,HOLD,434.96,457.15,119.097,98.4,RED,4,24,1,BREAKOUT,0,0,0,0,73,STARTER,1,,F:2/2,,shadow-screen,,RED,
2026-08-17,DRAM,1,57.32,CAUTION,56.5,59.38,54.43,53.7,AMBER,2,4,0,,1,1,0,1,39,fails,0,G2 trend;G5 data,F:—,,holding,,RED,
2026-08-17,DUOL,0,132.83,CAUTION,128.52,135.08,98.8507,69.9,WHITE,0,53,0,,0,0,0,1,30,fails,0,G2 trend;G3 leader,F:2/2,,owner-request,,YELLOW,
2026-08-17,ETHA,0,14.18,CAUTION,14.04,14.75,14.3238,28.84,WHITE,0,37,0,INSIDE,1,0,1,1,30,fails,0,G2 trend;G3 leader;G4 basis,F:1/2,,owner-request,,YELLOW,
2026-08-17,ETN,0,451.51,ACCUMULATE,440.86,463.35,405.419,96.63,RED,4,23,1,INSIDE,0,0,0,0,62,fails,0,G3 leader,F:3/3,,shadow-screen,,RED,
2026-08-17,FCX,0,66.49,HOLD,60.95,64.06,62.1905,80.47,RED,3,4,1,BREAKDOWN,0,0,0,0,57,fails,1,,F:2/3,,shadow-screen,,NEUTRAL,
2026-08-17,GE,0,368.38,ACCUMULATE,350.92,368.83,284.854,90.2,RED,4,12,1,BREAKOUT,0,0,0,0,67,fails,0,G3 leader,F:3/3,,shadow-screen,,NEUTRAL,
2026-08-17,GEV,0,1063.25,ACCUMULATE,1044.02,1097.29,1065.33,79.1,RED,3,71,1,INSIDE,0,1,0,0,73,fails,0,G4 basis,F:2/3,,shadow-screen,,RED,
2026-08-17,GLW,0,165.99,ACCUMULATE,162.66,170.96,159.819,54.66,RED,3,2,1,BREAKDOWN,1,1,0,1,68,STARTER,1,,F:1/1,,shadow-screen,,RED,
2026-08-17,GOOG,1,343.54,ACCUMULATE,337.39,354.61,344.279,53.06,RED,3,3,1,INSIDE,0,0,0,1,45,fails,0,G1 size;G4 basis,F:2/2,9,holding,11,YELLOW,21
2026-08-17,GOOGL,0,345.9,ACCUMULATE,340.67,358.05,347.622,56.6,RED,3,3,1,,0,0,0,1,45,fails,0,G1 size;G4 basis,F:2/2,,shadow-screen,,YELLOW,
2026-08-17,GRAB,0,3.62,CAUTION,3.55,3.73,3.6237,28.3,WHITE,0,32,0,INSIDE,1,1,1,1,25,fails,0,G2 trend;G3 leader;G4 basis,F:2/2,,owner-request,,NEUTRAL,
2026-08-17,GS,0,1039.42,ACCUMULATE,1020,1072.05,1040.82,69.77,RED,3,20,1,INSIDE,0,0,0,1,63,fails,0,G4 basis,F:2/2,,shadow-screen,,YELLOW,
2026-08-17,HD,0,338.86,CAUTION,327.05,343.74,348.297,48.6,WHITE,0,24,0,BREAKDOWN,0,1,0,0,17,fails,0,G2 trend;G3 leader;G4 basis,F:2/3,,shadow-screen,,YELLOW,
2026-08-17,HIMS,0,28.15,CAUTION,25.9,27.23,29.3603,45.46,AMBER,2,1,0,BREAKDOWN,0,0,0,0,25,fails,0,G2 trend;G3 leader;G4 basis,F:2/2,,owner-request,,YELLOW,
2026-08-17,HON,0,233.96,ACCUMULATE,229.71,241.43,243.956,51.4,RED,4,4,1,,1,0,1,1,42,fails,0,G3 leader;G4 basis,F:2/3,,shadow-screen,,YELLOW,
2026-08-17,HOOD,0,95.56,HOLD,86.53,90.95,76.046,57.87,RED,3,2,1,BREAKOUT,0,0,0,0,53,fails,0,G3 leader,F:2/2,,owner-request,,RED,
2026-08-17,IBIT,0,35.63,CAUTION,35.2,37,35.9225,15.83,WHITE,0,39,0,BREAKDOWN,0,0,0,1,22,fails,0,G2 trend;G3 leader;G4 basis,F:1/2,,owner-request,,YELLOW,
2026-08-17,IBM,0,234.32,CAUTION,230.61,242.37,222.602,40.7,WHITE,0,5,0,,0,0,0,1,18,fails,0,G2 trend;G3 leader,F:2/3,,shadow-screen,,RED,
2026-08-17,ICE,0,154.73,BOTTOMING,150.59,158.28,153.668,64.22,WHITE,1,27,1,BREAKOUT,0,0,0,1,37,fails,0,G2 trend;G3 leader,F:2/3,,owner-request,,RED,
2026-08-17,INTC,0,102.5,ACCUMULATE,100.3,105.42,45.2035,61.4,RED,3,52,1,INSIDE,0,0,0,1,75,fails,0,G1 size,F:1/3,2,owner-request,7,RED,6
2026-08-17,INTU,0,345.66,BOTTOMING,305.04,320.6,311.263,60.64,WHITE,0,45,0,BREAKOUT,0,0,1,0,37,fails,0,G2 trend;G3 leader,F:3/3,,shadow-screen,,RED,
2026-08-17,IONQ,0,46.26,BOTTOMING,44.63,46.91,35.34,52.86,WHITE,1,5,1,BREAKOUT,0,0,0,1,47,fails,0,G2 trend;G3 leader,F:1/3,,shadow-screen,,RED,
2026-08-17,IOT,0,39.79,HOLD,36.42,38.28,37.1655,91.33,RED,4,3,1,BREAKOUT,0,0,0,0,65,fails,0,G3 leader,F:2/2,,owner-request,,RED,
2026-08-17,IREN,0,44.06,CAUTION,39.71,41.74,40.5252,48.35,WHITE,0,5,1,BREAKDOWN,0,0,0,0,48,fails,0,G2 trend,F:2/2,,shadow-screen,,RED,
2026-08-17,ISRG,0,394.51,CAUTION,366.93,385.65,403.484,30.49,WHITE,0,28,0,INSIDE,0,0,1,0,22,fails,0,G2 trend;G3 leader;G4 basis,F:3/3,,shadow-screen,,RED,
2026-08-17,JNJ,0,260.35,ACCUMULATE,249.12,261.83,229.601,91.38,RED,4,57,1,,0,0,0,1,63,STARTER,1,,F:2/3,,shadow-screen,,NEUTRAL,
2026-08-17,JPM,0,362.84,ACCUMULATE,349.42,367.25,310.141,98.16,RED,4,11,1,INSIDE,0,0,0,1,58,fails,0,G3 leader,F:2/3,14,owner-request,15,RED,14
2026-08-17,KLAC,0,203.72,HOLD,187.08,196.63,181.489,63.6,RED,3,2,1,BREAKOUT,0,0,0,0,63,STARTER,1,,F:2/3,,owner-request,,RED,
2026-08-17,KO,0,87.71,ACCUMULATE,85.08,89.42,79.273,95.07,RED,4,32,1,INSIDE,0,0,0,1,62,fails,0,G3 leader,F:—,,shadow-screen,,NEUTRAL,
2026-08-17,LIN,0,482.74,PULLBACK,470.73,494.75,513.674,33.57,AMBER,2,3,1,,1,1,0,1,27,fails,0,G2 trend;G3 leader;G4 basis,F:2/3,,shadow-screen,,YELLOW,
2026-08-17,LITE,0,926.14,HOLD,853.81,897.37,871.238,88.23,RED,3,63,1,BREAKOUT,0,0,1,0,79,CONVICTION,1,,F:2/3,,shadow-screen,,RED,
2026-08-17,LLY,0,1180.16,ACCUMULATE,1136.2,1194.17,1159.39,83.46,RED,4,14,1,BREAKDOWN,0,0,0,1,64,STARTER,1,,F:3/3,7,owner-request,10,NEUTRAL,18
2026-08-17,LRCX,0,332.36,HOLD,307.95,323.66,314.235,77.33,RED,3,63,1,BREAKOUT,0,1,0,0,69,STARTER,1,,F:3/3,,owner-request,,RED,
2026-08-17,MA,0,569.29,ACCUMULATE,556.57,584.96,494.824,89.33,RED,3,3,1,INSIDE,0,0,0,1,53,fails,0,G3 leader,F:3/3,19,owner-request,19,NEUTRAL,22
2026-08-17,MCD,0,272.83,CAUTION,248.28,260.95,275.062,25.44,WHITE,0,20,0,,0,1,0,0,17,fails,0,G2 trend;G3 leader;G4 basis,F:2/3,,shadow-screen,,RED,
2026-08-17,MCHP,0,79.17,PULLBACK,77.12,81.05,78.6934,41.7,AMBER,2,1,1,,0,0,0,1,32,fails,0,G2 trend;G3 leader,F:2/3,,shadow-screen,,RED,
2026-08-17,MDB,0,460.33,HOLD,427.76,449.58,322.776,98.89,RED,3,3,1,BREAKOUT,0,0,0,0,82,CONVICTION,1,,F:3/3,,owner-request,,RED,
2026-08-17,META,0,589.85,CAUTION,557.67,586.12,604.457,25.82,WHITE,0,40,0,BREAKDOWN,0,1,0,0,5,fails,0,G1 size;G2 trend;G3 leader;G4 basis,F:2/2,,owner-request,,NEUTRAL,
2026-08-17,MPWR,0,1402.01,HOLD,1328,1395.76,1355.11,65.19,RED,3,61,1,INSIDE,0,0,0,0,67,STARTER,1,,F:3/3,,shadow-screen,,RED,
2026-08-17,MRK,0,135.84,ACCUMULATE,131.92,138.65,121.056,100,RED,4,41,1,,0,0,0,1,67,STARTER,1,,F:2/3,,shadow-screen,,RED,
2026-08-17,MRVL,0,222.02,ACCUMULATE,215.66,226.67,89.2744,57.93,RED,3,25,1,INSIDE,1,0,1,1,74,STARTER,1,,F:3/3,3,owner-request,1,RED,1
2026-08-17,MS,0,217.36,ACCUMULATE,210.98,221.75,215.288,81.51,RED,3,20,1,INSIDE,0,0,0,1,77,CONVICTION,1,,F:2/3,,shadow-screen,,RED,
2026-08-17,MSFT,0,495.4,ACCUMULATE,487.08,511.93,394.416,90.19,RED,3,2,1,INSIDE,0,0,0,1,45,fails,0,G1 size;G3 leader,F:3/3,20,owner-request,20,RED,12
2026-08-17,MSTR,0,93.04,CAUTION,93.03,97.77,94.9249,10.31,WHITE,0,45,0,BREAKDOWN,0,0,0,1,13,fails,0,G2 trend;G3 leader;G4 basis,F:0/2,,shadow-screen,,NEUTRAL,
2026-08-17,MU,1,971.66,HOLD,909.66,956.07,928.221,79.37,RED,3,62,1,INSIDE,0,0,0,0,70,fails,0,G1 size,F:3/3,,holding,,RED,
2026-08-17,NBIS,1,277.68,HOLD,255.36,268.38,222.464,97.06,RED,3,28,1,BREAKOUT,0,0,0,0,70,fails,0,G1 size,F:2/2,,holding,,RED,
2026-08-17,NEE,0,86.19,CAUTION,83.92,88.2,87.785,36.45,WHITE,1,1,0,INSIDE,0,0,0,1,22,fails,0,G2 trend;G3 leader;G4 basis,F:2/3,,shadow-screen,,NEUTRAL,
2026-08-17,NET,0,315.78,HOLD,297.88,313.08,198.309,96.66,RED,4,18,1,BREAKOUT,0,0,0,0,77,CONVICTION,1,,F:2/2,,owner-request,,RED,
2026-08-17,NFLX,0,78.16,CAUTION,75.13,78.97,73.72,41.29,WHITE,0,39,0,BREAKDOWN,0,0,0,1,18,fails,0,G2 trend;G3 leader,F:2/3,,owner-request,,RED,
2026-08-17,NKE,0,40.73,CAUTION,,,42.8979,8.63,WHITE,0,45,0,BREAKDOWN,0,0,0,0,17,fails,0,G2 trend;G3 leader;G4 basis,F:2/3,,shadow-screen,,YELLOW,
2026-08-17,NOW,0,124,CAUTION,120.2,126.33,102.561,83.23,WHITE,1,55,0,INSIDE,0,0,0,1,28,fails,0,G2 trend;G3 leader,F:2/3,,shadow-screen,,RED,
2026-08-17,NTDOY,0,13.99,BOTTOMING,13.74,14.44,11.0218,78.17,WHITE,1,36,0,BREAKOUT,0,0,0,1,40,fails,0,G2 trend;G3 leader,F:—,,owner-request,,RED,
2026-08-17,NVDA,1,225.16,ACCUMULATE,216.14,227.17,209.265,96.61,RED,4,7,1,INSIDE,0,0,0,1,45,fails,0,G1 size;G3 leader,F:3/3,16,holding,16,RED,15
2026-08-17,NVO,0,45.89,CAUTION,44.11,46.36,46.894,43.18,WHITE,0,3,0,BREAKDOWN,1,1,0,1,17,fails,0,G2 trend;G3 leader;G4 basis,F:—,,owner-request,,YELLOW,
2026-08-17,NXPI,0,234.71,CAUTION,228.75,240.42,233.417,33.23,AMBER,2,3,0,INSIDE,0,0,0,1,27,fails,0,G2 trend;G3 leader,F:1/2,,shadow-screen,,NEUTRAL,
2026-08-17,ON,0,82.66,PULLBACK,80.05,84.13,81.6815,42.33,AMBER,2,3,1,INSIDE,0,0,0,1,47,fails,0,G2 trend,F:2/3,,shadow-screen,,RED,
2026-08-17,ONON,0,32.22,CAUTION,30.41,31.97,37.9221,14.68,WHITE,0,24,0,BREAKDOWN,0,1,0,0,20,fails,0,G2 trend;G3 leader;G4 basis,F:1/1,,owner-request,,YELLOW,
2026-08-17,ORCL,0,150.52,CAUTION,146.83,154.32,145.075,45.48,WHITE,0,8,0,BREAKDOWN,0,0,0,1,14,fails,0,G2 trend;G3 leader,F:3/3,,owner-request,,RED,
2026-08-17,PANW,0,384.27,HOLD,347.97,365.73,165.713,98.49,RED,4,14,1,,0,0,0,0,68,STARTER,1,,F:2/3,,owner-request,,RED,
2026-08-17,PEP,0,140.79,CAUTION,134.95,141.83,142.322,32.19,WHITE,0,12,0,INSIDE,0,0,0,1,22,fails,0,G2 trend;G3 leader;G4 basis,F:2/3,,shadow-screen,,RED,
2026-08-17,PFE,0,26.79,PULLBACK,24.67,25.92,25.169,80.14,AMBER,2,2,1,BREAKDOWN,0,0,0,0,37,fails,0,G2 trend;G3 leader,F:2/3,,shadow-screen,,RED,
2026-08-17,PG,0,144.55,CAUTION,141.38,148.59,144.267,25.91,WHITE,1,4,0,INSIDE,1,1,1,1,27,fails,0,G2 trend;G3 leader,F:2/3,,shadow-screen,,YELLOW,
2026-08-17,PLTR,1,174.04,PULLBACK,163.03,171.35,134.44,87.15,AMBER,2,1,1,,0,0,0,0,30,fails,0,G1 size;G2 trend;G3 leader,F:2/2,,holding,,RED,
2026-08-17,QCOM,0,165.79,CAUTION,162.2,170.48,165.51,35.41,WHITE,1,3,0,INSIDE,0,0,0,1,23,fails,0,G2 trend;G3 leader,F:3/3,,owner-request,,RED,
2026-08-17,QQQ,0,731.07,ACCUMULATE,703.4,739.28,717.751,93.8,RED,3,19,1,INSIDE,0,1,0,1,50,fails,0,G1 size;G3 leader,F:—,15,owner-request,5,RED,13
2026-08-17,RBLX,0,38.23,CAUTION,36.49,38.35,37.2302,15.56,WHITE,0,36,0,BREAKDOWN,0,0,0,1,22,fails,0,G2 trend;G3 leader,F:2/2,,owner-request,,YELLOW,
2026-08-17,RDDT,0,178.09,BOTTOMING,174,182.87,177.547,70.4,WHITE,1,3,1,BREAKOUT,0,0,0,1,47,fails,0,G2 trend;G3 leader,F:2/2,,shadow-screen,,RED,
2026-08-17,RKLB,0,80.25,CAUTION,78.7,82.72,68.0144,48.86,WHITE,1,1,1,INSIDE,0,0,0,1,52,fails,0,G2 trend,F:1/3,,owner-request,,RED,
2026-08-17,RTX,0,222.97,ACCUMULATE,213.94,224.85,176.086,97.22,RED,4,9,1,BREAKOUT,0,0,0,1,67,STARTER,1,,F:2/3,,shadow-screen,,NEUTRAL,
2026-08-17,SCHW,0,111.09,HOLD,103.82,109.12,92.1533,100,RED,4,6,1,BREAKOUT,0,0,0,0,57,fails,0,G3 leader,F:3/3,,shadow-screen,,RED,
2026-08-17,SE,0,121.94,HOLD,109.65,115.25,89.3319,75.09,RED,3,1,1,BREAKOUT,0,0,0,0,57,fails,0,G3 leader,F:2/2,,owner-request,,RED,
2026-08-17,SHOP,0,154.32,HOLD,145.53,152.95,119.427,92.38,RED,3,1,1,INSIDE,0,0,0,0,53,fails,0,G3 leader,F:2/2,,owner-request,,RED,
2026-08-17,SMCI,0,39.84,PULLBACK,38.96,40.95,30.7939,84.74,AMBER,2,1,1,BREAKOUT,1,0,1,1,48,fails,0,G2 trend;G3 leader,F:3/3,,shadow-screen,,RED,
2026-08-17,SNDK,0,1641.11,ACCUMULATE,1575.81,1656.21,638.592,81.52,RED,3,61,1,BREAKOUT,0,0,0,1,75,fails,0,G1 size,F:3/3,1,owner-request,6,RED,2
2026-08-17,SNOW,0,328.92,HOLD,261.89,275.25,237.448,96.69,RED,4,10,1,INSIDE,0,0,0,0,72,STARTER,1,,F:3/3,,owner-request,,RED,
2026-08-17,SOFI,0,18.29,CAUTION,18,18.92,18.3663,63.24,WHITE,0,26,0,INSIDE,0,0,0,1,27,fails,0,G2 trend;G3 leader;G4 basis,F:3/3,,owner-request,,RED,
2026-08-17,SPCX,0,140,CAUTION,132.83,139.6,111.374,48.67,WHITE,0,6,0,,0,0,0,0,15,fails,0,G1 size;G2 trend;G3 leader;G5 data,F:—,,owner-request,,RED,
2026-08-17,STX,0,973.44,HOLD,848.72,892.03,866.044,91.67,RED,3,65,1,BREAKOUT,1,1,1,0,69,STARTER,1,,F:3/3,,shadow-screen,,RED,
2026-08-17,T,0,24.89,CAUTION,24.18,25.42,23.3142,68,WHITE,1,17,0,BREAKDOWN,0,0,0,1,23,fails,0,G2 trend;G3 leader,F:2/3,,shadow-screen,,RED,
2026-08-17,TER,0,418.79,HOLD,390.24,410.15,359.509,85.04,RED,3,53,1,BREAKOUT,0,1,0,0,77,CONVICTION,1,,F:2/3,,shadow-screen,,RED,
2026-08-17,TMDX,0,88.58,BOTTOMING,87.03,91.47,74.8559,61.9,WHITE,0,21,0,BREAKOUT,0,1,0,1,40,fails,0,G2 trend;G3 leader,F:3/3,,owner-request,,RED,
2026-08-17,TMO,0,588.29,ACCUMULATE,566.35,595.25,472.719,90.88,RED,3,4,1,INSIDE,0,0,0,1,57,fails,0,G3 leader,F:2/3,,shadow-screen,,YELLOW,
2026-08-17,TMUS,0,182.61,CAUTION,177.36,186.41,180.98,31.76,WHITE,0,48,0,,0,0,0,1,22,fails,0,G2 trend;G3 leader,F:2/3,,shadow-screen,,RED,
2026-08-17,TOST,0,34.75,ACCUMULATE,34.18,35.92,28.1072,83.08,RED,3,2,1,BREAKOUT,0,0,0,1,60,fails,0,G3 leader,F:2/2,22,owner-request,22,RED,11
2026-08-17,TSLA,1,342.27,BOTTOMING,334.84,351.93,397.921,22.24,WHITE,0,8,0,BREAKOUT,0,0,0,1,15,fails,0,G1 size;G2 trend;G3 leader;G4 basis,F:1/3,,holding,,RED,
2026-08-17,TSM,1,426.35,ACCUMULATE,412.88,433.95,421.309,78.99,RED,3,63,1,INSIDE,1,1,0,1,65,fails,0,G1 size,F:3/3,8,holding,3,RED,17
2026-08-17,TXN,0,279.58,ACCUMULATE,274.12,288.11,279.718,48.27,RED,3,19,1,INSIDE,0,0,0,1,63,fails,0,G4 basis,F:3/3,,shadow-screen,,RED,
2026-08-17,UBER,0,75.95,BOTTOMING,72.13,75.81,73.5988,70.28,WHITE,1,35,1,BREAKOUT,0,1,0,0,47,fails,0,G2 trend;G3 leader,F:3/3,,owner-request,,RED,
2026-08-17,UNH,0,401.73,HOLD,373.87,392.94,424.412,70.15,RED,3,15,1,INSIDE,0,0,0,0,63,fails,0,G4 basis,F:3/3,,shadow-screen,,YELLOW,
2026-08-17,V,0,364.15,ACCUMULATE,355.69,373.84,329.468,91.39,RED,4,7,1,INSIDE,0,0,0,1,53,fails,0,G3 leader,F:0/1,18,owner-request,18,NEUTRAL,20
2026-08-17,VRT,0,293.84,HOLD,258.36,271.54,307.051,61.08,RED,3,2,1,INSIDE,0,1,0,0,58,fails,0,G4 basis,F:3/3,,owner-request,,RED,
2026-08-17,VZ,0,48.48,ACCUMULATE,46.46,48.83,47.4048,85.8,RED,4,2,1,BREAKOUT,0,0,0,1,52,fails,0,G3 leader,F:2/3,,shadow-screen,,RED,
2026-08-17,WDC,0,508.8,ACCUMULATE,488.66,513.59,537.498,65.77,RED,3,63,1,BREAKOUT,1,1,0,1,69,fails,0,G4 basis,F:3/3,,shadow-screen,,RED,
2026-08-17,WFC,0,88.82,ACCUMULATE,85.34,89.69,87.0812,90.76,RED,3,6,1,INSIDE,0,0,0,1,57,fails,0,G3 leader,F:2/3,,shadow-screen,,RED,
2026-08-17,WMT,0,115.27,CAUTION,112.45,118.19,118.748,43.43,WHITE,0,6,1,INSIDE,0,0,0,1,28,fails,0,G2 trend;G3 leader;G4 basis,F:2/3,,shadow-screen,,RED,
2026-08-17,XOM,0,160.1,ACCUMULATE,154.1,161.96,153.102,90.75,RED,4,5,1,BREAKOUT,0,0,0,1,68,STARTER,1,,F:—,,shadow-screen,,RED,
2026-08-17,ZETA,0,29.05,HOLD,25.32,26.61,18.4446,98.57,RED,4,12,1,,0,0,0,0,70,STARTER,1,,F:2/2,,shadow-screen,,RED,
2026-08-17,ZS,0,183.6,CAUTION,181.92,191.2,146.806,85.72,WHITE,1,36,1,,0,0,0,1,40,fails,0,G2 trend;G3 leader,F:3/3,,owner-request,,RED,
2026-08-18,0700,0,439.2,CAUTION,433.15,455.25,466.711,15.47,WHITE,0,27,0,BREAKDOWN,0,0,0,1,5,fails,0,G1 size;G2 trend;G3 leader;G4 basis,F:—,,owner-request,,YELLOW,
2026-08-18,1810,0,25.32,CAUTION,22.68,23.84,27.5733,13.5,WHITE,0,45,0,INSIDE,0,0,0,0,10,fails,0,G1 size;G2 trend;G3 leader;G4 basis,F:—,,owner-request,,YELLOW,
2026-08-18,3690,0,85.45,CAUTION,82.13,86.32,77.8804,48.12,WHITE,0,70,0,,0,0,0,0,14,fails,0,G2 trend;G3 leader,F:—,,owner-request,,YELLOW,
2026-08-18,9992,1,151.1,CAUTION,132.32,139.07,154.259,7.17,WHITE,0,25,0,INSIDE,0,0,0,0,18,fails,0,G2 trend;G3 leader;G4 basis,F:—,,holding,,YELLOW,
2026-08-18,AAL,0,14.43,PULLBACK,13.7,14.4,15.1365,41.87,AMBER,2,1,1,INSIDE,0,0,0,0,32,fails,0,G2 trend;G3 leader;G4 basis,F:2/3,,shadow-screen,,YELLOW,
2026-08-18,AAOI,0,154.89,HOLD,137.03,144.02,134.022,70.14,RED,3,3,1,INSIDE,0,0,0,0,73,STARTER,1,,F:1/3,,shadow-screen,,RED,
2026-08-18,AAPL,1,305.59,ACCUMULATE,291.78,306.67,310.592,69.57,RED,3,21,1,BREAKDOWN,1,1,1,0,40,fails,0,G1 size;G3 leader;G4 basis,F:2/3,13,holding,4,YELLOW,15
2026-08-18,ABBV,0,250.33,ACCUMULATE,244.27,256.73,249.255,79.74,RED,4,11,1,INSIDE,0,0,0,1,62,fails,0,G3 leader,F:2/3,,shadow-screen,,NEUTRAL,
2026-08-18,ABT,0,110.37,CAUTION,104.84,110.19,88.7909,82.08,WHITE,1,43,1,,0,0,0,0,37,fails,0,G2 trend;G3 leader,F:2/2,,shadow-screen,,RED,
2026-08-18,ACN,0,169.98,CAUTION,163.44,171.78,126.877,49.52,WHITE,0,30,0,BREAKDOWN,1,0,1,1,22,fails,0,G2 trend;G3 leader,F:1/2,,shadow-screen,,NEUTRAL,
2026-08-18,ADBE,0,254.04,CAUTION,246.64,259.23,251.675,61.11,WHITE,0,89,0,,1,0,1,1,27,fails,0,G2 trend;G3 leader,F:3/3,,owner-request,,YELLOW,
2026-08-18,ADI,0,390.28,ACCUMULATE,384.69,404.31,392.536,63.39,RED,3,41,1,INSIDE,0,0,0,1,67,fails,0,G4 basis,F:3/3,,shadow-screen,,RED,
2026-08-18,ALAB,0,320.17,HOLD,207.63,218.22,123.076,64.12,RED,3,18,1,INSIDE,0,0,0,0,77,CONVICTION,1,,F:3/3,,owner-request,,NEUTRAL,
2026-08-18,AMAT,0,535.31,HOLD,432.78,454.86,541.891,63.68,RED,3,49,1,BREAKOUT,0,0,0,0,64,fails,0,G4 basis,F:2/3,,owner-request,,RED,
2026-08-18,AMD,1,506,HOLD,475.62,499.88,215.827,77.66,RED,3,23,1,BREAKOUT,0,0,0,0,75,fails,0,G1 size,F:3/3,,holding,,RED,
2026-08-18,AMZN,0,261.31,ACCUMULATE,248.69,261.38,229.756,76.66,RED,4,4,1,BREAKDOWN,0,1,0,0,45,fails,0,G1 size;G3 leader,F:3/3,18,owner-request,18,YELLOW,11
2026-08-18,ANET,0,201.8,HOLD,189.25,198.9,143.099,95.9,RED,4,19,1,BREAKOUT,0,0,0,0,67,STARTER,1,,F:3/3,,owner-request,,RED,
2026-08-18,APH,0,170.87,ACCUMULATE,165.9,174.37,147.137,96.76,RED,4,13,1,BREAKOUT,0,0,0,1,77,CONVICTION,1,,F:3/3,,shadow-screen,,RED,
2026-08-18,APP,0,311.98,CAUTION,306.68,322.32,466.365,3.35,WHITE,0,6,0,BREAKDOWN,1,1,0,1,13,fails,0,G2 trend;G3 leader;G4 basis,F:2/2,,owner-request,,YELLOW,
2026-08-18,ARM,0,271.43,HOLD,252.9,265.8,210.673,57.24,RED,3,20,1,BREAKDOWN,0,0,0,0,72,STARTER,1,,F:3/3,,owner-request,,NEUTRAL,
2026-08-18,ASML,0,1883.12,HOLD,1752.77,1842.19,1788.54,93.89,RED,3,53,1,INSIDE,0,1,0,0,78,CONVICTION,1,,F:1/1,,owner-request,,RED,
2026-08-18,ASTS,0,71.14,CAUTION,68.17,71.65,69.5636,32.75,WHITE,0,6,0,INSIDE,0,0,0,1,37,fails,0,G2 trend,F:0/2,,owner-request,,RED,
2026-08-18,AVGO,0,392.43,ACCUMULATE,383.25,402.81,379.737,65.72,RED,3,7,1,INSIDE,0,0,0,0,45,fails,0,G1 size;G3 leader,F:3/3,,shadow-screen,,YELLOW,
2026-08-18,AXON,0,604.32,ACCUMULATE,595.91,626.31,393.819,85.58,RED,3,3,1,,1,0,1,1,57,fails,0,G3 leader,F:3/3,19,owner-request,6,RED,9
2026-08-18,AXP,0,336.21,HOLD,307.38,323.06,341.473,53.67,RED,3,4,1,BREAKDOWN,0,0,1,0,37,fails,0,G3 leader;G4 basis,F:2/3,,shadow-screen,,YELLOW,
2026-08-18,AXTI,0,95.97,HOLD,79.4,83.45,64.4517,84.3,RED,3,3,1,INSIDE,0,0,1,0,77,CONVICTION,1,,F:0/3,,shadow-screen,,RED,
2026-08-18,AZO,0,3019.3,CAUTION,2710.1,2848.37,3077.93,13.72,WHITE,0,27,0,INSIDE,0,0,1,0,25,fails,0,G2 trend;G3 leader;G4 basis,F:2/3,,shadow-screen,,NEUTRAL,
2026-08-18,BA,0,225.95,HOLD,213.61,224.5,217.965,66.08,RED,3,3,1,BREAKDOWN,0,1,0,0,47,fails,0,G3 leader,F:2/3,,shadow-screen,,NEUTRAL,
2026-08-18,BAC,0,63.89,ACCUMULATE,62.77,65.97,52.3066,96.49,RED,4,12,1,INSIDE,0,0,0,1,58,fails,0,G3 leader,F:2/3,,shadow-screen,,NEUTRAL,
2026-08-18,BE,0,232.16,HOLD,211.25,222.03,235.562,59.55,RED,3,4,1,INSIDE,0,0,0,0,59,fails,0,G4 basis,F:0/1,,shadow-screen,,RED,
2026-08-18,BKNG,0,204.76,ACCUMULATE,196.49,206.51,168.127,84.06,RED,3,3,1,BREAKDOWN,0,0,0,0,57,fails,0,G3 leader,F:2/3,,shadow-screen,,NEUTRAL,
2026-08-18,BSX,0,51.43,BOTTOMING,50.41,52.98,44.6055,52.97,WHITE,0,38,0,BREAKOUT,1,1,0,1,32,fails,0,G2 trend;G3 leader,F:3/3,,shadow-screen,,RED,
2026-08-18,C,0,138.51,ACCUMULATE,136.48,143.45,132.864,82.4,RED,3,23,1,INSIDE,0,0,0,1,77,CONVICTION,1,,F:2/3,,shadow-screen,,RED,
2026-08-18,CAT,0,881.65,ACCUMULATE,869.34,913.7,887.084,61.14,RED,3,61,1,BREAKOUT,0,0,0,1,73,fails,0,G4 basis,F:2/3,,shadow-screen,,RED,
2026-08-18,CAVA,0,71.02,CAUTION,70.04,73.61,63.1027,47.36,WHITE,1,5,0,,0,0,0,1,30,fails,0,G2 trend;G3 leader,F:3/3,,owner-request,,RED,
2026-08-18,CBRS,0,251.98,CAUTION,245.08,257.58,223.77,81.75,WHITE,1,15,0,,0,0,0,0,28,fails,0,G2 trend;G3 leader;G5 data,F:—,,shadow-screen,,RED,
2026-08-18,CDE,0,19.31,CAUTION,18.48,19.42,16.2809,84.95,WHITE,1,12,1,INSIDE,0,0,0,1,52,fails,0,G2 trend,F:2/3,,owner-request,,RED,
2026-08-18,CEG,0,278.2,BOTTOMING,265.21,278.75,270.626,54.85,WHITE,0,30,0,BREAKOUT,0,0,0,1,32,fails,0,G2 trend;G3 leader,F:2/3,,shadow-screen,,RED,
2026-08-18,CIEN,0,445.18,ACCUMULATE,431.47,453.49,440.28,63.59,RED,3,3,1,BREAKDOWN,1,1,0,1,77,CONVICTION,1,,F:3/3,,shadow-screen,,RED,
2026-08-18,COHR,0,351.22,ACCUMULATE,345.04,362.65,352.087,71.11,RED,3,3,1,BREAKOUT,1,1,1,1,68,fails,0,G4 basis,F:2/3,,shadow-screen,,RED,
2026-08-18,COIN,0,150.55,CAUTION,147.31,154.83,150.316,14.32,WHITE,0,38,0,INSIDE,0,0,0,1,27,fails,0,G2 trend;G3 leader,F:1/2,,shadow-screen,,YELLOW,
2026-08-18,COST,0,953.5,CAUTION,930.88,978.37,949.877,43.25,WHITE,1,7,0,INSIDE,0,0,0,1,23,fails,0,G2 trend;G3 leader,F:2/3,,owner-request,,RED,
2026-08-18,CRCL,0,74.59,CAUTION,68.23,71.71,63.3924,38.87,WHITE,0,11,0,BREAKDOWN,0,1,0,0,32,fails,0,G2 trend;G3 leader,F:2/2,,shadow-screen,,RED,
2026-08-18,CRDO,0,282.82,HOLD,242.18,254.53,247.119,98.64,RED,4,18,1,INSIDE,0,0,0,0,82,CONVICTION,1,,F:3/3,,owner-request,,RED,
2026-08-18,CRM,0,190.97,CAUTION,188.22,197.82,185.994,66.94,WHITE,1,75,0,,0,0,0,1,23,fails,0,G2 trend;G3 leader,F:2/3,,owner-request,,NEUTRAL,
2026-08-18,CRWD,0,213.9,HOLD,185.38,194.84,102.282,95.56,RED,4,15,1,INSIDE,0,0,0,0,73,STARTER,1,,F:2/2,,owner-request,,NEUTRAL,
2026-08-18,CRWV,0,106,PULLBACK,104.92,110.27,107.06,66.29,AMBER,2,2,1,INSIDE,0,0,0,1,38,fails,0,G2 trend;G3 leader;G4 basis,F:2/2,,shadow-screen,,RED,
2026-08-18,CSCO,0,112.9,HOLD,89.92,94.5,77.9846,51.58,RED,3,69,1,,0,0,0,0,58,fails,1,,F:2/3,,shadow-screen,,YELLOW,
2026-08-18,CSPX,1,838.69,ACCUMULATE,817.47,859.17,805.023,98.08,RED,4,19,1,BREAKOUT,0,0,0,1,70,fails,0,G3 leader,F:—,17,holding,17,RED,19
2026-08-18,CVX,0,202.7,ACCUMULATE,195.99,205.99,189.832,95.24,RED,4,6,1,BREAKOUT,0,0,0,1,48,fails,0,G3 leader,F:1/3,,shadow-screen,,RED,
2026-08-18,D05,0,75.97,ACCUMULATE,74.52,78.32,57.6073,94.57,RED,4,70,1,BREAKOUT,0,0,0,1,75,CONVICTION,1,,F:—,11,owner-request,14,NEUTRAL,10
2026-08-18,DDOG,1,247.32,ACCUMULATE,242.46,254.83,125.934,73.56,RED,4,16,1,BREAKOUT,1,1,0,1,77,CONVICTION,1,,F:2/2,8,holding,2,YELLOW,5
2026-08-18,DELL,0,479.81,HOLD,434.96,457.15,119.097,97.42,RED,4,25,1,BREAKOUT,0,0,0,0,73,STARTER,1,,F:2/2,,shadow-screen,,RED,
2026-08-18,DRAM,1,60.39,CAUTION,59.2,62.22,54.43,66.53,AMBER,2,5,0,,1,1,0,1,44,fails,0,G2 trend;G5 data,F:—,,holding,,RED,
2026-08-18,DUOL,0,130.16,CAUTION,128.52,135.08,98.8507,63.38,WHITE,0,54,0,,0,0,0,1,30,fails,0,G2 trend;G3 leader,F:2/2,,owner-request,,YELLOW,
2026-08-18,ETHA,0,14.4,CAUTION,14.04,14.75,14.3238,35.55,WHITE,0,38,0,INSIDE,1,0,1,1,35,fails,0,G2 trend;G3 leader,F:1/2,,owner-request,,NEUTRAL,
2026-08-18,ETN,0,455.4,ACCUMULATE,443.76,466.4,405.419,97.61,RED,4,24,1,INSIDE,0,0,0,0,62,fails,0,G3 leader,F:3/3,,shadow-screen,,RED,
2026-08-18,FCX,0,68.38,HOLD,60.95,64.06,62.1905,86.78,RED,3,5,1,BREAKDOWN,0,0,0,0,57,fails,1,,F:2/3,,shadow-screen,,RED,
2026-08-18,GE,0,369.43,ACCUMULATE,362.4,380.89,284.854,89.35,RED,4,13,1,INSIDE,0,0,0,1,62,fails,0,G3 leader,F:3/3,,shadow-screen,,NEUTRAL,
2026-08-18,GEV,0,1079,ACCUMULATE,1044.02,1097.29,1065.33,85.37,RED,3,72,1,BREAKOUT,0,1,0,0,88,CONVICTION,1,,F:2/3,,shadow-screen,,RED,
2026-08-18,GLW,0,173.21,HOLD,162.66,170.96,159.819,59.48,RED,3,3,1,BREAKOUT,0,1,0,0,63,STARTER,1,,F:1/1,,shadow-screen,,RED,
2026-08-18,GOOG,1,341.45,HOLD,313.8,329.81,344.279,49.48,RED,3,4,1,BREAKDOWN,0,0,0,0,35,fails,0,G1 size;G4 basis,F:2/2,,holding,,YELLOW,
2026-08-18,GOOGL,0,344,ACCUMULATE,338.01,355.26,344.911,52.47,RED,3,4,1,,0,0,0,1,40,fails,0,G1 size;G4 basis,F:2/2,,shadow-screen,,YELLOW,
2026-08-18,GRAB,0,3.58,CAUTION,3.55,3.73,3.6237,28.48,WHITE,0,33,0,INSIDE,1,1,1,1,25,fails,0,G2 trend;G3 leader;G4 basis,F:2/2,,owner-request,,NEUTRAL,
2026-08-18,GS,0,1051.31,ACCUMULATE,1020,1072.05,1040.82,78.18,RED,3,21,1,INSIDE,0,0,0,1,68,STARTER,1,,F:2/2,,shadow-screen,,RED,
2026-08-18,HD,0,337.88,CAUTION,327.05,343.74,333.725,45.99,WHITE,0,25,0,BREAKDOWN,0,1,0,0,22,fails,0,G2 trend;G3 leader,F:2/3,,shadow-screen,,YELLOW,
2026-08-18,HIMS,0,28.61,CAUTION,25.9,27.23,29.3603,48.49,WHITE,1,1,0,BREAKDOWN,0,0,0,0,25,fails,0,G2 trend;G3 leader;G4 basis,F:2/2,,owner-request,,YELLOW,
2026-08-18,HON,0,229.45,CAUTION,219.56,230.77,243.956,42.36,AMBER,2,1,0,,0,0,1,0,17,fails,0,G2 trend;G3 leader;G4 basis,F:2/3,,shadow-screen,,YELLOW,
2026-08-18,HOOD,0,96.25,HOLD,86.53,90.95,76.046,59.91,RED,3,3,1,BREAKOUT,0,0,0,0,53,fails,0,G3 leader,F:2/2,,owner-request,,RED,
2026-08-18,IBIT,0,36.42,CAUTION,35.61,37.43,36.3375,30.27,WHITE,0,40,0,INSIDE,0,0,0,1,32,fails,0,G2 trend;G3 leader,F:1/2,,owner-request,,NEUTRAL,
2026-08-18,IBM,0,228.85,CAUTION,223.49,234.89,228.05,34.46,WHITE,0,6,0,,0,0,0,1,18,fails,0,G2 trend;G3 leader,F:2/3,,shadow-screen,,NEUTRAL,
2026-08-18,ICE,0,154.31,CAUTION,151.42,159.14,154.507,60.3,WHITE,1,28,1,INSIDE,0,0,0,1,37,fails,0,G2 trend;G3 leader;G4 basis,F:2/3,,owner-request,,RED,
2026-08-18,INTC,0,103.49,ACCUMULATE,100.3,105.42,45.2035,63.47,RED,3,53,1,INSIDE,0,0,0,1,75,fails,0,G1 size,F:1/3,3,owner-request,9,RED,4
2026-08-18,INTU,0,335.6,CAUTION,305.04,320.6,311.263,59.4,WHITE,0,46,0,INSIDE,0,0,0,0,27,fails,0,G2 trend;G3 leader,F:3/3,,shadow-screen,,RED,
2026-08-18,IONQ,0,46.84,BOTTOMING,44.63,46.91,35.34,53.04,WHITE,1,6,1,BREAKOUT,0,0,0,1,47,fails,0,G2 trend;G3 leader,F:1/3,,shadow-screen,,RED,
2026-08-18,IOT,0,39,HOLD,36.42,38.28,37.1655,87.9,RED,4,4,1,BREAKOUT,0,0,0,0,65,fails,0,G3 leader,F:2/2,,owner-request,,NEUTRAL,
2026-08-18,IREN,0,44.9,CAUTION,44.05,46.3,40.5252,50.32,WHITE,1,6,1,BREAKDOWN,0,0,0,1,48,fails,0,G2 trend,F:2/2,,shadow-screen,,RED,
2026-08-18,ISRG,0,390.33,CAUTION,366.93,385.65,403.484,29.27,WHITE,0,29,0,INSIDE,0,0,1,0,22,fails,0,G2 trend;G3 leader;G4 basis,F:3/3,,shadow-screen,,RED,
2026-08-18,JNJ,0,262.37,ACCUMULATE,253.51,266.44,229.601,94.77,RED,4,58,1,,0,0,0,1,63,STARTER,1,,F:2/3,,shadow-screen,,NEUTRAL,
2026-08-18,JPM,0,360.96,ACCUMULATE,349.42,367.25,310.141,96.2,RED,4,12,1,INSIDE,0,0,0,1,58,fails,0,G3 leader,F:2/3,15,owner-request,15,NEUTRAL,14
2026-08-18,KLAC,0,205.76,ACCUMULATE,203.22,213.59,181.489,64.93,RED,3,3,1,BREAKOUT,0,0,0,1,68,STARTER,1,,F:2/3,6,owner-request,11,RED,8
2026-08-18,KO,0,86.98,ACCUMULATE,85.4,89.76,79.273,90.47,RED,4,33,1,BREAKDOWN,0,0,0,1,57,fails,0,G3 leader,F:—,,shadow-screen,,NEUTRAL,
2026-08-18,LIN,0,474.33,CAUTION,445.06,467.77,513.674,23.34,AMBER,2,4,0,,0,1,0,0,17,fails,0,G2 trend;G3 leader;G4 basis,F:2/3,,shadow-screen,,YELLOW,
2026-08-18,LITE,0,968.9,HOLD,853.81,897.37,871.238,94.35,RED,3,64,1,BREAKOUT,0,0,1,0,79,CONVICTION,1,,F:2/3,,shadow-screen,,RED,
2026-08-18,LLY,0,1183.16,ACCUMULATE,1136.2,1194.17,1159.39,83.3,RED,4,15,1,BREAKDOWN,0,0,0,1,64,STARTER,1,,F:3/3,10,owner-request,13,YELLOW,18
2026-08-18,LRCX,0,343.84,ACCUMULATE,327.97,344.7,314.235,81.18,RED,3,64,1,BREAKOUT,1,1,0,1,74,STARTER,1,,F:3/3,5,owner-request,1,RED,7
2026-08-18,MA,0,562.26,HOLD,530.03,557.08,494.824,79.83,RED,4,4,1,BREAKDOWN,0,0,0,0,43,fails,0,G3 leader,F:3/3,,owner-request,,YELLOW,
2026-08-18,MCD,0,265.53,CAUTION,,,275.062,3.83,WHITE,0,21,0,,0,1,0,0,17,fails,0,G2 trend;G3 leader;G4 basis,F:2/3,,shadow-screen,,NEUTRAL,
2026-08-18,MCHP,0,80.26,PULLBACK,77.12,81.05,78.6934,45.62,AMBER,2,2,1,,0,0,0,1,32,fails,0,G2 trend;G3 leader,F:2/3,,shadow-screen,,RED,
2026-08-18,MDB,0,438.7,ACCUMULATE,427.76,449.58,322.776,96.34,RED,4,4,1,BREAKOUT,0,0,0,1,77,CONVICTION,1,,F:3/3,7,owner-request,12,RED,16
2026-08-18,META,0,568.97,CAUTION,557.67,586.12,604.457,12.24,WHITE,0,41,0,BREAKDOWN,0,1,0,0,5,fails,0,G1 size;G2 trend;G3 leader;G4 basis,F:2/2,,owner-request,,YELLOW,
2026-08-18,MPWR,0,1415.99,HOLD,1328,1395.76,1355.11,68.3,RED,3,62,1,INSIDE,0,0,0,0,67,STARTER,1,,F:3/3,,shadow-screen,,RED,
2026-08-18,MRK,0,135.97,ACCUMULATE,131.98,138.71,120.865,99.8,RED,4,42,1,,0,0,0,1,67,STARTER,1,,F:2/3,,shadow-screen,,RED,
2026-08-18,MRVL,0,234.33,HOLD,215.66,226.67,89.2744,62.08,RED,3,26,1,INSIDE,0,0,1,0,74,STARTER,1,,F:3/3,,owner-request,,RED,
2026-08-18,MS,0,218.21,ACCUMULATE,210.98,221.75,215.288,84.18,RED,3,21,1,INSIDE,0,0,0,1,77,CONVICTION,1,,F:2/3,,shadow-screen,,RED,
2026-08-18,MSFT,0,480.35,HOLD,450.77,473.77,394.416,82.96,RED,4,3,1,BREAKDOWN,0,0,0,0,35,fails,0,G1 size;G3 leader,F:3/3,,owner-request,,NEUTRAL,
2026-08-18,MSTR,0,97.68,CAUTION,93.03,97.77,94.9249,23.15,WHITE,0,46,0,BREAKDOWN,0,0,0,1,18,fails,0,G2 trend;G3 leader,F:0/2,,shadow-screen,,RED,
2026-08-18,MU,1,1011.75,ACCUMULATE,998.34,1049.27,928.221,84.25,RED,3,63,1,BREAKOUT,0,0,0,1,80,fails,0,G1 size,F:3/3,2,holding,8,RED,3
2026-08-18,NBIS,1,268.85,ACCUMULATE,262.36,275.74,222.464,93.66,RED,4,29,1,BREAKOUT,0,0,0,1,75,fails,0,G1 size,F:2/2,4,holding,10,RED,2
2026-08-18,NEE,0,86.22,CAUTION,78.87,82.89,87.785,36.79,WHITE,1,2,0,INSIDE,0,0,0,0,22,fails,0,G2 trend;G3 leader;G4 basis,F:2/3,,shadow-screen,,NEUTRAL,
2026-08-18,NET,0,307.01,ACCUMULATE,302.7,318.14,198.309,93.71,RED,4,19,1,BREAKOUT,0,0,0,0,82,CONVICTION,1,,F:2/2,12,owner-request,19,RED,6
2026-08-18,NFLX,0,76.02,CAUTION,75.13,78.97,73.72,34.41,WHITE,0,40,0,BREAKDOWN,0,0,0,1,18,fails,0,G2 trend;G3 leader,F:2/3,,owner-request,,RED,
2026-08-18,NKE,0,39.09,CAUTION,,,41.7817,0,WHITE,0,46,0,BREAKDOWN,0,0,0,0,17,fails,0,G2 trend;G3 leader;G4 basis,F:2/3,,shadow-screen,,YELLOW,
2026-08-18,NOW,0,117.7,CAUTION,113.17,118.94,102.561,75.9,WHITE,1,56,0,BREAKDOWN,0,0,0,1,23,fails,0,G2 trend;G3 leader,F:2/3,,shadow-screen,,NEUTRAL,
2026-08-18,NTDOY,0,13.73,BOTTOMING,12.72,13.37,11.0218,74.34,WHITE,1,37,0,BREAKOUT,0,0,0,0,40,fails,0,G2 trend;G3 leader,F:—,,owner-request,,RED,
2026-08-18,NVDA,1,225.01,ACCUMULATE,216.14,227.17,209.265,96.17,RED,4,8,1,INSIDE,0,0,0,1,50,fails,0,G1 size;G3 leader,F:3/3,16,holding,16,RED,12
2026-08-18,NVO,0,44.88,CAUTION,44.11,46.36,46.894,35.91,WHITE,0,4,0,BREAKDOWN,1,1,0,1,17,fails,0,G2 trend;G3 leader;G4 basis,F:—,,owner-request,,YELLOW,
2026-08-18,NXPI,0,232.72,CAUTION,228.75,240.42,233.417,29.53,AMBER,2,4,0,INSIDE,0,0,0,1,22,fails,0,G2 trend;G3 leader;G4 basis,F:1/2,,shadow-screen,,NEUTRAL,
2026-08-18,ON,0,83.38,PULLBACK,80.05,84.13,81.6815,42.03,AMBER,2,4,1,INSIDE,0,0,0,1,47,fails,0,G2 trend,F:2/3,,shadow-screen,,RED,
2026-08-18,ONON,0,31.31,CAUTION,30.41,31.97,37.9221,8.67,WHITE,0,25,0,BREAKDOWN,1,1,0,1,20,fails,0,G2 trend;G3 leader;G4 basis,F:1/1,,owner-request,,YELLOW,
2026-08-18,ORCL,0,146.65,CAUTION,142.17,149.43,145.075,35.91,WHITE,0,9,0,BREAKDOWN,0,0,0,1,14,fails,0,G2 trend;G3 leader,F:3/3,,owner-request,,RED,
2026-08-18,PANW,0,375.76,HOLD,347.97,365.73,165.713,96.32,RED,4,15,1,,0,0,0,0,68,STARTER,1,,F:2/3,,owner-request,,RED,
2026-08-18,PEP,0,138.24,CAUTION,134.95,141.83,142.322,16.76,WHITE,0,13,0,BREAKDOWN,0,0,0,1,17,fails,0,G2 trend;G3 leader;G4 basis,F:2/3,,shadow-screen,,NEUTRAL,
2026-08-18,PFE,0,26.87,HOLD,24.67,25.92,25.169,87.74,RED,3,1,1,BREAKDOWN,0,0,0,0,47,fails,0,G3 leader,F:2/3,,shadow-screen,,RED,
2026-08-18,PG,0,143.12,CAUTION,132.34,139.09,144.267,11.92,WHITE,0,5,0,INSIDE,1,1,1,0,22,fails,0,G2 trend;G3 leader;G4 basis,F:2/3,,shadow-screen,,YELLOW,
2026-08-18,PLTR,1,172.55,HOLD,163.03,171.35,134.44,85.37,RED,3,1,1,,0,0,0,0,40,fails,0,G1 size;G3 leader,F:2/2,,holding,,RED,
2026-08-18,QCOM,0,162.18,CAUTION,155.73,163.68,165.51,30.06,WHITE,0,4,0,INSIDE,0,0,0,1,18,fails,0,G2 trend;G3 leader;G4 basis,F:3/3,,owner-request,,NEUTRAL,
2026-08-18,QQQ,0,729.87,ACCUMULATE,703.4,739.28,717.751,90.7,RED,3,20,1,INSIDE,0,1,0,1,50,fails,0,G1 size;G3 leader,F:—,14,owner-request,5,RED,13
2026-08-18,RBLX,0,37.93,CAUTION,36.49,38.35,37.2302,15.81,WHITE,0,37,0,INSIDE,0,0,0,1,27,fails,0,G2 trend;G3 leader,F:2/2,,owner-request,,YELLOW,
2026-08-18,RDDT,0,164.5,CAUTION,153.94,161.79,177.547,48.33,WHITE,0,4,1,INSIDE,0,0,0,0,37,fails,0,G2 trend;G3 leader;G4 basis,F:2/2,,shadow-screen,,RED,
2026-08-18,RKLB,0,82.08,CAUTION,78.7,82.72,68.0144,55.22,WHITE,1,2,1,INSIDE,0,0,0,1,52,fails,0,G2 trend,F:1/3,,owner-request,,RED,
2026-08-18,RTX,0,221.64,ACCUMULATE,213.94,224.85,176.086,94.73,RED,4,10,1,INSIDE,0,0,0,1,72,STARTER,1,,F:2/3,,shadow-screen,,NEUTRAL,
2026-08-18,SCHW,0,110.58,ACCUMULATE,107.5,112.99,92.481,99.37,RED,4,7,1,INSIDE,0,0,0,0,57,fails,0,G3 leader,F:3/3,,shadow-screen,,RED,
2026-08-18,SE,0,119.45,HOLD,109.65,115.25,89.3319,73.09,RED,3,2,1,BREAKOUT,0,0,0,0,57,fails,0,G3 leader,F:2/2,,owner-request,,RED,
2026-08-18,SHOP,0,148.65,HOLD,133.87,140.7,119.427,85.36,RED,3,2,1,BREAKDOWN,0,0,0,0,48,fails,0,G3 leader,F:2/2,,owner-request,,RED,
2026-08-18,SMCI,0,38.28,HOLD,30.18,31.72,30.7939,80.35,RED,4,1,1,BREAKOUT,0,0,1,0,58,fails,0,G3 leader,F:3/3,,shadow-screen,,RED,
2026-08-18,SNDK,0,1786.85,ACCUMULATE,1727.81,1815.96,638.592,88.74,RED,3,62,1,BREAKOUT,0,0,0,1,75,fails,0,G1 size,F:3/3,1,owner-request,7,RED,1
2026-08-18,SNOW,0,330.11,HOLD,261.89,275.25,237.448,97.12,RED,4,11,1,INSIDE,0,0,0,0,72,STARTER,1,,F:3/3,,owner-request,,RED,
2026-08-18,SOFI,0,18.31,CAUTION,18,18.92,18.3663,62.64,WHITE,0,27,0,INSIDE,0,0,0,1,27,fails,0,G2 trend;G3 leader;G4 basis,F:3/3,,owner-request,,RED,
2026-08-18,SPCX,0,146.23,CAUTION,138.74,145.82,111.374,56.09,WHITE,0,7,0,,0,0,0,0,15,fails,0,G1 size;G2 trend;G3 leader;G5 data,F:—,,owner-request,,RED,
2026-08-18,STX,0,994.79,HOLD,848.72,892.03,866.044,92.75,RED,3,66,1,BREAKOUT,1,1,1,0,69,STARTER,1,,F:3/3,,shadow-screen,,RED,
2026-08-18,T,0,24.68,CAUTION,24.32,25.56,23.3142,65.54,AMBER,2,1,0,BREAKDOWN,0,0,0,1,23,fails,0,G2 trend;G3 leader,F:2/3,,shadow-screen,,RED,
2026-08-18,TER,0,443.14,HOLD,421.27,442.76,359.509,95.14,RED,3,54,1,BREAKOUT,0,1,0,0,77,CONVICTION,1,,F:2/3,,shadow-screen,,RED,
2026-08-18,TMDX,0,88.35,CAUTION,87.03,91.47,74.8559,61.83,WHITE,0,22,0,INSIDE,0,1,0,1,35,fails,0,G2 trend;G3 leader,F:3/3,,owner-request,,RED,
2026-08-18,TMO,0,585.51,ACCUMULATE,566.35,595.25,472.719,89.93,RED,3,5,1,INSIDE,0,0,0,1,57,fails,0,G3 leader,F:2/3,,shadow-screen,,YELLOW,
2026-08-18,TMUS,0,180.12,CAUTION,177.36,186.41,180.98,21.7,WHITE,0,49,0,,0,0,0,1,17,fails,0,G2 trend;G3 leader;G4 basis,F:2/3,,shadow-screen,,RED,
2026-08-18,TOST,0,34.32,HOLD,32.28,33.93,28.1072,80.2,RED,3,3,1,BREAKOUT,0,0,0,0,55,fails,0,G3 leader,F:2/2,,owner-request,,NEUTRAL,
2026-08-18,TSLA,1,339.3,BOTTOMING,334.84,351.93,397.921,21.02,WHITE,0,9,0,BREAKOUT,0,0,0,1,15,fails,0,G1 size;G2 trend;G3 leader;G4 basis,F:1/3,,holding,,RED,
2026-08-18,TSM,1,430.97,ACCUMULATE,423.16,444.75,421.309,81.69,RED,3,64,1,INSIDE,1,1,0,1,65,fails,0,G1 size,F:3/3,9,holding,3,RED,17
2026-08-18,TXN,0,282.91,ACCUMULATE,274.12,288.11,279.718,54.78,RED,3,20,1,INSIDE,0,0,0,1,68,STARTER,1,,F:3/3,,shadow-screen,,RED,
2026-08-18,UBER,0,74.99,BOTTOMING,72.13,75.81,73.5988,65.1,WHITE,1,36,0,BREAKOUT,0,1,0,0,37,fails,0,G2 trend;G3 leader,F:3/3,,owner-request,,RED,
2026-08-18,UNH,0,395.62,HOLD,373.87,392.94,424.412,64.97,RED,3,16,1,BREAKDOWN,0,0,0,0,58,fails,0,G4 basis,F:3/3,,shadow-screen,,YELLOW,
2026-08-18,V,0,358.84,HOLD,340.93,358.32,329.468,80.6,RED,4,8,1,BREAKDOWN,0,0,0,0,48,fails,0,G3 leader,F:0/1,,owner-request,,YELLOW,
2026-08-18,VRT,0,292.43,HOLD,258.36,271.54,307.051,60.85,RED,3,3,1,INSIDE,0,1,0,0,63,fails,0,G4 basis,F:3/3,,owner-request,,RED,
2026-08-18,VZ,0,48.06,ACCUMULATE,46.37,48.74,47.3186,83.22,RED,4,3,1,BREAKOUT,0,0,0,1,52,fails,0,G3 leader,F:2/3,,shadow-screen,,RED,
2026-08-18,WDC,0,536.01,ACCUMULATE,526.75,553.62,537.498,72.77,RED,3,64,1,BREAKOUT,1,1,0,1,69,fails,0,G4 basis,F:3/3,,shadow-screen,,RED,
2026-08-18,WFC,0,87.54,ACCUMULATE,85.34,89.69,87.0812,77.41,RED,3,7,1,BREAKDOWN,0,0,0,1,52,fails,0,G3 leader,F:2/3,,shadow-screen,,YELLOW,
2026-08-18,WMT,0,114.33,CAUTION,112.45,118.19,118.748,38.77,WHITE,0,7,1,INSIDE,0,0,0,1,28,fails,0,G2 trend;G3 leader;G4 basis,F:2/3,,shadow-screen,,RED,
2026-08-18,XOM,0,161.46,ACCUMULATE,154.1,161.96,153.102,94.42,RED,4,6,1,BREAKOUT,0,0,0,1,68,STARTER,1,,F:—,,shadow-screen,,RED,
2026-08-18,ZETA,0,28.83,HOLD,25.32,26.61,18.4446,97.37,RED,4,13,1,INSIDE,0,0,0,0,75,CONVICTION,1,,F:2/2,,shadow-screen,,RED,
2026-08-18,ZS,0,184.44,CAUTION,181.92,191.2,146.806,85.05,WHITE,1,37,1,,0,0,0,1,40,fails,0,G2 trend;G3 leader,F:3/3,,owner-request,,RED,
2026-08-19,0700,0,440.2,CAUTION,433.15,455.25,466.711,15.56,WHITE,0,27,0,BREAKDOWN,0,0,0,1,5,fails,0,G1 size;G2 trend;G3 leader;G4 basis,F:—,,owner-request,,YELLOW,
2026-08-19,1810,0,27.44,BOTTOMING,27.02,28.4,27.5733,32.92,WHITE,0,45,0,BREAKOUT,0,0,0,1,15,fails,0,G1 size;G2 trend;G3 leader;G4 basis,F:—,,owner-request,,NEUTRAL,
2026-08-19,3690,0,86.45,CAUTION,84.06,88.35,85.7771,56.17,WHITE,1,70,0,,0,0,0,1,14,fails,0,G2 trend;G3 leader,F:—,,owner-request,,YELLOW,
2026-08-19,9992,1,150.7,CAUTION,132.32,139.07,154.259,7.33,WHITE,0,25,0,BREAKDOWN,0,0,0,0,13,fails,0,G2 trend;G3 leader;G4 basis,F:—,,holding,,YELLOW,
2026-08-19,AAL,0,14.05,CAUTION,13.82,14.52,15.1365,38.42,WHITE,1,1,0,INSIDE,0,0,0,1,22,fails,0,G2 trend;G3 leader;G4 basis,F:2/3,,shadow-screen,,YELLOW,
2026-08-19,AAOI,0,131.41,HOLD,112.38,118.11,139.827,46,RED,3,3,1,BREAKDOWN,0,0,0,0,58,fails,0,G4 basis,F:1/3,,owner-request,,NEUTRAL,
2026-08-19,AAPL,1,310.03,ACCUMULATE,304.38,319.91,310.592,77.12,RED,3,21,1,INSIDE,1,1,1,1,45,fails,0,G1 size;G3 leader;G4 basis,F:2/3,25,holding,1,NEUTRAL,33
2026-08-19,ABBV,0,258.92,HOLD,244.27,256.73,249.255,96.74,RED,4,11,1,BREAKOUT,0,0,0,0,62,fails,0,G3 leader,F:2/3,,shadow-screen,,NEUTRAL,
2026-08-19,ABCL,0,11.12,ACCUMULATE,10.75,11.3,4.0517,97.5,RED,4,17,1,BREAKOUT,0,0,0,1,95,CONVICTION,1,,F:2/3,10,owner-request,14,RED,2
2026-08-19,ABT,0,112.68,ACCUMULATE,109.3,114.87,88.7909,86.88,RED,3,1,1,,0,0,0,1,52,fails,0,G3 leader,F:2/2,,shadow-screen,,RED,
2026-08-19,ACN,0,172.93,CAUTION,163.44,171.78,126.877,51.87,WHITE,0,30,0,BREAKDOWN,0,0,1,0,22,fails,0,G2 trend;G3 leader,F:1/2,,shadow-screen,,YELLOW,
2026-08-19,ADBE,0,263.14,CAUTION,246.64,259.23,251.675,73.1,WHITE,1,89,0,,0,0,0,0,27,fails,0,G2 trend;G3 leader,F:3/3,,owner-request,,NEUTRAL,
2026-08-19,ADI,0,376.63,ACCUMULATE,369.38,388.22,392.536,44.9,RED,3,41,1,BREAKDOWN,0,0,0,1,57,fails,0,G4 basis,F:3/3,,shadow-screen,,NEUTRAL,
2026-08-19,AEHR,0,123.25,HOLD,113.71,119.51,97.0906,93.99,RED,4,60,1,,0,0,0,0,80,CONVICTION,1,,F:1/3,,owner-request,,RED,
2026-08-19,AFRM,0,73.56,ACCUMULATE,72.26,75.94,73.7316,64.12,RED,3,13,1,BREAKDOWN,0,0,0,1,60,fails,0,G3 leader;G4 basis,F:2/2,38,owner-request,33,YELLOW,18
2026-08-19,ALAB,0,303.44,HOLD,207.63,218.22,123.076,56.83,RED,3,18,1,BREAKDOWN,0,0,0,0,67,STARTER,1,,F:3/3,,owner-request,,NEUTRAL,
2026-08-19,AMAT,0,514.33,ACCUMULATE,498.29,523.72,541.891,58.85,RED,3,49,1,BREAKOUT,0,0,0,1,64,fails,0,G4 basis,F:2/3,6,owner-request,10,NEUTRAL,16
2026-08-19,AMD,1,484.39,ACCUMULATE,475.62,499.88,215.827,68.15,RED,3,23,1,INSIDE,0,0,0,1,75,fails,0,G1 size,F:3/3,7,holding,11,NEUTRAL,4
2026-08-19,AMZN,0,259.45,ACCUMULATE,248.69,261.38,229.756,75.1,RED,4,4,1,INSIDE,0,1,0,0,50,fails,0,G1 size;G3 leader,F:3/3,34,owner-request,29,YELLOW,24
2026-08-19,ANET,0,193.18,ACCUMULATE,189.25,198.9,143.099,92.06,RED,4,19,1,BREAKOUT,0,0,0,1,72,STARTER,1,,F:3/3,24,owner-request,24,NEUTRAL,22
2026-08-19,APH,0,159.57,ACCUMULATE,153.84,161.69,147.137,80.06,RED,4,13,1,BREAKDOWN,0,0,0,0,67,STARTER,1,,F:3/3,,shadow-screen,,YELLOW,
2026-08-19,APP,0,307.26,CAUTION,306.68,322.32,466.365,3.81,WHITE,0,6,0,BREAKDOWN,1,1,0,1,13,fails,0,G2 trend;G3 leader;G4 basis,F:2/2,,owner-request,,YELLOW,
2026-08-19,ARM,0,253.32,ACCUMULATE,249.58,262.32,210.673,51.97,RED,3,20,1,BREAKDOWN,0,0,0,1,77,CONVICTION,1,,F:3/3,18,owner-request,19,NEUTRAL,11
2026-08-19,ASML,0,1802.98,ACCUMULATE,1752.77,1842.19,1788.54,83.18,RED,3,53,1,BREAKDOWN,0,0,0,1,78,CONVICTION,1,,F:1/1,9,owner-request,13,RED,25
2026-08-19,ASTS,0,67.07,CAUTION,56.32,59.2,69.5636,21.22,WHITE,0,6,0,BREAKDOWN,0,0,0,0,17,fails,0,G2 trend;G3 leader;G4 basis,F:0/2,,owner-request,,NEUTRAL,
2026-08-19,AVGO,0,380,ACCUMULATE,372.14,391.13,379.737,52.12,RED,3,7,1,BREAKDOWN,0,0,0,0,35,fails,0,G1 size;G3 leader,F:3/3,28,owner-request,39,YELLOW,34
2026-08-19,AXON,0,619.85,ACCUMULATE,595.91,626.31,393.819,90.38,RED,3,3,1,,0,0,0,1,57,fails,0,G3 leader,F:3/3,39,owner-request,34,RED,17
2026-08-19,AXP,0,338.52,HOLD,307.38,323.06,341.473,57.7,RED,3,4,1,BREAKDOWN,0,0,1,0,37,fails,0,G3 leader;G4 basis,F:2/3,,shadow-screen,,YELLOW,
2026-08-19,AXTI,0,82.31,ACCUMULATE,79.4,83.45,64.4517,71.7,RED,3,3,1,BREAKDOWN,1,0,1,1,77,CONVICTION,1,,F:0/3,1,owner-request,2,RED,1
2026-08-19,AZO,0,3073.2,BOTTOMING,3016.37,3170.26,3077.93,28.95,WHITE,0,27,0,BREAKOUT,1,0,1,1,27,fails,0,G2 trend;G3 leader;G4 basis,F:2/3,,shadow-screen,,RED,
2026-08-19,BA,0,223.06,ACCUMULATE,213.61,224.5,217.965,55.51,RED,3,3,1,BREAKDOWN,0,0,0,0,47,fails,0,G3 leader,F:2/3,,shadow-screen,,YELLOW,
2026-08-19,BAC,0,64.23,ACCUMULATE,62.77,65.98,52.31,97.67,RED,4,12,1,INSIDE,0,0,0,1,63,fails,0,G3 leader,F:2/3,,shadow-screen,,NEUTRAL,
2026-08-19,BB,0,8.58,HOLD,6.08,6.39,8.9098,44.26,RED,3,18,1,BREAKDOWN,0,0,0,0,70,fails,0,G4 basis,F:2/3,,owner-request,,NEUTRAL,
2026-08-19,BE,0,209.01,HOLD,163.65,172,215.561,44.29,RED,3,4,1,BREAKDOWN,0,0,0,0,54,fails,0,G4 basis,F:0/1,,shadow-screen,,NEUTRAL,
2026-08-19,BKNG,0,208.25,ACCUMULATE,204.77,215.21,168.127,86.87,RED,3,3,1,BREAKDOWN,0,0,0,1,57,fails,0,G3 leader,F:2/3,,shadow-screen,,NEUTRAL,
2026-08-19,BSX,0,50.47,BOTTOMING,47.36,49.78,44.6055,50.74,WHITE,0,38,0,BREAKOUT,0,1,0,0,32,fails,0,G2 trend;G3 leader,F:3/3,,shadow-screen,,RED,
2026-08-19,C,0,137.65,HOLD,130.21,136.85,132.864,79.45,RED,3,23,1,INSIDE,0,0,0,0,67,STARTER,1,,F:2/3,,shadow-screen,,RED,
2026-08-19,CAT,0,840.87,ACCUMULATE,802.25,843.18,887.084,42.99,RED,3,61,1,BREAKDOWN,0,0,0,0,58,fails,0,G4 basis,F:2/3,,shadow-screen,,NEUTRAL,
2026-08-19,CAVA,0,68.24,CAUTION,67.7,71.15,63.1027,39,WHITE,1,5,0,,0,0,0,1,30,fails,0,G2 trend;G3 leader,F:3/3,,owner-request,,RED,
2026-08-19,CBRS,0,220.01,CAUTION,200.88,211.13,223.77,45.76,WHITE,0,15,0,,0,0,0,0,18,fails,0,G2 trend;G3 leader;G4 basis;G5 data,F:—,,shadow-screen,,NEUTRAL,
2026-08-19,CDE,0,18.51,CAUTION,18.06,18.98,16.2809,70.88,WHITE,1,12,1,BREAKDOWN,0,0,0,1,47,fails,0,G2 trend,F:2/3,,owner-request,,RED,
2026-08-19,CEG,0,266.83,BOTTOMING,246.85,259.45,270.626,29.66,WHITE,0,30,0,BREAKOUT,0,0,0,0,27,fails,0,G2 trend;G3 leader;G4 basis,F:2/3,,shadow-screen,,NEUTRAL,
2026-08-19,CIEN,0,405.54,ACCUMULATE,397.22,417.49,440.28,47.71,RED,3,3,1,BREAKDOWN,0,0,0,1,67,fails,0,G4 basis,F:3/3,,shadow-screen,,NEUTRAL,
2026-08-19,CIFR,0,16.095,CAUTION,14.59,15.34,17.6168,22.93,AMBER,2,3,0,,0,1,0,0,37,fails,0,G2 trend;G4 basis,F:2/3,,owner-request,,YELLOW,
2026-08-19,COHR,0,306.43,HOLD,253.82,266.77,324.506,44.38,RED,3,3,1,BREAKDOWN,0,0,1,0,58,fails,0,G4 basis,F:2/3,,shadow-screen,,NEUTRAL,
2026-08-19,COIN,0,146.23,CAUTION,,,150.316,2.22,WHITE,0,38,0,INSIDE,0,0,0,0,22,fails,0,G2 trend;G3 leader;G4 basis,F:1/2,,owner-request,,YELLOW,
2026-08-19,COST,0,961.35,CAUTION,936.51,984.3,955.627,50.8,WHITE,1,7,1,INSIDE,0,0,0,1,33,fails,0,G2 trend;G3 leader,F:2/3,,owner-request,,RED,
2026-08-19,CRCL,0,71.73,CAUTION,70.26,73.85,63.3924,36,WHITE,0,11,0,BREAKDOWN,1,1,0,1,27,fails,0,G2 trend;G3 leader,F:2/2,,shadow-screen,,RED,
2026-08-19,CRDO,0,245.97,ACCUMULATE,242.18,254.53,247.119,77.69,RED,4,18,1,BREAKDOWN,0,0,0,1,72,fails,0,G4 basis,F:3/3,12,owner-request,16,NEUTRAL,13
2026-08-19,CRM,0,196.14,CAUTION,188.22,197.82,185.994,78.83,WHITE,1,75,0,,0,0,0,1,23,fails,0,G2 trend;G3 leader,F:2/3,,owner-request,,RED,
2026-08-19,CRWD,0,212.92,HOLD,185.38,194.84,102.282,94.65,RED,4,15,1,BREAKDOWN,0,0,0,0,72,STARTER,1,,F:2/2,,owner-request,,NEUTRAL,
2026-08-19,CRWV,0,93.17,CAUTION,88.62,93.15,107.06,45.88,WHITE,1,1,1,BREAKDOWN,0,0,0,0,28,fails,0,G2 trend;G3 leader;G4 basis,F:2/2,,owner-request,,NEUTRAL,
2026-08-19,CSCO,0,111.61,HOLD,89.92,94.5,77.9846,46.16,RED,3,69,1,,0,0,0,0,63,STARTER,1,,F:2/3,,shadow-screen,,YELLOW,
2026-08-19,CSPX,1,837.57,ACCUMULATE,817.47,859.17,805.023,97.73,RED,4,20,1,INSIDE,0,0,0,1,65,fails,0,G3 leader,F:—,33,holding,28,RED,39
2026-08-19,CVX,0,205.74,ACCUMULATE,195.99,205.99,189.832,97.13,RED,4,6,1,BREAKOUT,0,0,0,1,48,fails,0,G3 leader,F:1/3,,shadow-screen,,RED,
2026-08-19,D05,0,75.6,ACCUMULATE,72.42,76.11,57.6073,92.09,RED,4,70,1,BREAKOUT,0,0,0,1,75,CONVICTION,1,,F:—,22,owner-request,22,YELLOW,21
2026-08-19,DDOG,1,246,ACCUMULATE,242.46,254.83,125.934,73.17,RED,4,16,1,BREAKOUT,1,1,0,1,77,CONVICTION,1,,F:2/2,16,holding,5,YELLOW,9
2026-08-19,DELL,0,468.65,HOLD,434.96,457.15,119.097,95.79,RED,4,25,1,BREAKOUT,0,0,0,0,73,STARTER,1,,F:2/2,,owner-request,,RED,
2026-08-19,DRAM,1,55.1,CAUTION,53.34,56.06,54.43,44.09,AMBER,2,5,0,,0,0,0,1,39,fails,0,G2 trend;G5 data,F:—,,holding,,RED,
2026-08-19,DUOL,0,139.64,CAUTION,128.52,135.08,98.8507,78.98,WHITE,1,54,0,,0,0,0,0,35,fails,0,G2 trend;G3 leader,F:2/2,,owner-request,,NEUTRAL,
2026-08-19,ETHA,0,14.44,CAUTION,14.04,14.75,14.3238,35.7,WHITE,0,38,0,INSIDE,1,0,1,1,35,fails,0,G2 trend;G3 leader,F:1/2,,owner-request,,NEUTRAL,
2026-08-19,ETN,0,431.33,HOLD,397.31,417.58,405.419,90.26,RED,4,24,1,BREAKDOWN,0,0,0,0,52,fails,0,G3 leader,F:3/3,,shadow-screen,,NEUTRAL,
2026-08-19,FCX,0,66.32,HOLD,60.95,64.06,62.1905,79.48,RED,3,5,1,BREAKDOWN,0,0,0,0,57,fails,1,,F:2/3,,shadow-screen,,NEUTRAL,
2026-08-19,GE,0,375.09,ACCUMULATE,362.4,380.89,284.854,95.57,RED,4,13,1,BREAKOUT,0,0,0,1,77,CONVICTION,1,,F:3/3,,shadow-screen,,NEUTRAL,
2026-08-19,GEV,0,1004.53,ACCUMULATE,991.05,1041.62,1065.33,59.62,RED,3,72,1,INSIDE,0,0,0,1,63,fails,0,G4 basis,F:2/3,,shadow-screen,,NEUTRAL,
2026-08-19,GLW,0,159.9,ACCUMULATE,156.62,164.61,159.819,47.42,RED,3,3,1,BREAKDOWN,0,0,0,1,63,STARTER,1,,F:1/1,,shadow-screen,,NEUTRAL,
2026-08-19,GOOG,1,341.28,HOLD,313.8,329.81,344.279,49.68,RED,3,4,1,INSIDE,0,0,0,0,40,fails,0,G1 size;G4 basis,F:2/2,,holding,,YELLOW,
2026-08-19,GOOGL,0,344.2,ACCUMULATE,338.01,355.26,344.911,52.65,RED,3,4,1,INSIDE,0,0,0,1,45,fails,0,G1 size;G4 basis,F:2/2,21,owner-request,21,YELLOW,37
2026-08-19,GRAB,0,3.45,CAUTION,,,3.6237,13.62,WHITE,0,33,0,BREAKDOWN,0,0,1,0,20,fails,0,G2 trend;G3 leader;G4 basis,F:2/2,,owner-request,,YELLOW,
2026-08-19,GS,0,1040.47,ACCUMULATE,1020,1072.05,1040.82,69.29,RED,3,21,1,INSIDE,0,0,0,1,63,fails,0,G4 basis,F:2/2,,shadow-screen,,NEUTRAL,
2026-08-19,HD,0,337.49,CAUTION,327.05,343.74,333.725,46.16,WHITE,0,25,0,BREAKDOWN,1,1,0,1,22,fails,0,G2 trend;G3 leader,F:2/3,,shadow-screen,,YELLOW,
2026-08-19,HIMS,0,27.39,CAUTION,25.9,27.23,29.3603,42.16,WHITE,0,1,0,BREAKDOWN,0,0,0,0,25,fails,0,G2 trend;G3 leader;G4 basis,F:2/2,,owner-request,,YELLOW,
2026-08-19,HON,0,227.71,CAUTION,219.56,230.77,243.956,37.95,AMBER,2,1,0,INSIDE,0,0,1,0,22,fails,0,G2 trend;G3 leader;G4 basis,F:2/3,,shadow-screen,,YELLOW,
2026-08-19,HOOD,0,91.53,PULLBACK,86.53,90.95,76.046,50.13,AMBER,2,1,1,BREAKDOWN,0,0,0,0,28,fails,0,G2 trend;G3 leader,F:2/2,,owner-request,,NEUTRAL,
2026-08-19,IBIT,0,36.6,CAUTION,35.61,37.43,36.3375,30.41,WHITE,0,40,0,INSIDE,1,0,1,1,32,fails,0,G2 trend;G3 leader,F:1/2,,owner-request,,RED,
2026-08-19,IBM,0,232.67,CAUTION,223.49,234.89,228.05,39.37,WHITE,0,6,0,,0,0,0,1,18,fails,0,G2 trend;G3 leader,F:2/3,,shadow-screen,,NEUTRAL,
2026-08-19,ICE,0,156.18,BOTTOMING,152.24,160.01,155.347,67.37,WHITE,1,28,1,BREAKOUT,0,0,0,1,47,fails,0,G2 trend;G3 leader,F:2/3,,owner-request,,RED,
2026-08-19,IGV,0,101.96,HOLD,96.81,101.75,92.8767,86.44,RED,3,3,1,BREAKOUT,0,0,0,0,62,fails,0,G3 leader,F:—,,owner-request,,NEUTRAL,
2026-08-19,INTC,0,96.685,ACCUMULATE,95.21,100.07,45.2035,48.89,RED,3,53,1,INSIDE,0,0,0,1,70,fails,0,G1 size,F:1/3,5,owner-request,9,NEUTRAL,8
2026-08-19,INTU,0,350.41,BOTTOMING,346.26,363.93,311.263,61.9,WHITE,0,46,0,BREAKOUT,0,0,0,1,37,fails,0,G2 trend;G3 leader,F:3/3,,shadow-screen,,RED,
2026-08-19,IONQ,0,44.12,BOTTOMING,42.63,44.8,45.54,42.65,WHITE,0,6,0,BREAKOUT,0,0,0,1,32,fails,0,G2 trend;G3 leader;G4 basis,F:1/3,,shadow-screen,,RED,
2026-08-19,IOT,0,39.58,HOLD,36.42,38.28,37.1655,90.73,RED,4,4,1,BREAKOUT,0,0,0,0,65,fails,0,G3 leader,F:2/2,,owner-request,,RED,
2026-08-19,IREN,0,42,CAUTION,39.71,41.74,40.5252,39.23,WHITE,0,6,0,BREAKDOWN,0,0,0,0,33,fails,0,G2 trend,F:2/2,,owner-request,,RED,
2026-08-19,ISRG,0,391.18,CAUTION,366.93,385.65,403.484,28.96,WHITE,0,29,0,INSIDE,0,0,1,0,22,fails,0,G2 trend;G3 leader;G4 basis,F:3/3,,shadow-screen,,RED,
2026-08-19,IWM,0,300.23,ACCUMULATE,289.11,303.87,295.015,94.67,RED,3,21,1,BREAKDOWN,0,0,0,0,45,fails,0,G1 size;G3 leader,F:—,26,owner-request,38,NEUTRAL,35
2026-08-19,JNJ,0,271.11,ACCUMULATE,262.28,275.66,229.601,99.57,RED,4,58,1,,0,0,0,1,63,STARTER,1,,F:2/3,,shadow-screen,,RED,
2026-08-19,JPM,0,363.25,ACCUMULATE,353.76,371.8,310.141,99.46,RED,4,12,1,INSIDE,0,0,0,1,58,fails,0,G3 leader,F:2/3,27,owner-request,25,NEUTRAL,30
2026-08-19,KLAC,0,194.79,ACCUMULATE,191.69,201.47,181.489,55.39,RED,3,3,1,BREAKOUT,0,0,0,1,68,STARTER,1,,F:2/3,11,owner-request,15,NEUTRAL,23
2026-08-19,KO,0,88.82,ACCUMULATE,85.4,89.76,79.273,98.31,RED,4,33,1,BREAKOUT,0,0,0,1,67,fails,0,G3 leader,F:—,,shadow-screen,,NEUTRAL,
2026-08-19,LIN,0,478.705,CAUTION,470.73,494.75,513.674,27.81,AMBER,2,4,0,,1,1,0,1,17,fails,0,G2 trend;G3 leader;G4 basis,F:2/3,,shadow-screen,,YELLOW,
2026-08-19,LITE,0,873.31,ACCUMULATE,853.81,897.37,871.238,70.75,RED,3,64,1,BREAKOUT,1,0,1,1,84,CONVICTION,1,,F:2/3,4,owner-request,3,NEUTRAL,15
2026-08-19,LLY,0,1225.73,ACCUMULATE,1186.64,1247.18,1210.85,97.44,RED,4,15,1,INSIDE,0,0,0,1,69,STARTER,1,,F:3/3,19,owner-request,20,RED,32
2026-08-19,LMND,0,50.12,CAUTION,41.17,43.27,53.2151,13.15,WHITE,0,4,0,BREAKDOWN,0,1,0,0,20,fails,0,G2 trend;G3 leader;G4 basis,F:2/3,,owner-request,,YELLOW,
2026-08-19,LRCX,0,327.92,HOLD,307.95,323.66,314.235,75.23,RED,3,64,1,BREAKOUT,0,0,0,0,69,STARTER,1,,F:3/3,,owner-request,,RED,
2026-08-19,MA,0,574.31,ACCUMULATE,556.57,584.96,494.824,94.34,RED,4,4,1,BREAKOUT,0,0,0,1,58,fails,0,G3 leader,F:3/3,36,owner-request,31,NEUTRAL,40
2026-08-19,MCD,0,266.99,CAUTION,,,275.062,8.14,WHITE,0,21,0,,0,1,0,0,17,fails,0,G2 trend;G3 leader;G4 basis,F:2/3,,shadow-screen,,YELLOW,
2026-08-19,MCHP,0,78.19,PULLBACK,77.12,81.05,78.6934,39.63,AMBER,2,2,1,,0,0,0,1,27,fails,0,G2 trend;G3 leader;G4 basis,F:2/3,,shadow-screen,,NEUTRAL,
2026-08-19,MDB,0,434.62,ACCUMULATE,427.76,449.58,322.776,95.12,RED,4,4,1,BREAKOUT,0,0,0,1,77,CONVICTION,1,,F:3/3,15,owner-request,17,RED,27
2026-08-19,META,0,543.67,CAUTION,522.97,549.65,604.457,4.76,WHITE,0,41,0,BREAKDOWN,0,1,0,0,5,fails,0,G1 size;G2 trend;G3 leader;G4 basis,F:2/2,,owner-request,,YELLOW,
2026-08-19,MPWR,0,1333.18,ACCUMULATE,1316.47,1383.64,1343.34,45.88,RED,3,62,1,BREAKDOWN,0,0,0,1,57,fails,0,G4 basis,F:3/3,,shadow-screen,,NEUTRAL,
2026-08-19,MRK,0,135.17,ACCUMULATE,131.66,138.38,120.928,98.24,RED,4,42,1,,0,0,0,1,67,STARTER,1,,F:2/3,,shadow-screen,,RED,
2026-08-19,MRVL,0,216,HOLD,203.57,213.96,89.2744,54.62,RED,3,26,1,BREAKDOWN,0,0,1,0,64,STARTER,1,,F:3/3,,owner-request,,NEUTRAL,
2026-08-19,MS,0,217.55,ACCUMULATE,210.98,221.75,215.288,80.97,RED,3,21,1,INSIDE,0,0,0,1,77,CONVICTION,1,,F:2/3,,shadow-screen,,RED,
2026-08-19,MSFT,0,481.63,HOLD,450.77,473.77,394.416,82.68,RED,4,3,1,BREAKDOWN,0,0,0,0,35,fails,0,G1 size;G3 leader,F:3/3,,owner-request,,YELLOW,
2026-08-19,MSTR,0,92.52,CAUTION,93.03,97.77,94.9249,10.3,WHITE,0,46,0,BREAKDOWN,0,0,0,1,13,fails,0,G2 trend;G3 leader;G4 basis,F:0/2,,shadow-screen,,NEUTRAL,
2026-08-19,MU,1,940.76,ACCUMULATE,909.66,956.07,928.221,72.4,RED,3,63,1,BREAKDOWN,0,0,0,1,70,fails,0,G1 size,F:3/3,3,holding,8,RED,5
2026-08-19,NAK,0,1.57,CAUTION,1.44,1.51,1.9759,26.37,WHITE,0,7,0,BREAKDOWN,0,0,0,0,35,fails,0,G2 trend;G4 basis,F:1/1,,owner-request,,NEUTRAL,
2026-08-19,NBIS,1,248.43,HOLD,232.02,243.86,222.464,84.51,RED,3,29,1,BREAKOUT,0,0,0,0,70,fails,0,G1 size,F:2/2,,holding,,RED,
2026-08-19,NEE,0,86.22,CAUTION,78.87,82.89,87.785,36.66,WHITE,1,2,0,INSIDE,0,0,0,0,22,fails,0,G2 trend;G3 leader;G4 basis,F:2/3,,shadow-screen,,NEUTRAL,
2026-08-19,NET,0,301.36,HOLD,278.62,292.84,198.309,89.96,RED,4,19,1,BREAKOUT,0,0,0,0,77,CONVICTION,1,,F:2/2,,owner-request,,NEUTRAL,
2026-08-19,NFLX,0,77.77,CAUTION,76.1,79.98,73.72,41.99,WHITE,0,40,0,BREAKDOWN,0,0,0,1,18,fails,0,G2 trend;G3 leader,F:2/3,,owner-request,,RED,
2026-08-19,NKE,0,40.06,CAUTION,,,41.7817,2.72,WHITE,0,46,0,BREAKDOWN,0,1,0,0,17,fails,0,G2 trend;G3 leader;G4 basis,F:2/3,,shadow-screen,,YELLOW,
2026-08-19,NOK,0,10.39,ACCUMULATE,10.17,10.69,10.3764,43.1,RED,3,2,1,BREAKOUT,0,0,0,1,82,CONVICTION,1,,F:1/1,8,owner-request,12,RED,19
2026-08-19,NOW,0,119.49,CAUTION,117.39,123.38,102.561,77.33,WHITE,1,56,0,BREAKDOWN,0,0,0,1,23,fails,0,G2 trend;G3 leader,F:2/3,,owner-request,,NEUTRAL,
2026-08-19,NTDOY,0,13.93,BOTTOMING,13.74,14.44,11.0218,78.33,WHITE,1,37,0,BREAKOUT,0,0,0,1,40,fails,0,G2 trend;G3 leader,F:—,,owner-request,,RED,
2026-08-19,NVDA,1,219.74,ACCUMULATE,216.14,227.17,209.265,88.16,RED,4,8,1,BREAKDOWN,0,0,0,1,45,fails,0,G1 size;G3 leader,F:3/3,32,holding,27,NEUTRAL,31
2026-08-19,NVO,0,45.71,CAUTION,44.11,46.36,46.894,43.85,WHITE,0,4,0,BREAKDOWN,1,1,0,1,17,fails,0,G2 trend;G3 leader;G4 basis,F:—,,owner-request,,YELLOW,
2026-08-19,NXPI,0,228.56,CAUTION,221.96,233.28,233.417,25.81,AMBER,2,4,0,BREAKDOWN,0,0,0,1,17,fails,0,G2 trend;G3 leader;G4 basis,F:1/2,,shadow-screen,,NEUTRAL,
2026-08-19,ON,0,79.42,PULLBACK,59.69,62.73,81.6815,33.49,AMBER,2,4,1,BREAKDOWN,0,0,0,0,37,fails,0,G2 trend;G4 basis,F:2/3,,shadow-screen,,NEUTRAL,
2026-08-19,ONDS,0,9.06,CAUTION,8.8,9.25,9.2316,49.12,WHITE,1,7,1,BREAKDOWN,1,0,1,1,47,fails,0,G2 trend;G4 basis,F:1/3,,owner-request,,RED,
2026-08-19,ONON,0,31.03,CAUTION,30.41,31.97,31.0357,3.41,WHITE,0,25,0,BREAKDOWN,1,1,0,1,20,fails,0,G2 trend;G3 leader;G4 basis,F:1/1,,owner-request,,YELLOW,
2026-08-19,ORCL,0,142.79,CAUTION,142.17,149.43,145.075,30.46,WHITE,0,9,0,BREAKDOWN,0,0,0,1,9,fails,0,G2 trend;G3 leader;G4 basis,F:3/3,,owner-request,,NEUTRAL,
2026-08-19,OSCR,0,31.28,ACCUMULATE,29.93,31.45,13.3673,94.66,RED,4,16,1,,0,1,0,1,80,CONVICTION,1,,F:2/2,13,owner-request,4,RED,6
2026-08-19,OUST,0,42.99,ACCUMULATE,41.54,43.66,45.4316,66.21,RED,4,17,1,BREAKDOWN,0,0,0,0,60,fails,0,G3 leader;G4 basis,F:1/3,31,owner-request,40,NEUTRAL,7
2026-08-19,P,0,117.06,ACCUMULATE,114.67,120.52,73.5244,98.79,RED,4,5,1,,0,0,0,0,75,CONVICTION,1,,F:3/3,14,owner-request,36,RED,14
2026-08-19,PANW,0,374.14,HOLD,347.97,365.73,165.713,95.35,RED,4,15,1,,0,0,0,0,68,STARTER,1,,F:2/3,,owner-request,,RED,
2026-08-19,PEP,0,140.13,CAUTION,136.08,143.02,142.322,30.4,WHITE,0,13,0,INSIDE,0,0,0,1,22,fails,0,G2 trend;G3 leader;G4 basis,F:2/3,,shadow-screen,,RED,
2026-08-19,PFE,0,27.25,HOLD,24.67,25.92,25.169,93.44,RED,4,1,1,BREAKDOWN,0,0,0,0,47,fails,0,G3 leader,F:2/3,,shadow-screen,,RED,
2026-08-19,PG,0,143.45,CAUTION,132.34,139.09,144.267,16.86,WHITE,0,5,0,INSIDE,1,1,1,0,22,fails,0,G2 trend;G3 leader;G4 basis,F:2/3,,shadow-screen,,YELLOW,
2026-08-19,PL,0,23.36,CAUTION,22.29,23.43,26.0889,29.11,WHITE,0,4,0,INSIDE,0,0,0,1,45,fails,0,G2 trend;G4 basis,F:2/2,,owner-request,,NEUTRAL,
2026-08-19,PLTR,1,171.54,HOLD,163.03,171.35,134.44,84.94,RED,3,1,1,,0,0,0,0,40,fails,0,G1 size;G3 leader,F:2/2,,holding,,RED,
2026-08-19,QCOM,0,160.19,CAUTION,155.73,163.68,165.51,27.77,WHITE,0,4,0,BREAKDOWN,0,0,0,1,13,fails,0,G2 trend;G3 leader;G4 basis,F:3/3,,owner-request,,NEUTRAL,
2026-08-19,QQQ,0,717.51,ACCUMULATE,703.4,739.28,717.751,76.47,RED,3,20,1,BREAKDOWN,0,1,0,1,40,fails,0,G1 size;G3 leader;G4 basis,F:—,30,owner-request,6,NEUTRAL,29
2026-08-19,QQQM,1,295.45,ACCUMULATE,289.58,304.35,295.486,73.66,RED,3,20,1,BREAKDOWN,0,0,0,1,52,fails,0,G3 leader;G4 basis,F:—,29,holding,26,NEUTRAL,28
2026-08-19,RBLX,0,37.67,CAUTION,36.49,38.35,37.2302,16.16,WHITE,0,37,0,INSIDE,0,0,0,1,27,fails,0,G2 trend;G3 leader,F:2/2,,owner-request,,NEUTRAL,
2026-08-19,RBRK,0,100.55,HOLD,85.54,89.9,71.6537,97.21,RED,4,12,1,BREAKOUT,0,0,0,0,75,fails,0,G3 leader,F:2/2,,owner-request,,RED,
2026-08-19,RDDT,0,158.25,CAUTION,153.94,161.79,169.36,38.02,WHITE,0,4,0,INSIDE,0,0,0,1,27,fails,0,G2 trend;G3 leader;G4 basis,F:2/2,,owner-request,,NEUTRAL,
2026-08-19,RKLB,0,79.16,CAUTION,78.7,82.72,68.0144,48.57,WHITE,0,2,1,INSIDE,0,0,0,1,52,fails,0,G2 trend,F:1/3,,owner-request,,RED,
2026-08-19,RTX,0,225.49,ACCUMULATE,219.11,230.29,176.086,99.62,RED,4,10,1,BREAKOUT,0,0,0,1,77,CONVICTION,1,,F:2/3,,shadow-screen,,NEUTRAL,
2026-08-19,SATL,0,5.74,ACCUMULATE,5.67,5.96,5.7825,52.1,RED,3,1,1,INSIDE,0,0,0,1,65,fails,0,G4 basis,F:1/2,23,owner-request,23,RED,10
2026-08-19,SCHW,0,111.68,ACCUMULATE,109.12,114.69,92.313,99.76,RED,4,7,1,BREAKOUT,0,0,0,0,62,fails,0,G3 leader,F:3/3,,shadow-screen,,RED,
2026-08-19,SE,0,116.26,HOLD,109.65,115.25,89.3319,72.16,RED,3,2,1,BREAKOUT,0,0,0,0,57,fails,0,G3 leader,F:2/2,,owner-request,,NEUTRAL,
2026-08-19,SHOP,0,146.58,HOLD,133.87,140.7,119.427,81.29,RED,3,2,1,BREAKDOWN,0,0,0,0,48,fails,0,G3 leader,F:2/2,,owner-request,,NEUTRAL,
2026-08-19,SMCI,0,37.41,HOLD,30.18,31.72,30.7939,78.82,RED,4,1,1,BREAKOUT,0,0,1,0,58,fails,0,G3 leader,F:3/3,,shadow-screen,,RED,
2026-08-19,SMH,0,569.77,ACCUMULATE,559.89,588.46,571.321,58.87,RED,3,63,1,INSIDE,0,0,0,1,60,fails,0,G1 size;G4 basis,F:—,17,owner-request,18,NEUTRAL,20
2026-08-19,SNDK,0,1625.78,ACCUMULATE,1594.81,1676.18,638.592,77.85,RED,3,62,1,BREAKOUT,0,0,0,1,75,fails,0,G1 size,F:3/3,2,owner-request,7,RED,3
2026-08-19,SNOW,0,325.33,HOLD,261.89,275.25,237.448,95.23,RED,4,11,1,INSIDE,0,0,0,0,68,STARTER,1,,F:3/3,,owner-request,,NEUTRAL,
2026-08-19,SOFI,0,17.66,CAUTION,17.07,17.94,18.3663,50.51,WHITE,0,27,0,BREAKDOWN,0,0,0,0,17,fails,0,G2 trend;G3 leader;G4 basis,F:3/3,,owner-request,,NEUTRAL,
2026-08-19,SPCX,1,143.34,CAUTION,138.74,145.82,111.374,52.83,WHITE,0,7,0,,0,0,0,0,15,fails,0,G1 size;G2 trend;G3 leader;G5 data,F:—,,holding,,RED,
2026-08-19,STX,0,903.68,HOLD,848.72,892.03,866.044,81.97,RED,3,66,1,BREAKOUT,0,0,1,0,69,STARTER,1,,F:3/3,,shadow-screen,,RED,
2026-08-19,T,0,24.9,CAUTION,24.32,25.56,23.3142,67.57,AMBER,2,1,0,BREAKDOWN,0,0,0,1,27,fails,0,G2 trend;G3 leader,F:2/3,,shadow-screen,,RED,
2026-08-19,TE,0,4.65,CAUTION,4.49,4.72,5.9194,13.51,WHITE,0,4,0,BREAKDOWN,1,1,0,1,40,fails,0,G2 trend;G4 basis,F:2/3,,owner-request,,NEUTRAL,
2026-08-19,TEAM,0,163,ACCUMULATE,157.79,165.84,86.2643,94.19,RED,4,2,1,INSIDE,0,0,0,1,62,fails,0,G3 leader,F:2/2,37,owner-request,32,RED,12
2026-08-19,TER,0,404.29,ACCUMULATE,390.24,410.15,359.509,79.68,RED,3,54,1,BREAKOUT,0,0,0,1,82,CONVICTION,1,,F:2/3,,shadow-screen,,RED,
2026-08-19,TMC,0,3.92,CAUTION,2.99,3.14,4.0448,9.9,WHITE,0,27,0,BREAKDOWN,0,0,0,0,20,fails,0,G2 trend;G3 leader;G4 basis,F:1/2,,owner-request,,NEUTRAL,
2026-08-19,TMDX,0,90.69,CAUTION,87.03,91.47,74.8559,63.74,WHITE,0,22,0,INSIDE,0,1,0,1,35,fails,0,G2 trend;G3 leader,F:3/3,,owner-request,,RED,
2026-08-19,TMO,0,589.04,ACCUMULATE,566.35,595.25,472.719,90.63,RED,3,5,1,INSIDE,0,0,0,1,57,fails,0,G3 leader,F:2/3,,shadow-screen,,NEUTRAL,
2026-08-19,TMUS,0,182.75,CAUTION,178.79,187.91,182.438,32.63,WHITE,0,49,0,,0,0,0,1,22,fails,0,G2 trend;G3 leader,F:2/3,,shadow-screen,,RED,
2026-08-19,TOST,0,34.95,ACCUMULATE,34.18,35.92,28.1072,86.94,RED,3,3,1,BREAKOUT,0,0,0,1,60,fails,0,G3 leader,F:2/2,40,owner-request,35,NEUTRAL,26
2026-08-19,TSLA,1,336.87,BOTTOMING,321.87,338.3,397.921,20.04,WHITE,0,9,0,BREAKOUT,0,0,0,1,15,fails,0,G1 size;G2 trend;G3 leader;G4 basis,F:1/3,,holding,,RED,
2026-08-19,TSM,1,413.41,ACCUMULATE,395.75,415.94,417.813,61.32,RED,3,64,1,BREAKDOWN,0,0,0,0,55,fails,0,G1 size;G4 basis,F:3/3,20,holding,37,NEUTRAL,38
2026-08-19,TXN,0,272.24,HOLD,215.34,226.32,279.718,39.16,RED,3,20,1,BREAKDOWN,0,0,0,0,48,fails,0,G4 basis,F:3/3,,shadow-screen,,NEUTRAL,
2026-08-19,UBER,0,74.66,BOTTOMING,72.13,75.81,73.5988,58.42,WHITE,0,36,0,BREAKOUT,0,1,0,0,28,fails,0,G2 trend;G3 leader,F:3/3,,owner-request,,RED,
2026-08-19,UNH,0,393.93,HOLD,373.87,392.94,424.412,62.93,RED,3,16,1,BREAKDOWN,0,0,0,0,48,fails,0,G3 leader;G4 basis,F:3/3,,shadow-screen,,YELLOW,
2026-08-19,V,0,364.25,ACCUMULATE,354.05,372.12,329.468,91.46,RED,4,8,1,INSIDE,0,0,0,1,58,fails,0,G3 leader,F:0/1,35,owner-request,30,NEUTRAL,36
2026-08-19,VRT,0,272.54,PULLBACK,258.36,271.54,307.051,49.46,AMBER,2,1,1,BREAKDOWN,0,0,0,0,38,fails,0,G2 trend;G4 basis,F:3/3,,owner-request,,NEUTRAL,
2026-08-19,VZ,0,48.54,ACCUMULATE,46.35,48.71,47.2932,85.85,RED,4,3,1,BREAKOUT,0,0,0,1,52,fails,0,G3 leader,F:2/3,,shadow-screen,,RED,
2026-08-19,WDC,0,496.16,HOLD,450.56,473.55,537.498,61.35,RED,3,64,1,BREAKOUT,0,1,0,0,64,fails,0,G4 basis,F:3/3,,shadow-screen,,RED,
2026-08-19,WFC,0,87.4,ACCUMULATE,85.34,89.69,87.0812,76.79,RED,3,7,1,BREAKDOWN,0,0,0,1,52,fails,0,G3 leader,F:2/3,,shadow-screen,,YELLOW,
2026-08-19,WMT,0,115.2,CAUTION,112.45,118.19,118.748,43.53,WHITE,0,7,1,INSIDE,0,0,0,1,28,fails,0,G2 trend;G3 leader;G4 basis,F:2/3,,shadow-screen,,RED,
2026-08-19,XOM,0,165.56,ACCUMULATE,161.21,169.43,153.102,97.89,RED,4,6,1,BREAKOUT,0,0,0,1,58,fails,1,,F:—,,shadow-screen,,RED,
2026-08-19,ZETA,0,28.23,HOLD,23.09,24.27,18.4446,95.21,RED,4,13,1,INSIDE,0,0,0,0,75,CONVICTION,1,,F:2/2,,owner-request,,RED,
2026-08-19,ZS,0,185.7,CAUTION,181.92,191.2,146.806,86.16,WHITE,1,37,1,,0,0,0,1,40,fails,0,G2 trend;G3 leader,F:3/3,,owner-request,,RED,
2026-08-20,0700,0,451.2,CAUTION,433.15,455.25,466.711,28.73,WHITE,0,27,0,INSIDE,0,0,0,1,10,fails,0,G1 size;G2 trend;G3 leader;G4 basis,F:—,,owner-request,,YELLOW,
2026-08-20,1810,0,28.28,BOTTOMING,27.02,28.4,27.5733,43.12,WHITE,0,45,0,BREAKOUT,0,0,0,1,20,fails,0,G1 size;G2 trend;G3 leader,F:—,,owner-request,,NEUTRAL,
2026-08-20,3690,0,88.35,CAUTION,84.06,88.35,85.7771,63.07,WHITE,1,70,0,,0,0,0,1,19,fails,0,G2 trend;G3 leader,F:—,,owner-request,,YELLOW,
2026-08-20,9992,1,154.8,CAUTION,151.17,158.89,154.259,26.21,WHITE,0,25,0,INSIDE,0,0,0,1,23,fails,0,G2 trend;G3 leader,F:—,,holding,,NEUTRAL,
2026-08-20,AAL,0,13.86,CAUTION,12.35,12.98,15.1365,35.08,WHITE,1,1,0,INSIDE,0,0,0,0,22,fails,0,G2 trend;G3 leader;G4 basis,F:2/3,,shadow-screen,,YELLOW,
2026-08-20,AAOI,0,122.19,HOLD,112.38,118.11,134.022,38.22,RED,3,3,1,BREAKDOWN,0,0,0,0,58,fails,0,G4 basis,F:1/3,,owner-request,,NEUTRAL,
2026-08-20,AAPL,1,316.83,ACCUMULATE,304.38,319.91,310.592,87.8,RED,3,21,1,BREAKOUT,1,1,1,1,55,fails,0,G1 size;G3 leader,F:2/3,15,holding,1,NEUTRAL,19
2026-08-20,ABBV,0,265.97,ACCUMULATE,258.81,272.02,249.255,99.71,RED,4,11,1,BREAKOUT,0,0,0,1,67,fails,0,G3 leader,F:2/3,,shadow-screen,,RED,
2026-08-20,ABCL,0,12.01,HOLD,10.75,11.3,4.0517,99.83,RED,4,17,1,BREAKOUT,0,0,0,0,90,CONVICTION,1,,F:2/3,,owner-request,,RED,
2026-08-20,ABT,0,114.43,ACCUMULATE,109.3,114.87,88.7909,87.96,RED,3,1,1,,0,0,0,1,52,fails,0,G3 leader,F:2/2,,shadow-screen,,RED,
2026-08-20,ACN,0,183.17,BOTTOMING,173.21,182.05,126.877,67.87,WHITE,0,30,0,BREAKOUT,0,0,1,0,27,fails,0,G2 trend;G3 leader,F:1/2,,shadow-screen,,RED,
2026-08-20,ADBE,0,272.47,CAUTION,246.64,259.23,251.675,80.27,WHITE,1,89,0,,0,0,0,0,27,fails,0,G2 trend;G3 leader,F:3/3,,owner-request,,NEUTRAL,
2026-08-20,ADI,0,373.26,HOLD,343.86,361.41,392.536,42.2,RED,3,41,1,BREAKDOWN,0,0,0,0,52,fails,0,G4 basis,F:3/3,,shadow-screen,,NEUTRAL,
2026-08-20,AEHR,0,107.96,HOLD,95.17,100.03,97.1154,86.03,RED,4,60,1,,0,0,0,0,80,CONVICTION,1,,F:1/3,,owner-request,,NEUTRAL,
2026-08-20,AFRM,0,77.33,HOLD,72.26,75.94,73.7316,81.75,RED,4,13,1,BREAKOUT,0,0,0,0,70,fails,0,G3 leader,F:2/2,,owner-request,,RED,
2026-08-20,ALAB,0,289.02,HOLD,207.63,218.22,123.076,53.21,RED,3,18,1,BREAKDOWN,0,0,0,0,63,STARTER,1,,F:3/3,,owner-request,,YELLOW,
2026-08-20,AMAT,0,496.17,HOLD,432.78,454.86,541.891,52.37,RED,3,49,1,BREAKOUT,0,0,0,0,59,fails,0,G4 basis,F:2/3,,owner-request,,YELLOW,
2026-08-20,AMD,1,466.42,HOLD,246.15,258.71,215.827,61.85,RED,3,23,1,BREAKDOWN,0,0,0,0,65,fails,0,G1 size,F:3/3,,holding,,NEUTRAL,
2026-08-20,AMZN,0,265.84,ACCUMULATE,258.77,271.97,229.756,83.81,RED,4,4,1,BREAKOUT,1,1,0,1,55,fails,0,G1 size;G3 leader,F:3/3,22,owner-request,5,NEUTRAL,12
2026-08-20,ANET,0,186.45,ACCUMULATE,181.34,190.6,143.099,86.18,RED,4,19,1,BREAKOUT,0,0,0,1,58,fails,0,G3 leader,F:3/3,16,owner-request,16,YELLOW,11
2026-08-20,APH,0,156.04,ACCUMULATE,153.84,161.69,147.137,72.16,RED,4,13,1,BREAKDOWN,0,0,0,0,67,STARTER,1,,F:3/3,,shadow-screen,,YELLOW,
2026-08-20,APP,0,310.79,CAUTION,306.68,322.32,466.365,4.22,WHITE,0,6,0,INSIDE,1,1,0,1,18,fails,0,G2 trend;G3 leader;G4 basis,F:2/2,,owner-request,,YELLOW,
2026-08-20,ARM,0,249.34,HOLD,223.05,234.43,210.673,50.46,RED,3,20,1,BREAKDOWN,0,0,0,0,72,STARTER,1,,F:3/3,,owner-request,,NEUTRAL,
2026-08-20,ASML,0,1751.73,HOLD,1659.2,1743.85,1788.54,68,RED,3,53,1,BREAKDOWN,0,0,0,0,63,fails,0,G4 basis,F:1/1,,owner-request,,NEUTRAL,
2026-08-20,ASTS,0,66.43,CAUTION,56.32,59.2,69.5636,21.53,WHITE,0,6,0,BREAKDOWN,0,0,0,0,17,fails,0,G2 trend;G3 leader;G4 basis,F:0/2,,owner-request,,NEUTRAL,
2026-08-20,AVGO,0,362.48,CAUTION,331.4,348.31,379.737,35.56,AMBER,2,1,0,BREAKDOWN,0,0,0,0,5,fails,0,G1 size;G2 trend;G3 leader;G4 basis,F:3/3,,owner-request,,YELLOW,
2026-08-20,AXON,0,645.72,HOLD,595.91,626.31,393.819,94.15,RED,3,3,1,INSIDE,0,0,0,0,57,fails,0,G3 leader,F:3/3,,owner-request,,RED,
2026-08-20,AXP,0,339.9,ACCUMULATE,334.64,351.72,341.473,63.14,RED,3,4,1,BREAKOUT,1,0,1,1,47,fails,0,G3 leader;G4 basis,F:2/3,,shadow-screen,,YELLOW,
2026-08-20,AXTI,0,73.43,ACCUMULATE,72.44,76.14,64.4517,58.62,RED,3,3,1,BREAKDOWN,1,0,1,1,72,STARTER,1,,F:0/3,1,owner-request,2,NEUTRAL,1
2026-08-20,AZO,0,3076.89,CAUTION,3016.37,3170.26,3077.93,27.61,WHITE,0,27,0,INSIDE,1,0,1,1,22,fails,0,G2 trend;G3 leader;G4 basis,F:2/3,,shadow-screen,,RED,
2026-08-20,BA,0,222.2,ACCUMULATE,213.61,224.5,217.965,55.34,RED,3,3,1,INSIDE,0,0,0,0,52,fails,0,G3 leader,F:2/3,,shadow-screen,,YELLOW,
2026-08-20,BAC,0,63.17,ACCUMULATE,60.47,63.56,52.31,92.88,RED,4,12,1,BREAKDOWN,0,0,0,0,53,fails,0,G3 leader,F:2/3,,shadow-screen,,YELLOW,
2026-08-20,BB,0,8.34,HOLD,6.08,6.39,8.9098,40.41,RED,3,18,1,BREAKDOWN,0,0,0,0,70,fails,0,G4 basis,F:2/3,,owner-request,,NEUTRAL,
2026-08-20,BE,0,206.63,PULLBACK,163.65,172,212.704,42.51,AMBER,2,1,1,BREAKDOWN,0,0,0,0,44,fails,0,G2 trend;G4 basis,F:0/1,,shadow-screen,,NEUTRAL,
2026-08-20,BKNG,0,213,ACCUMULATE,204.77,215.21,168.127,92.25,RED,3,3,1,INSIDE,0,0,0,1,62,fails,0,G3 leader,F:2/3,,shadow-screen,,NEUTRAL,
2026-08-20,BSX,0,52.01,BOTTOMING,50.41,52.98,44.6055,55.05,WHITE,0,38,0,BREAKOUT,0,0,0,1,32,fails,0,G2 trend;G3 leader,F:3/3,,shadow-screen,,RED,
2026-08-20,C,0,132.89,ACCUMULATE,130.21,136.85,132.864,67.93,RED,3,23,1,BREAKDOWN,0,0,0,0,67,STARTER,1,,F:2/3,,shadow-screen,,NEUTRAL,
2026-08-20,CAT,0,816.15,ACCUMULATE,802.25,843.18,887.084,38.18,RED,3,61,1,BREAKDOWN,0,0,0,1,58,fails,0,G4 basis,F:2/3,,shadow-screen,,NEUTRAL,
2026-08-20,CAVA,0,71.57,CAUTION,70.04,73.61,63.1027,51.21,WHITE,1,5,0,,0,0,0,1,30,fails,0,G2 trend;G3 leader,F:3/3,,owner-request,,RED,
2026-08-20,CBRS,0,215.69,CAUTION,206.4,216.93,223.77,41.79,WHITE,0,15,0,,0,0,0,0,18,fails,0,G2 trend;G3 leader;G4 basis;G5 data,F:—,,shadow-screen,,NEUTRAL,
2026-08-20,CDE,0,20.93,BOTTOMING,19.74,20.75,16.2809,91.01,WHITE,1,12,1,BREAKOUT,0,0,0,0,62,fails,0,G2 trend,F:2/3,,owner-request,,RED,
2026-08-20,CEG,0,274.17,BOTTOMING,265.21,278.75,270.626,50.72,WHITE,0,30,0,BREAKOUT,0,0,0,1,32,fails,0,G2 trend;G3 leader,F:2/3,,shadow-screen,,RED,
2026-08-20,CIEN,0,399.47,PULLBACK,333.61,350.63,440.28,42.8,AMBER,2,1,1,BREAKDOWN,0,0,0,0,52,fails,0,G2 trend;G4 basis,F:3/3,,shadow-screen,,NEUTRAL,
2026-08-20,CIFR,0,15.89,CAUTION,15.32,16.1,17.6168,23.92,AMBER,2,3,0,,1,1,0,1,37,fails,0,G2 trend;G4 basis,F:2/3,,owner-request,,YELLOW,
2026-08-20,COHR,0,287.47,PULLBACK,253.82,266.77,324.506,40.46,AMBER,2,1,1,BREAKDOWN,0,0,1,0,48,fails,0,G2 trend;G4 basis,F:2/3,,shadow-screen,,NEUTRAL,
2026-08-20,COIN,0,160.2,BOTTOMING,147.31,154.83,150.316,25.88,WHITE,0,38,0,BREAKOUT,0,0,0,0,32,fails,0,G2 trend;G3 leader,F:1/2,,owner-request,,RED,
2026-08-20,COST,0,956.99,CAUTION,936.51,984.3,955.627,50.48,WHITE,1,7,1,INSIDE,0,0,0,1,33,fails,0,G2 trend;G3 leader,F:2/3,,owner-request,,RED,
2026-08-20,CRCL,0,78.59,CAUTION,70.26,73.85,63.3924,43.51,WHITE,0,11,0,BREAKDOWN,0,1,0,0,32,fails,0,G2 trend;G3 leader,F:2/2,,shadow-screen,,RED,
2026-08-20,CRDO,0,234.82,ACCUMULATE,229.87,241.59,247.119,69.45,RED,3,18,1,BREAKDOWN,0,0,0,1,72,fails,0,G4 basis,F:3/3,5,owner-request,9,NEUTRAL,6
2026-08-20,CRM,0,206.09,CAUTION,188.22,197.82,185.994,85.96,WHITE,1,75,1,,0,0,0,0,33,fails,0,G2 trend;G3 leader,F:2/3,,owner-request,,RED,
2026-08-20,CRWD,0,201.63,HOLD,185.38,194.84,102.282,89.63,RED,4,15,1,BREAKDOWN,0,0,0,0,72,STARTER,1,,F:2/2,,owner-request,,YELLOW,
2026-08-20,CRWV,0,90.87,CAUTION,88.62,93.15,107.06,41.14,WHITE,1,1,0,BREAKDOWN,0,0,0,1,18,fails,0,G2 trend;G3 leader;G4 basis,F:2/2,,owner-request,,NEUTRAL,
2026-08-20,CSCO,0,110.55,HOLD,89.92,94.5,77.9846,44.47,RED,3,69,1,,0,0,0,0,58,fails,1,,F:2/3,,shadow-screen,,YELLOW,
2026-08-20,CSPX,1,829.52,ACCUMULATE,817.47,859.17,805.023,93.25,RED,4,20,1,BREAKDOWN,0,0,0,1,60,fails,0,G3 leader,F:—,21,holding,18,NEUTRAL,27
2026-08-20,CVX,0,205.76,ACCUMULATE,197.02,207.07,189.904,96.46,RED,4,6,1,BREAKOUT,0,0,0,1,48,fails,0,G3 leader,F:1/3,,shadow-screen,,RED,
2026-08-20,D05,0,75.59,ACCUMULATE,72.42,76.11,57.6073,91.53,RED,4,70,1,BREAKOUT,0,0,0,1,75,CONVICTION,1,,F:—,12,owner-request,13,YELLOW,10
2026-08-20,DDOG,1,233.52,ACCUMULATE,229.23,240.93,125.934,61.16,RED,3,16,1,BREAKOUT,1,1,0,1,77,CONVICTION,1,,F:2/2,8,holding,3,YELLOW,5
2026-08-20,DELL,0,437.55,HOLD,407.46,428.25,119.097,84.44,RED,4,25,1,BREAKOUT,0,0,0,0,73,STARTER,1,,F:2/2,,owner-request,,YELLOW,
2026-08-20,DRAM,1,55.14,CAUTION,53.34,56.06,54.43,43.71,AMBER,2,5,0,,0,0,0,1,39,fails,0,G2 trend;G5 data,F:—,,holding,,RED,
2026-08-20,DUOL,0,146.03,CAUTION,124.57,130.92,98.8507,80.13,WHITE,1,54,0,,0,0,0,0,35,fails,0,G2 trend;G3 leader,F:2/2,,owner-request,,RED,
2026-08-20,ETHA,0,15.88,BOTTOMING,15.72,16.53,14.3238,58,WHITE,0,38,0,BREAKOUT,0,0,0,0,40,fails,0,G2 trend;G3 leader,F:1/2,,owner-request,,RED,
2026-08-20,ETN,0,424.67,HOLD,394.41,414.53,402.456,87.17,RED,4,24,1,BREAKDOWN,0,0,0,0,52,fails,0,G3 leader,F:3/3,,shadow-screen,,YELLOW,
2026-08-20,FCX,0,69.09,ACCUMULATE,67.93,71.39,62.1905,90.64,RED,4,5,1,INSIDE,0,0,0,1,67,STARTER,1,,F:2/3,,shadow-screen,,RED,
2026-08-20,GE,0,356.23,ACCUMULATE,350.92,368.83,284.854,75.78,RED,4,13,1,BREAKDOWN,0,0,0,1,57,fails,0,G3 leader,F:3/3,,shadow-screen,,YELLOW,
2026-08-20,GEV,0,987.46,HOLD,876.29,921,1065.33,53.42,RED,3,72,1,BREAKDOWN,0,0,0,0,53,fails,0,G4 basis,F:2/3,,shadow-screen,,NEUTRAL,
2026-08-20,GLW,0,152.46,PULLBACK,140.52,147.69,159.819,36.56,AMBER,2,1,1,BREAKDOWN,0,0,0,0,43,fails,0,G2 trend;G4 basis,F:1/1,,shadow-screen,,NEUTRAL,
2026-08-20,GOOG,1,341.7,ACCUMULATE,337.39,354.61,344.279,53.76,RED,3,4,1,INSIDE,0,0,0,1,45,fails,0,G1 size;G4 basis,F:2/2,11,holding,12,YELLOW,28
2026-08-20,GOOGL,0,344.72,ACCUMULATE,338.01,355.26,344.911,52.63,RED,3,4,1,INSIDE,0,0,0,1,45,fails,0,G1 size;G4 basis,F:2/2,10,owner-request,11,YELLOW,26
2026-08-20,GRAB,0,3.54,CAUTION,3.55,3.73,3.6237,29.66,WHITE,0,33,0,INSIDE,1,0,1,1,25,fails,0,G2 trend;G3 leader;G4 basis,F:2/2,,owner-request,,YELLOW,
2026-08-20,GS,0,1021.65,HOLD,912.68,959.24,1040.82,60.76,RED,3,21,1,BREAKDOWN,0,0,0,0,53,fails,0,G4 basis,F:2/2,,shadow-screen,,YELLOW,
2026-08-20,HD,0,344.3,CAUTION,327.05,343.74,333.725,59.41,WHITE,1,25,0,BREAKDOWN,0,0,0,0,22,fails,0,G2 trend;G3 leader,F:2/3,,shadow-screen,,NEUTRAL,
2026-08-20,HIMS,0,31.09,HOLD,28.77,30.24,29.3603,64.01,RED,3,1,1,BREAKDOWN,0,0,0,0,55,fails,0,G3 leader,F:2/2,,owner-request,,NEUTRAL,
2026-08-20,HON,0,221.73,CAUTION,210.2,220.92,224.045,20.35,AMBER,2,1,0,INSIDE,0,0,1,0,22,fails,0,G2 trend;G3 leader;G4 basis,F:2/3,,shadow-screen,,YELLOW,
2026-08-20,HOOD,0,95.77,ACCUMULATE,91.34,96,76.046,60.19,RED,3,3,1,BREAKOUT,0,0,0,1,63,fails,0,G3 leader,F:2/2,28,owner-request,24,RED,14
2026-08-20,IBIT,0,38.78,BOTTOMING,37.24,39.14,36.3375,48.54,WHITE,0,40,0,BREAKOUT,1,0,1,1,37,fails,0,G2 trend;G3 leader,F:1/2,,owner-request,,RED,
2026-08-20,IBM,0,237.16,CAUTION,230.61,242.37,228.05,47.01,WHITE,0,6,0,,0,0,0,1,18,fails,0,G2 trend;G3 leader,F:2/3,,shadow-screen,,RED,
2026-08-20,ICE,0,157.24,BOTTOMING,152.24,160.01,155.347,73.05,WHITE,1,28,1,BREAKOUT,0,0,0,1,47,fails,0,G2 trend;G3 leader,F:2/3,,owner-request,,RED,
2026-08-20,IGV,0,102.81,ACCUMULATE,100.86,106.01,92.8767,87.78,RED,4,3,1,BREAKOUT,0,0,0,1,67,fails,0,G3 leader,F:—,27,owner-request,23,RED,16
2026-08-20,INTC,0,92.8,HOLD,44.3,46.56,97.1535,43.4,RED,3,53,1,BREAKDOWN,0,0,0,0,55,fails,0,G1 size;G4 basis,F:1/3,,owner-request,,NEUTRAL,
2026-08-20,INTU,0,362.47,BOTTOMING,346.26,363.93,311.263,64.79,WHITE,0,46,0,BREAKOUT,0,0,0,1,37,fails,0,G2 trend;G3 leader,F:3/3,,shadow-screen,,RED,
2026-08-20,IONQ,0,43.36,BOTTOMING,42.63,44.8,45.54,40.11,WHITE,0,6,0,BREAKOUT,0,0,0,1,32,fails,0,G2 trend;G3 leader;G4 basis,F:1/3,,shadow-screen,,NEUTRAL,
2026-08-20,IOT,0,39.2,HOLD,36.42,38.28,37.1655,86.64,RED,4,4,1,BREAKDOWN,0,0,0,0,55,fails,0,G3 leader,F:2/2,,owner-request,,YELLOW,
2026-08-20,IREN,0,42.84,CAUTION,39.71,41.74,40.5252,42.98,WHITE,0,6,1,BREAKDOWN,0,0,0,0,43,fails,0,G2 trend,F:2/2,,owner-request,,RED,
2026-08-20,ISRG,0,397.72,CAUTION,366.93,385.65,403.484,33.95,WHITE,0,29,0,INSIDE,0,0,1,0,22,fails,0,G2 trend;G3 leader;G4 basis,F:3/3,,shadow-screen,,RED,
2026-08-20,IWM,0,301.72,ACCUMULATE,289.11,303.87,295.015,96.3,RED,4,21,1,INSIDE,0,0,0,0,50,fails,0,G1 size;G3 leader,F:—,17,owner-request,28,RED,23
2026-08-20,JNJ,0,273.41,ACCUMULATE,261.51,274.86,229.509,99.41,RED,4,58,1,,0,0,0,1,63,STARTER,1,,F:2/3,,shadow-screen,,RED,
2026-08-20,JPM,0,357.26,ACCUMULATE,340.76,358.14,310.141,93.17,RED,4,12,1,BREAKDOWN,0,0,0,0,53,fails,0,G3 leader,F:2/3,18,owner-request,29,YELLOW,22
2026-08-20,KLAC,0,187.27,HOLD,177.86,186.93,181.489,47.94,RED,3,3,1,BREAKOUT,0,0,0,0,58,fails,1,,F:2/3,,owner-request,,NEUTRAL,
2026-08-20,KO,0,90.35,ACCUMULATE,87.98,92.46,79.273,99.62,RED,4,33,1,BREAKOUT,0,0,0,1,67,fails,0,G3 leader,F:—,,shadow-screen,,RED,
2026-08-20,LIN,0,481.13,CAUTION,470.73,494.75,513.674,32.18,AMBER,2,4,0,,1,1,0,1,17,fails,0,G2 trend;G3 leader;G4 basis,F:2/3,,shadow-screen,,YELLOW,
2026-08-20,LITE,0,827.6,HOLD,707.99,744.11,871.238,54.06,RED,3,64,1,BREAKOUT,0,0,1,0,69,fails,0,G4 basis,F:2/3,,owner-request,,NEUTRAL,
2026-08-20,LLY,0,1280.34,HOLD,1183.59,1243.98,1163.06,99.9,RED,4,15,1,BREAKOUT,0,0,0,0,74,STARTER,1,,F:3/3,,owner-request,,RED,
2026-08-20,LMND,0,51.25,CAUTION,41.17,43.27,53.2151,18.95,WHITE,0,4,0,BREAKDOWN,0,1,0,0,20,fails,0,G2 trend;G3 leader;G4 basis,F:2/3,,owner-request,,NEUTRAL,
2026-08-20,LRCX,0,307.17,HOLD,291.27,306.13,314.235,54.79,RED,3,64,1,BREAKOUT,0,0,0,0,59,fails,0,G4 basis,F:3/3,,owner-request,,NEUTRAL,
2026-08-20,MA,0,573.72,ACCUMULATE,556.57,584.96,494.824,93.76,RED,4,4,1,BREAKOUT,0,0,0,1,58,fails,0,G3 leader,F:3/3,25,owner-request,21,NEUTRAL,29
2026-08-20,MCD,0,267.45,CAUTION,,,275.062,8.27,WHITE,0,21,0,,0,1,0,0,17,fails,0,G2 trend;G3 leader;G4 basis,F:2/3,,shadow-screen,,YELLOW,
2026-08-20,MCHP,0,77.08,CAUTION,73.02,76.74,78.6934,35.2,AMBER,2,2,0,,0,0,0,0,17,fails,0,G2 trend;G3 leader;G4 basis,F:2/3,,shadow-screen,,NEUTRAL,
2026-08-20,MDB,0,440.53,ACCUMULATE,427.76,449.58,322.776,96.68,RED,4,4,1,BREAKOUT,0,0,0,1,67,STARTER,1,,F:3/3,6,owner-request,10,RED,18
2026-08-20,META,0,546.03,CAUTION,522.97,549.65,604.457,7.1,WHITE,0,41,0,BREAKDOWN,1,1,0,1,5,fails,0,G1 size;G2 trend;G3 leader;G4 basis,F:2/2,,owner-request,,YELLOW,
2026-08-20,MPWR,0,1300.14,PULLBACK,1143.45,1201.79,1343.34,36.77,AMBER,2,1,1,BREAKDOWN,0,0,0,0,37,fails,0,G2 trend;G4 basis,F:3/3,,shadow-screen,,NEUTRAL,
2026-08-20,MRK,0,152.2,HOLD,131.85,138.58,120.782,99.78,RED,4,42,1,,0,0,0,0,72,STARTER,1,,F:2/3,,shadow-screen,,RED,
2026-08-20,MRVL,0,237.27,HOLD,215.66,226.67,89.2744,62.84,RED,3,26,1,INSIDE,0,0,1,0,74,STARTER,1,,F:3/3,,owner-request,,RED,
2026-08-20,MS,0,214.23,ACCUMULATE,210.98,221.75,215.288,72.47,RED,3,21,1,INSIDE,0,0,0,1,72,fails,0,G4 basis,F:2/3,,shadow-screen,,NEUTRAL,
2026-08-20,MSFT,0,484.31,ACCUMULATE,475.91,500.19,394.416,84.22,RED,4,3,1,BREAKDOWN,0,0,0,1,40,fails,0,G1 size;G3 leader,F:3/3,26,owner-request,22,NEUTRAL,17
2026-08-20,MSTR,0,104.25,CAUTION,93.03,97.77,94.9249,39.03,WHITE,0,46,0,BREAKDOWN,0,0,0,0,18,fails,0,G2 trend;G3 leader,F:0/2,,shadow-screen,,RED,
2026-08-20,MU,1,937.105,ACCUMULATE,909.66,956.07,928.221,69.46,RED,3,63,1,BREAKDOWN,0,0,0,1,70,fails,0,G1 size,F:3/3,2,holding,6,RED,3
2026-08-20,NAK,0,1.68,CAUTION,1.6,1.68,1.9759,36.11,WHITE,0,7,0,INSIDE,0,0,0,0,45,fails,0,G2 trend;G4 basis,F:1/1,,owner-request,,RED,
2026-08-20,NBIS,1,223.9,ACCUMULATE,218.01,229.14,222.464,73.17,RED,3,29,1,BREAKOUT,0,0,0,1,75,fails,0,G1 size,F:2/2,3,holding,7,NEUTRAL,4
2026-08-20,NEE,0,85.91,CAUTION,84.34,88.65,86.065,31.28,WHITE,1,2,0,INSIDE,0,0,0,1,22,fails,0,G2 trend;G3 leader;G4 basis,F:2/3,,shadow-screen,,NEUTRAL,
2026-08-20,NET,0,291.88,ACCUMULATE,278.62,292.84,198.309,86.97,RED,4,19,1,,0,0,0,1,72,STARTER,1,,F:2/2,14,owner-request,15,YELLOW,9
2026-08-20,NFLX,0,80.22,CAUTION,76.1,79.98,73.72,44.97,WHITE,0,40,0,BREAKDOWN,0,0,0,0,18,fails,0,G2 trend;G3 leader,F:2/3,,owner-request,,RED,
2026-08-20,NKE,0,41.05,CAUTION,40.95,43.04,41.7817,13.94,WHITE,0,46,0,BREAKDOWN,1,1,0,1,17,fails,0,G2 trend;G3 leader;G4 basis,F:2/3,,shadow-screen,,NEUTRAL,
2026-08-20,NOK,0,10.13,PULLBACK,9.81,10.31,10.3764,34.37,AMBER,2,1,1,BREAKOUT,0,0,0,0,62,fails,0,G2 trend;G4 basis,F:1/1,,owner-request,,NEUTRAL,
2026-08-20,NOW,0,127.2,CAUTION,120.2,126.33,102.561,88.82,WHITE,1,56,1,INSIDE,0,0,0,0,38,fails,0,G2 trend;G3 leader,F:2/3,,owner-request,,RED,
2026-08-20,NTDOY,0,13.78,BOTTOMING,12.72,13.37,11.0218,74.26,WHITE,1,37,0,BREAKOUT,0,0,0,0,40,fails,0,G2 trend;G3 leader,F:—,,owner-request,,RED,
2026-08-20,NVDA,1,217.56,HOLD,205.08,215.54,209.265,85.07,RED,4,8,1,INSIDE,0,0,0,0,45,fails,0,G1 size;G3 leader,F:3/3,,holding,,NEUTRAL,
2026-08-20,NVO,0,46.48,CAUTION,45.96,48.3,46.894,50.33,WHITE,0,4,0,BREAKDOWN,1,1,0,1,17,fails,0,G2 trend;G3 leader;G4 basis,F:—,,owner-request,,NEUTRAL,
2026-08-20,NXPI,0,226.02,CAUTION,221.96,233.28,233.417,21.65,WHITE,1,1,0,INSIDE,0,0,0,1,22,fails,0,G2 trend;G3 leader;G4 basis,F:1/2,,shadow-screen,,NEUTRAL,
2026-08-20,ON,0,76.58,CAUTION,59.69,62.73,81.6815,30.05,AMBER,2,4,0,BREAKDOWN,0,0,0,0,27,fails,0,G2 trend;G4 basis,F:2/3,,shadow-screen,,NEUTRAL,
2026-08-20,ONDS,0,8.9,CAUTION,8.8,9.25,8.9822,46.04,WHITE,1,7,1,BREAKDOWN,1,0,1,1,47,fails,0,G2 trend;G4 basis,F:1/3,,owner-request,,NEUTRAL,
2026-08-20,ONON,0,31.26,CAUTION,30.41,31.97,31.0357,9.5,WHITE,0,25,0,BREAKDOWN,1,1,0,1,25,fails,0,G2 trend;G3 leader,F:1/1,,owner-request,,YELLOW,
2026-08-20,ORCL,0,143.81,CAUTION,142.17,149.43,145.075,30.99,WHITE,0,9,0,BREAKDOWN,0,0,0,1,9,fails,0,G2 trend;G3 leader;G4 basis,F:3/3,,owner-request,,NEUTRAL,
2026-08-20,OSCR,0,32.3,HOLD,30.18,31.72,13.3673,99.03,RED,4,16,1,,0,1,0,0,75,CONVICTION,1,,F:2/2,,owner-request,,RED,
2026-08-20,OUST,0,40.06,HOLD,36.32,38.18,45.4316,53.96,RED,3,17,1,BREAKDOWN,0,0,0,0,50,fails,0,G3 leader;G4 basis,F:1/3,,owner-request,,NEUTRAL,
2026-08-20,P,0,112,ACCUMULATE,108.97,114.53,72.887,93.76,RED,4,5,1,,0,0,0,0,75,CONVICTION,1,,F:3/3,7,owner-request,26,RED,8
2026-08-20,PANW,0,359.76,ACCUMULATE,348.07,365.83,166.242,91.2,RED,4,15,1,,0,0,0,1,73,STARTER,1,,F:2/3,4,owner-request,8,YELLOW,2
2026-08-20,PEP,0,142.58,BOTTOMING,139.48,146.59,142.322,44.59,WHITE,0,13,0,BREAKOUT,0,0,0,0,32,fails,0,G2 trend;G3 leader,F:2/3,,shadow-screen,,RED,
2026-08-20,PFE,0,28.24,HOLD,24.67,25.92,25.169,99.19,RED,4,1,1,BREAKOUT,0,0,0,0,47,fails,0,G3 leader,F:2/3,,shadow-screen,,RED,
2026-08-20,PG,0,144.38,CAUTION,141.38,148.59,144.267,27.93,WHITE,1,5,0,INSIDE,1,0,1,1,27,fails,0,G2 trend;G3 leader,F:2/3,,shadow-screen,,YELLOW,
2026-08-20,PL,0,22.62,CAUTION,22.29,23.43,22.7495,24.85,WHITE,0,4,0,INSIDE,0,0,0,1,45,fails,0,G2 trend;G4 basis,F:2/2,,owner-request,,NEUTRAL,
2026-08-20,PLTR,1,175.19,ACCUMULATE,171.26,180,134.44,88.94,RED,3,1,1,,0,0,0,1,45,fails,0,G1 size;G3 leader,F:2/2,24,holding,20,RED,13
2026-08-20,QCOM,0,161.91,CAUTION,155.73,163.68,164.19,30.6,WHITE,0,4,0,INSIDE,0,0,0,1,18,fails,0,G2 trend;G3 leader;G4 basis,F:3/3,,owner-request,,NEUTRAL,
2026-08-20,QQQ,0,716.08,ACCUMULATE,703.4,739.28,717.751,76,RED,3,20,1,BREAKDOWN,0,1,0,1,40,fails,0,G1 size;G3 leader;G4 basis,F:—,20,owner-request,4,NEUTRAL,21
2026-08-20,QQQM,1,294.85,ACCUMULATE,289.58,304.35,295.486,73.28,RED,3,20,1,BREAKDOWN,0,0,0,1,52,fails,0,G3 leader;G4 basis,F:—,19,holding,17,NEUTRAL,20
2026-08-20,RBLX,0,38.69,CAUTION,36.49,38.35,37.2302,21.03,WHITE,0,37,0,INSIDE,0,0,0,0,27,fails,0,G2 trend;G3 leader,F:2/2,,owner-request,,RED,
2026-08-20,RBRK,0,99.78,HOLD,85.54,89.9,71.0023,96.49,RED,4,12,1,BREAKOUT,0,0,0,0,75,fails,0,G3 leader,F:2/2,,owner-request,,RED,
2026-08-20,RDDT,0,151.71,CAUTION,139.9,147.04,169.36,28.51,WHITE,0,4,0,BREAKDOWN,0,0,0,0,22,fails,0,G2 trend;G3 leader;G4 basis,F:2/2,,owner-request,,NEUTRAL,
2026-08-20,RKLB,0,75.84,CAUTION,66.65,70.05,68.0144,41.83,WHITE,0,2,0,BREAKDOWN,0,0,0,0,32,fails,0,G2 trend,F:1/3,,owner-request,,NEUTRAL,
2026-08-20,RTX,0,220.35,ACCUMULATE,213.94,224.85,176.086,90.55,RED,4,10,1,BREAKDOWN,0,0,0,1,67,STARTER,1,,F:2/3,,shadow-screen,,YELLOW,
2026-08-20,SATL,0,5.53,HOLD,4.43,4.66,5.7825,47.03,RED,3,1,1,INSIDE,0,0,0,0,60,fails,0,G4 basis,F:1/2,,owner-request,,RED,
2026-08-20,SCHW,0,110.88,ACCUMULATE,109.13,114.7,92.32,98.35,RED,4,7,1,INSIDE,0,0,0,0,57,fails,0,G3 leader,F:3/3,,shadow-screen,,RED,
2026-08-20,SE,0,119.1,HOLD,109.65,115.25,89.3319,73.29,RED,3,2,1,BREAKOUT,0,0,0,0,57,fails,0,G3 leader,F:2/2,,owner-request,,NEUTRAL,
2026-08-20,SHOP,0,146.58,HOLD,133.87,140.7,119.427,80.81,RED,3,2,1,BREAKDOWN,0,0,0,0,43,fails,0,G3 leader,F:2/2,,owner-request,,NEUTRAL,
2026-08-20,SMCI,0,36.58,HOLD,30.18,31.72,30.7939,75.9,RED,4,1,1,BREAKOUT,0,0,1,0,58,fails,0,G3 leader,F:3/3,,shadow-screen,,RED,
2026-08-20,SMH,0,560.92,HOLD,516.65,543.01,571.321,51.97,RED,3,63,1,BREAKDOWN,0,0,0,0,50,fails,0,G1 size;G4 basis,F:—,,owner-request,,NEUTRAL,
2026-08-20,SNDK,0,1568.87,HOLD,1366.81,1436.55,638.592,72.62,RED,3,62,1,BREAKOUT,0,0,0,0,70,fails,0,G1 size,F:3/3,,owner-request,,RED,
2026-08-20,SNOW,0,325.01,HOLD,261.89,275.25,237.448,95.2,RED,4,11,1,INSIDE,0,0,0,0,68,STARTER,1,,F:3/3,,owner-request,,NEUTRAL,
2026-08-20,SOFI,0,18.42,CAUTION,18,18.92,18.3663,69.75,WHITE,0,27,0,INSIDE,0,0,0,1,32,fails,0,G2 trend;G3 leader,F:3/3,,owner-request,,RED,
2026-08-20,SPCX,1,139.65,CAUTION,133.81,140.64,111.374,46.44,WHITE,0,7,0,,0,0,0,0,15,fails,0,G1 size;G2 trend;G3 leader;G5 data,F:—,,holding,,RED,
2026-08-20,STX,0,832.56,ACCUMULATE,794.94,835.5,866.044,60.26,RED,3,66,1,BREAKOUT,1,0,1,1,69,fails,0,G4 basis,F:3/3,,shadow-screen,,NEUTRAL,
2026-08-20,T,0,25.12,PULLBACK,24.32,25.56,23.3142,71.67,AMBER,2,1,1,INSIDE,0,0,0,1,42,fails,0,G2 trend;G3 leader,F:2/3,,shadow-screen,,RED,
2026-08-20,TE,0,4.55,CAUTION,4.49,4.72,5.9194,11.96,WHITE,0,4,0,BREAKDOWN,1,1,0,1,40,fails,0,G2 trend;G4 basis,F:2/3,,owner-request,,NEUTRAL,
2026-08-20,TEAM,0,174.23,HOLD,157.79,165.84,86.2643,97.54,RED,4,2,1,BREAKOUT,0,0,0,0,62,fails,0,G3 leader,F:2/2,,owner-request,,RED,
2026-08-20,TER,0,379.65,ACCUMULATE,369.56,388.41,359.509,68,RED,3,54,1,BREAKOUT,0,0,0,1,77,CONVICTION,1,,F:2/3,,shadow-screen,,NEUTRAL,
2026-08-20,TMC,0,3.97,CAUTION,3.84,4.04,3.9208,15.14,WHITE,0,27,0,BREAKDOWN,0,0,0,1,25,fails,0,G2 trend;G3 leader,F:1/2,,owner-request,,NEUTRAL,
2026-08-20,TMDX,0,93.97,BOTTOMING,87.03,91.47,74.8559,63.66,WHITE,1,22,0,BREAKOUT,0,1,0,0,40,fails,0,G2 trend;G3 leader,F:3/3,,owner-request,,RED,
2026-08-20,TMO,0,613.54,ACCUMULATE,587.44,617.41,472.719,96.53,RED,3,5,1,BREAKOUT,0,0,0,1,62,fails,0,G3 leader,F:2/3,,shadow-screen,,NEUTRAL,
2026-08-20,TMUS,0,182.36,CAUTION,178.79,187.91,182.438,26.77,WHITE,0,49,0,,0,0,0,1,17,fails,0,G2 trend;G3 leader;G4 basis,F:2/3,,shadow-screen,,RED,
2026-08-20,TOST,0,35.16,ACCUMULATE,34.18,35.92,28.1072,86.35,RED,3,3,1,INSIDE,0,0,0,1,65,fails,0,G3 leader,F:2/2,29,owner-request,25,NEUTRAL,15
2026-08-20,TSLA,1,351.12,BOTTOMING,334.84,351.93,397.921,25.89,WHITE,0,9,0,BREAKOUT,0,0,0,1,15,fails,0,G1 size;G2 trend;G3 leader;G4 basis,F:1/3,,holding,,RED,
2026-08-20,TSM,1,412.09,ACCUMULATE,399.18,419.54,417.813,61.11,RED,3,64,1,BREAKDOWN,0,0,0,0,55,fails,0,G1 size;G4 basis,F:3/3,9,holding,27,NEUTRAL,25
2026-08-20,TXN,0,267.45,HOLD,215.34,226.32,279.718,36.02,RED,3,20,1,BREAKDOWN,0,0,0,0,48,fails,0,G4 basis,F:3/3,,shadow-screen,,YELLOW,
2026-08-20,UBER,0,78.04,BOTTOMING,72.13,75.81,73.5988,79.01,WHITE,1,36,1,BREAKOUT,0,1,0,0,43,fails,0,G2 trend;G3 leader,F:3/3,,owner-request,,RED,
2026-08-20,UNH,0,388.61,ACCUMULATE,373.87,392.94,424.412,61.35,RED,3,16,1,BREAKDOWN,0,0,0,0,53,fails,0,G3 leader;G4 basis,F:3/3,,shadow-screen,,YELLOW,
2026-08-20,V,0,365.54,ACCUMULATE,354.05,372.12,329.468,94.07,RED,4,8,1,INSIDE,0,0,0,1,58,fails,0,G3 leader,F:0/1,23,owner-request,19,NEUTRAL,24
2026-08-20,VRT,0,261,PULLBACK,258.36,271.54,307.051,41.61,AMBER,2,1,1,BREAKDOWN,0,0,0,0,38,fails,0,G2 trend;G4 basis,F:3/3,,owner-request,,NEUTRAL,
2026-08-20,VZ,0,49.36,HOLD,46.35,48.71,47.2932,89.92,RED,4,3,1,BREAKOUT,0,0,0,0,47,fails,0,G3 leader,F:2/3,,shadow-screen,,RED,
2026-08-20,WDC,0,462.09,ACCUMULATE,456.91,480.22,537.498,52.24,RED,3,64,1,BREAKOUT,1,1,0,1,64,fails,0,G4 basis,F:3/3,,shadow-screen,,NEUTRAL,
2026-08-20,WFC,0,85.94,ACCUMULATE,82.28,86.47,87.0812,61.3,RED,3,7,1,BREAKDOWN,0,0,0,0,47,fails,0,G3 leader;G4 basis,F:2/3,,shadow-screen,,YELLOW,
2026-08-20,WMT,0,114.3,CAUTION,112.45,118.19,114.745,37.84,WHITE,0,7,1,INSIDE,0,0,0,1,28,fails,0,G2 trend;G3 leader;G4 basis,F:2/3,,shadow-screen,,RED,
2026-08-20,XOM,0,164.77,ACCUMULATE,161.21,169.43,153.104,96.31,RED,4,6,1,BREAKOUT,0,0,0,1,58,fails,1,,F:—,,shadow-screen,,RED,
2026-08-20,ZETA,0,28.79,ACCUMULATE,28.38,29.83,18.4446,96.82,RED,4,13,1,INSIDE,0,0,0,1,80,CONVICTION,1,,F:2/2,13,owner-request,14,RED,7
2026-08-20,ZS,0,184.6,CAUTION,181.92,191.2,146.806,84.18,WHITE,1,37,1,,0,0,0,1,40,fails,0,G2 trend;G3 leader,F:3/3,,owner-request,,RED,
2026-08-21,0700,0,447,CAUTION,433.15,455.25,466.711,25.09,WHITE,0,27,0,INSIDE,0,0,0,1,10,fails,0,G1 size;G2 trend;G3 leader;G4 basis,F:—,,owner-request,,YELLOW,
2026-08-21,1810,0,28.38,BOTTOMING,27.02,28.4,27.5733,43.39,WHITE,0,45,0,BREAKOUT,0,0,0,1,20,fails,0,G1 size;G2 trend;G3 leader,F:—,,owner-request,,RED,
2026-08-21,3690,0,83.95,CAUTION,84.06,88.35,85.7771,47.21,WHITE,0,70,0,,0,0,0,1,9,fails,0,G2 trend;G3 leader;G4 basis,F:—,,owner-request,,YELLOW,
2026-08-21,9992,1,147.1,CAUTION,132.32,139.07,154.259,5.18,WHITE,0,25,0,BREAKDOWN,0,1,0,0,13,fails,0,G2 trend;G3 leader;G4 basis,F:—,,holding,,YELLOW,
2026-08-21,AAL,0,13.52,CAUTION,11.89,12.5,15.1365,29.61,WHITE,1,1,0,BREAKDOWN,0,0,0,0,17,fails,0,G2 trend;G3 leader;G4 basis,F:2/3,,shadow-screen,,YELLOW,
2026-08-21,AAOI,0,129.1,HOLD,112.38,118.11,134.022,44.57,RED,3,3,1,BREAKDOWN,0,0,0,0,58,fails,0,G4 basis,F:1/3,,owner-request,,NEUTRAL,
2026-08-21,AAPL,1,311.3,ACCUMULATE,304.38,319.91,310.592,80.07,RED,3,21,1,INSIDE,1,1,1,1,50,fails,0,G1 size;G3 leader,F:2/3,16,holding,1,NEUTRAL,24
2026-08-21,ABBV,0,261.83,HOLD,244.27,256.73,249.255,96.83,RED,4,11,1,BREAKOUT,0,0,0,0,62,fails,0,G3 leader,F:2/3,,shadow-screen,,RED,
2026-08-21,ABCL,0,11.57,HOLD,10.75,11.3,4.0517,97.44,RED,4,17,1,BREAKOUT,0,0,0,0,90,CONVICTION,1,,F:2/3,,owner-request,,RED,
2026-08-21,ABT,0,114.14,ACCUMULATE,112.27,118,88.7909,87.48,RED,3,1,1,,0,0,0,1,52,fails,0,G3 leader,F:2/2,,shadow-screen,,RED,
2026-08-21,ACN,0,181.35,BOTTOMING,173.21,182.05,126.877,64.83,WHITE,0,30,0,BREAKOUT,1,0,1,1,27,fails,0,G2 trend;G3 leader,F:1/2,,shadow-screen,,RED,
2026-08-21,ADBE,0,272.22,CAUTION,246.64,259.23,251.675,80.09,WHITE,1,89,0,,0,0,0,0,27,fails,0,G2 trend;G3 leader,F:3/3,,owner-request,,RED,
2026-08-21,ADI,0,370.24,HOLD,343.86,361.41,392.536,39.67,RED,3,41,1,BREAKDOWN,0,0,0,0,52,fails,0,G4 basis,F:3/3,,shadow-screen,,NEUTRAL,
2026-08-21,AEHR,0,105.97,HOLD,95.2,100.05,97.1402,83.34,RED,4,60,1,,0,0,0,0,80,CONVICTION,1,,F:1/3,,owner-request,,NEUTRAL,
2026-08-21,AFRM,0,75.05,ACCUMULATE,72.26,75.94,73.7316,69.89,RED,3,13,1,BREAKDOWN,0,0,0,1,65,fails,0,G3 leader,F:2/2,27,owner-request,21,NEUTRAL,10
2026-08-21,ALAB,0,290.52,HOLD,207.63,218.22,123.076,54.29,RED,3,18,1,BREAKDOWN,0,0,0,0,67,STARTER,1,,F:3/3,,owner-request,,YELLOW,
2026-08-21,AMAT,0,496.21,ACCUMULATE,481.91,506.5,541.891,52.6,RED,3,49,1,BREAKOUT,0,0,0,1,64,fails,0,G4 basis,F:2/3,6,owner-request,9,YELLOW,16
2026-08-21,AMD,1,469.455,HOLD,246.15,258.71,215.827,63.11,RED,3,23,1,BREAKDOWN,0,0,0,0,65,fails,0,G1 size,F:3/3,,holding,,YELLOW,
2026-08-21,AMZN,0,260.11,ACCUMULATE,248.69,261.38,229.756,74.12,RED,4,4,1,INSIDE,0,0,0,0,50,fails,0,G1 size;G3 leader,F:3/3,22,owner-request,33,YELLOW,20
2026-08-21,ANET,0,183.75,ACCUMULATE,181.34,190.6,143.099,84.96,RED,4,19,1,BREAKOUT,0,0,0,1,58,fails,0,G3 leader,F:3/3,15,owner-request,14,YELLOW,17
2026-08-21,APH,0,153.11,HOLD,144.19,151.55,147.137,64.5,RED,4,13,1,BREAKDOWN,0,0,0,0,52,fails,0,G3 leader,F:3/3,,shadow-screen,,YELLOW,
2026-08-21,APP,0,308.77,CAUTION,306.68,322.32,312.934,4.38,WHITE,0,6,0,INSIDE,1,1,0,1,18,fails,0,G2 trend;G3 leader;G4 basis,F:2/2,,owner-request,,YELLOW,
2026-08-21,ARM,0,250.72,ACCUMULATE,246.27,258.83,210.673,50.6,RED,3,20,1,BREAKDOWN,0,0,0,1,77,CONVICTION,1,,F:3/3,9,owner-request,11,NEUTRAL,7
2026-08-21,ASML,0,1750.31,HOLD,1659.2,1743.85,1788.54,67.67,RED,3,53,1,BREAKDOWN,0,0,0,0,63,fails,0,G4 basis,F:1/1,,owner-request,,NEUTRAL,
2026-08-21,ASTS,0,65.06,CAUTION,56.32,59.2,69.5636,19.1,WHITE,0,6,0,BREAKDOWN,0,0,0,0,27,fails,0,G2 trend;G4 basis,F:0/2,,owner-request,,NEUTRAL,
2026-08-21,AVGO,0,364.03,PULLBACK,331.4,348.31,379.737,35.43,AMBER,2,1,1,BREAKDOWN,0,0,0,0,15,fails,0,G1 size;G2 trend;G3 leader;G4 basis,F:3/3,,owner-request,,YELLOW,
2026-08-21,AXON,0,614.26,ACCUMULATE,595.91,626.31,393.819,86.43,RED,3,3,1,,0,0,0,1,57,fails,0,G3 leader,F:3/3,33,owner-request,27,RED,13
2026-08-21,AXP,0,331.15,PULLBACK,307.38,323.06,341.473,45.65,AMBER,2,1,1,BREAKDOWN,0,0,1,0,27,fails,0,G2 trend;G3 leader;G4 basis,F:2/3,,shadow-screen,,YELLOW,
2026-08-21,AXTI,0,73.12,ACCUMULATE,71.28,74.92,64.4517,58.77,RED,3,3,1,BREAKDOWN,1,0,1,1,72,STARTER,1,,F:0/3,2,owner-request,2,NEUTRAL,1
2026-08-21,AZO,0,2961.99,CAUTION,2710.1,2848.37,3077.93,4.55,WHITE,0,27,0,BREAKDOWN,0,0,0,0,17,fails,0,G2 trend;G3 leader;G4 basis,F:2/3,,shadow-screen,,YELLOW,
2026-08-21,BA,0,215.1,CAUTION,203.51,213.89,217.965,28.61,WHITE,1,1,0,BREAKDOWN,0,0,0,0,17,fails,0,G2 trend;G3 leader;G4 basis,F:2/3,,shadow-screen,,YELLOW,
2026-08-21,BAC,0,61.86,ACCUMULATE,60.47,63.56,52.31,85.42,RED,4,12,1,BREAKDOWN,0,0,0,0,53,fails,0,G3 leader,F:2/3,,shadow-screen,,YELLOW,
2026-08-21,BB,0,8.14,HOLD,6.08,6.39,8.9098,37.79,RED,3,18,1,BREAKDOWN,0,0,0,0,70,fails,0,G4 basis,F:2/3,,owner-request,,YELLOW,
2026-08-21,BE,0,202.48,PULLBACK,163.65,172,212.704,41.07,AMBER,2,1,1,BREAKDOWN,0,0,0,0,44,fails,0,G2 trend;G4 basis,F:0/1,,shadow-screen,,NEUTRAL,
2026-08-21,BKNG,0,209.87,HOLD,196.49,206.51,168.127,87.83,RED,3,3,1,BREAKDOWN,0,0,0,0,52,fails,0,G3 leader,F:2/3,,shadow-screen,,NEUTRAL,
2026-08-21,BSX,0,49.37,BOTTOMING,47.36,49.78,44.6055,44.37,WHITE,0,38,0,BREAKOUT,0,0,0,0,32,fails,0,G2 trend;G3 leader,F:3/3,,shadow-screen,,NEUTRAL,
2026-08-21,C,0,129.67,ACCUMULATE,126.62,133.08,132.864,54.1,RED,3,23,1,BREAKDOWN,0,0,0,0,57,fails,0,G4 basis,F:2/3,,shadow-screen,,YELLOW,
2026-08-21,CAT,0,815.39,ACCUMULATE,794.79,835.34,887.084,38.63,RED,3,61,1,BREAKDOWN,0,0,0,1,58,fails,0,G4 basis,F:2/3,,shadow-screen,,NEUTRAL,
2026-08-21,CAVA,0,72.03,CAUTION,70.04,73.61,63.1027,51.74,WHITE,1,5,0,,0,0,0,1,30,fails,0,G2 trend;G3 leader,F:3/3,,owner-request,,RED,
2026-08-21,CBRS,0,209.85,CAUTION,204.56,215,223.77,34.92,WHITE,0,15,0,,0,0,0,0,18,fails,0,G2 trend;G3 leader;G4 basis;G5 data,F:—,,shadow-screen,,YELLOW,
2026-08-21,CDE,0,21.11,BOTTOMING,20.59,21.64,16.2809,91.21,WHITE,1,12,1,BREAKOUT,0,0,0,1,62,fails,0,G2 trend,F:2/3,,owner-request,,RED,
2026-08-21,CEG,0,272.92,BOTTOMING,265.21,278.75,270.626,43.9,WHITE,0,30,0,BREAKOUT,0,0,0,1,32,fails,0,G2 trend;G3 leader,F:2/3,,shadow-screen,,YELLOW,
2026-08-21,CIEN,0,392.48,PULLBACK,333.61,350.63,440.28,40.75,AMBER,2,1,1,BREAKDOWN,0,0,0,0,52,fails,0,G2 trend;G4 basis,F:3/3,,shadow-screen,,NEUTRAL,
2026-08-21,CIFR,0,17.21,CAUTION,16.78,17.63,17.6168,36.15,AMBER,2,3,0,,1,1,0,1,37,fails,0,G2 trend;G4 basis,F:2/3,,owner-request,,YELLOW,
2026-08-21,COHR,0,290.03,PULLBACK,277.47,291.63,324.506,40.9,AMBER,2,1,1,BREAKDOWN,1,0,1,1,48,fails,0,G2 trend;G4 basis,F:2/3,,shadow-screen,,YELLOW,
2026-08-21,COIN,0,172.35,BOTTOMING,167.55,176.1,150.316,47.86,WHITE,0,38,0,BREAKOUT,0,0,0,1,32,fails,0,G2 trend;G3 leader,F:1/2,,owner-request,,RED,
2026-08-21,COST,0,933.51,CAUTION,908.34,954.68,955.627,23.77,WHITE,1,7,0,BREAKDOWN,0,0,0,0,13,fails,0,G2 trend;G3 leader;G4 basis,F:2/3,,owner-request,,YELLOW,
2026-08-21,CRCL,0,83.66,CAUTION,80.43,84.54,63.3924,50.87,WHITE,0,11,0,BREAKDOWN,1,1,1,1,32,fails,0,G2 trend;G3 leader,F:2/2,,shadow-screen,,RED,
2026-08-21,CRDO,0,231.35,HOLD,215.09,226.07,247.119,65.49,RED,3,18,1,BREAKDOWN,0,0,0,0,67,fails,0,G4 basis,F:3/3,,owner-request,,NEUTRAL,
2026-08-21,CRM,0,205.43,CAUTION,188.22,197.82,185.994,85.59,WHITE,1,75,1,,0,0,0,0,33,fails,0,G2 trend;G3 leader,F:2/3,,owner-request,,RED,
2026-08-21,CRWD,0,190.34,ACCUMULATE,185.38,194.84,102.282,80.77,RED,4,15,1,BREAKDOWN,0,0,0,0,73,STARTER,1,,F:2/2,10,owner-request,28,YELLOW,9
2026-08-21,CRWV,0,89.76,CAUTION,88.62,93.15,90.4324,37.88,WHITE,1,1,0,BREAKDOWN,0,0,0,1,18,fails,0,G2 trend;G3 leader;G4 basis,F:2/2,,owner-request,,NEUTRAL,
2026-08-21,CSCO,0,109.59,HOLD,89.92,94.5,77.9846,43.6,RED,3,69,1,,0,0,0,0,58,fails,1,,F:2/3,,shadow-screen,,YELLOW,
2026-08-21,CSPX,1,832.79,ACCUMULATE,817.47,859.17,805.023,92.92,RED,4,20,1,BREAKDOWN,0,0,0,1,60,fails,0,G3 leader,F:—,20,holding,15,RED,31
2026-08-21,CVX,0,205.77,ACCUMULATE,201.99,212.29,189.924,95.58,RED,4,6,1,BREAKOUT,0,0,0,1,58,fails,1,,F:1/3,,shadow-screen,,RED,
2026-08-21,D05,0,76.2,ACCUMULATE,74.52,78.32,57.6073,96.74,RED,4,70,1,BREAKOUT,0,0,0,1,75,CONVICTION,1,,F:—,13,owner-request,13,NEUTRAL,15
2026-08-21,DDOG,1,232.55,ACCUMULATE,229.23,240.93,125.934,61.24,RED,3,16,1,BREAKOUT,1,1,0,1,77,CONVICTION,1,,F:2/2,12,holding,5,YELLOW,8
2026-08-21,DELL,0,434.78,HOLD,407.46,428.25,119.097,82.24,RED,4,25,1,BREAKOUT,0,0,0,0,73,STARTER,1,,F:2/2,,owner-request,,YELLOW,
2026-08-21,DRAM,1,57.58,CAUTION,56.5,59.38,54.43,54.71,AMBER,2,5,0,,1,0,1,1,39,fails,0,G2 trend;G5 data,F:—,,holding,,RED,
2026-08-21,DUOL,0,147.03,CAUTION,128.52,135.08,98.8507,80.01,WHITE,1,54,0,,0,0,0,0,35,fails,0,G2 trend;G3 leader,F:2/2,,owner-request,,RED,
2026-08-21,ETHA,0,17.55,BOTTOMING,17.2,18.08,14.3238,70.02,WHITE,1,38,1,BREAKOUT,0,0,0,1,52,fails,0,G2 trend;G3 leader,F:1/2,,owner-request,,RED,
2026-08-21,ETN,0,415.29,ACCUMULATE,397.31,417.58,405.419,80.01,RED,4,24,1,BREAKDOWN,0,0,0,0,57,fails,0,G3 leader,F:3/3,,shadow-screen,,YELLOW,
2026-08-21,FCX,0,71.22,ACCUMULATE,67.93,71.39,62.1905,99.17,RED,4,5,1,BREAKOUT,0,0,0,1,77,CONVICTION,1,,F:2/3,,shadow-screen,,RED,
2026-08-21,GE,0,344.64,ACCUMULATE,336.57,353.74,284.854,66.64,RED,4,13,1,BREAKDOWN,0,0,0,0,57,fails,0,G3 leader,F:3/3,,shadow-screen,,YELLOW,
2026-08-21,GEV,0,966.01,HOLD,876.29,921,1065.33,46.64,RED,3,72,1,BREAKDOWN,0,0,0,0,53,fails,0,G4 basis,F:2/3,,shadow-screen,,YELLOW,
2026-08-21,GLW,0,151.45,PULLBACK,140.52,147.69,159.819,34.97,AMBER,2,1,1,BREAKDOWN,0,0,0,0,43,fails,0,G2 trend;G4 basis,F:1/1,,shadow-screen,,NEUTRAL,
2026-08-21,GOOG,1,338.2,HOLD,313.8,329.81,341.604,45.66,RED,3,4,1,INSIDE,0,0,0,0,40,fails,0,G1 size;G4 basis,F:2/2,,holding,,YELLOW,
2026-08-21,GOOGL,0,340.67,HOLD,311.45,327.34,344.911,48.97,RED,3,4,1,INSIDE,0,0,0,0,40,fails,0,G1 size;G4 basis,F:2/2,,owner-request,,YELLOW,
2026-08-21,GRAB,0,3.51,CAUTION,3.55,3.73,3.6237,30.12,WHITE,0,33,0,INSIDE,1,0,1,1,25,fails,0,G2 trend;G3 leader;G4 basis,F:2/2,,owner-request,,YELLOW,
2026-08-21,GS,0,1001.95,HOLD,912.68,959.24,1040.82,52.34,RED,3,21,1,BREAKDOWN,0,0,0,0,48,fails,0,G4 basis,F:2/2,,shadow-screen,,YELLOW,
2026-08-21,HD,0,334.49,CAUTION,327.05,343.74,333.725,38.7,WHITE,0,25,0,BREAKDOWN,0,0,0,1,22,fails,0,G2 trend;G3 leader,F:2/3,,shadow-screen,,YELLOW,
2026-08-21,HIMS,0,31.86,HOLD,28.77,30.24,29.3603,68.72,RED,3,1,1,BREAKDOWN,0,0,0,0,55,fails,0,G3 leader,F:2/2,,owner-request,,RED,
2026-08-21,HON,0,218.32,CAUTION,210.2,220.92,224.045,14.38,AMBER,2,1,0,BREAKDOWN,0,0,1,0,17,fails,0,G2 trend;G3 leader;G4 basis,F:2/3,,shadow-screen,,YELLOW,
2026-08-21,HOOD,0,95.1,ACCUMULATE,91.34,96,76.046,57.4,RED,3,3,1,INSIDE,0,0,0,1,53,fails,0,G3 leader,F:2/2,31,owner-request,25,RED,21
2026-08-21,IBIT,0,41.2,BOTTOMING,39.68,41.7,36.3375,60.93,WHITE,1,40,0,BREAKOUT,0,0,0,1,38,fails,0,G2 trend;G3 leader,F:1/2,,owner-request,,RED,
2026-08-21,IBM,0,233.69,CAUTION,230.61,242.37,235.313,41.53,WHITE,0,6,0,,0,0,0,1,13,fails,0,G2 trend;G3 leader;G4 basis,F:2/3,,shadow-screen,,NEUTRAL,
2026-08-21,ICE,0,158.61,BOTTOMING,152.24,160.01,155.347,76.18,WHITE,1,28,1,BREAKOUT,0,0,0,1,47,fails,0,G2 trend;G3 leader,F:2/3,,owner-request,,RED,
2026-08-21,IGV,0,101.91,ACCUMULATE,100.28,105.4,92.8767,85.86,RED,3,3,1,INSIDE,0,0,0,1,62,fails,0,G3 leader,F:—,29,owner-request,23,YELLOW,22
2026-08-21,INTC,0,92.13,ACCUMULATE,90.12,94.72,97.1535,43.74,RED,3,53,1,BREAKDOWN,0,0,0,1,60,fails,0,G1 size;G4 basis,F:1/3,4,owner-request,7,NEUTRAL,5
2026-08-21,INTU,0,361.87,BOTTOMING,346.26,363.93,311.263,64.4,WHITE,0,46,0,BREAKOUT,0,0,0,1,37,fails,0,G2 trend;G3 leader,F:3/3,,shadow-screen,,RED,
2026-08-21,IONQ,0,41.53,BOTTOMING,39.96,42,43.5,35.28,WHITE,0,6,0,BREAKOUT,0,0,0,1,32,fails,0,G2 trend;G3 leader;G4 basis,F:1/3,,shadow-screen,,NEUTRAL,
2026-08-21,IOT,0,38.98,ACCUMULATE,38.61,40.58,37.1655,86.54,RED,4,4,1,INSIDE,0,0,0,1,65,fails,0,G3 leader,F:2/2,21,owner-request,16,YELLOW,12
2026-08-21,IREN,0,42.6,CAUTION,40.95,43.04,40.5252,43.29,WHITE,0,6,1,BREAKDOWN,0,0,0,1,48,fails,0,G2 trend,F:2/2,,owner-request,,RED,
2026-08-21,ISRG,0,374.48,CAUTION,366.93,385.65,403.484,23.02,WHITE,0,29,0,BREAKDOWN,0,0,0,1,17,fails,0,G2 trend;G3 leader;G4 basis,F:3/3,,shadow-screen,,NEUTRAL,
2026-08-21,IWM,0,297.67,ACCUMULATE,289.11,303.87,295.015,88.99,RED,3,21,1,BREAKDOWN,0,0,0,0,45,fails,0,G1 size;G3 leader,F:—,17,owner-request,30,YELLOW,32
2026-08-21,JNJ,0,267.37,ACCUMULATE,261.51,274.86,229.509,95.15,RED,4,58,1,,0,0,0,1,63,STARTER,1,,F:2/3,,shadow-screen,,RED,
2026-08-21,JPM,0,351.55,ACCUMULATE,340.76,358.14,310.141,87.65,RED,4,12,1,BREAKDOWN,0,0,0,0,53,fails,0,G3 leader,F:2/3,19,owner-request,32,YELLOW,29
2026-08-21,KLAC,0,185.86,PULLBACK,177.86,186.93,181.489,45.74,AMBER,2,1,1,BREAKOUT,0,0,0,0,48,fails,0,G2 trend,F:2/3,,owner-request,,NEUTRAL,
2026-08-21,KO,0,90.5,ACCUMULATE,87.89,92.37,78.9306,99.12,RED,4,33,1,BREAKOUT,0,0,0,1,67,fails,0,G3 leader,F:—,,shadow-screen,,RED,
2026-08-21,LIN,0,481.29,CAUTION,470.73,494.75,480.339,31.99,AMBER,2,4,0,,1,1,0,1,22,fails,0,G2 trend;G3 leader,F:2/3,,shadow-screen,,YELLOW,
2026-08-21,LITE,0,879.28,ACCUMULATE,845.24,888.36,862.485,71.06,RED,3,64,1,BREAKOUT,1,0,1,1,84,CONVICTION,1,,F:2/3,3,owner-request,3,RED,14
2026-08-21,LLY,0,1244.4,HOLD,1183.59,1243.98,1163.06,97.52,RED,4,15,1,BREAKOUT,0,0,0,0,69,STARTER,1,,F:3/3,,owner-request,,RED,
2026-08-21,LMND,0,50.71,CAUTION,41.17,43.27,53.2151,15.83,WHITE,0,4,0,BREAKDOWN,0,0,0,0,20,fails,0,G2 trend;G3 leader;G4 basis,F:2/3,,owner-request,,NEUTRAL,
2026-08-21,LRCX,0,310.53,HOLD,291.27,306.13,314.235,57.05,RED,3,64,1,BREAKOUT,0,0,0,0,59,fails,0,G4 basis,F:3/3,,owner-request,,NEUTRAL,
2026-08-21,MA,0,573.85,ACCUMULATE,556.57,584.96,494.824,93.24,RED,4,4,1,BREAKOUT,0,0,0,1,58,fails,0,G3 leader,F:3/3,28,owner-request,22,NEUTRAL,33
2026-08-21,MCD,0,269.13,CAUTION,263.48,276.92,268.859,16.89,WHITE,0,21,0,,1,1,0,1,22,fails,0,G2 trend;G3 leader,F:2/3,,shadow-screen,,YELLOW,
2026-08-21,MCHP,0,75.81,CAUTION,73.02,76.74,78.6934,31.32,AMBER,2,2,0,INSIDE,0,0,0,0,22,fails,0,G2 trend;G3 leader;G4 basis,F:2/3,,shadow-screen,,NEUTRAL,
2026-08-21,MDB,0,420.37,ACCUMULATE,409.19,430.06,322.776,90.9,RED,4,4,1,BREAKOUT,0,0,0,1,67,STARTER,1,,F:3/3,7,owner-request,10,NEUTRAL,26
2026-08-21,META,0,545.83,CAUTION,534.53,561.81,604.457,7.79,WHITE,0,41,0,BREAKDOWN,0,0,0,1,5,fails,0,G1 size;G2 trend;G3 leader;G4 basis,F:2/2,,owner-request,,YELLOW,
2026-08-21,MPWR,0,1310.6,PULLBACK,1143.45,1201.79,1343.34,38.53,AMBER,2,1,1,BREAKDOWN,0,0,0,0,37,fails,0,G2 trend;G4 basis,F:3/3,,shadow-screen,,YELLOW,
2026-08-21,MRK,0,148.99,HOLD,131.88,138.61,120.8,96.48,RED,4,42,1,,0,0,0,0,72,STARTER,1,,F:2/3,,shadow-screen,,RED,
2026-08-21,MRVL,0,251.01,HOLD,215.66,226.67,89.2744,65.54,RED,3,26,1,BREAKOUT,0,0,1,0,79,CONVICTION,1,,F:3/3,,owner-request,,RED,
2026-08-21,MS,0,207.45,ACCUMULATE,197.68,207.77,215.288,56.36,RED,3,21,1,BREAKDOWN,0,0,0,0,57,fails,0,G4 basis,F:2/3,,shadow-screen,,YELLOW,
2026-08-21,MSFT,0,481.15,ACCUMULATE,473.12,497.25,394.416,82.02,RED,4,3,1,INSIDE,0,0,0,1,45,fails,0,G1 size;G3 leader,F:3/3,30,owner-request,24,YELLOW,23
2026-08-21,MSTR,0,112.39,CAUTION,110.33,115.96,94.9249,40.76,WHITE,0,46,0,BREAKDOWN,0,0,0,1,18,fails,0,G2 trend;G3 leader,F:0/2,,shadow-screen,,RED,
2026-08-21,MU,1,974.33,HOLD,909.66,956.07,928.221,79.04,RED,3,63,1,INSIDE,0,0,0,0,70,fails,0,G1 size,F:3/3,,holding,,RED,
2026-08-21,NAK,0,1.66,CAUTION,1.62,1.7,1.9759,34.15,WHITE,0,7,0,BREAKDOWN,0,0,0,1,40,fails,0,G2 trend;G4 basis,F:1/1,,owner-request,,RED,
2026-08-21,NBIS,1,220.11,ACCUMULATE,215.68,226.69,220.083,70.84,RED,3,29,1,BREAKOUT,0,0,0,1,75,fails,0,G1 size,F:2/2,5,holding,8,NEUTRAL,6
2026-08-21,NEE,0,85.03,CAUTION,78.87,82.89,86.065,22.38,WHITE,1,2,0,BREAKDOWN,0,0,0,0,17,fails,0,G2 trend;G3 leader;G4 basis,F:2/3,,shadow-screen,,YELLOW,
2026-08-21,NET,0,278.91,ACCUMULATE,266.58,280.18,198.309,80.71,RED,4,19,1,BREAKOUT,0,0,0,0,82,CONVICTION,1,,F:2/2,14,owner-request,29,YELLOW,11
2026-08-21,NFLX,0,80.14,CAUTION,76.1,79.98,73.72,45.01,WHITE,0,40,0,BREAKDOWN,0,0,0,0,18,fails,0,G2 trend;G3 leader,F:2/3,,owner-request,,RED,
2026-08-21,NKE,0,40.21,CAUTION,,,41.7817,3.18,WHITE,0,46,0,BREAKDOWN,0,1,0,0,17,fails,0,G2 trend;G3 leader;G4 basis,F:2/3,,shadow-screen,,YELLOW,
2026-08-21,NOK,0,10.15,PULLBACK,9.81,10.31,10.3764,36.82,AMBER,2,1,1,BREAKOUT,0,0,0,1,62,fails,0,G2 trend;G4 basis,F:1/1,,owner-request,,NEUTRAL,
2026-08-21,NOW,0,129.75,BOTTOMING,120.2,126.33,102.561,89.52,WHITE,1,56,1,BREAKOUT,0,0,0,0,43,fails,0,G2 trend;G3 leader,F:2/3,,owner-request,,RED,
2026-08-21,NTDOY,0,13.62,BOTTOMING,12.72,13.37,11.0218,71.11,WHITE,1,37,0,BREAKOUT,0,0,0,0,40,fails,0,G2 trend;G3 leader,F:—,,owner-request,,RED,
2026-08-21,NVDA,1,216.85,HOLD,205.08,215.54,209.265,84.83,RED,4,8,1,INSIDE,0,0,0,0,45,fails,0,G1 size;G3 leader,F:3/3,,holding,,NEUTRAL,
2026-08-21,NVO,0,46.14,CAUTION,45.96,48.3,46.894,50.33,WHITE,0,4,0,BREAKDOWN,1,1,0,1,17,fails,0,G2 trend;G3 leader;G4 basis,F:—,,owner-request,,YELLOW,
2026-08-21,NXPI,0,222.97,CAUTION,189.7,199.38,233.417,17.91,WHITE,1,1,0,BREAKDOWN,0,0,0,0,17,fails,0,G2 trend;G3 leader;G4 basis,F:1/2,,shadow-screen,,NEUTRAL,
2026-08-21,ON,0,74.71,CAUTION,59.69,62.73,81.6815,29.16,AMBER,2,4,0,BREAKDOWN,0,0,0,0,27,fails,0,G2 trend;G4 basis,F:2/3,,shadow-screen,,NEUTRAL,
2026-08-21,ONDS,0,8.38,CAUTION,7.46,7.84,8.9822,37.44,WHITE,0,7,0,BREAKDOWN,0,0,0,0,37,fails,0,G2 trend;G4 basis,F:1/3,,owner-request,,YELLOW,
2026-08-21,ONON,0,29.9,CAUTION,,,31.0357,0.31,WHITE,0,25,0,BREAKDOWN,0,1,0,0,20,fails,0,G2 trend;G3 leader;G4 basis,F:1/1,,owner-request,,YELLOW,
2026-08-21,ORCL,0,142.07,CAUTION,128.21,134.75,145.075,25.32,WHITE,0,9,0,BREAKDOWN,0,0,0,0,9,fails,0,G2 trend;G3 leader;G4 basis,F:3/3,,owner-request,,NEUTRAL,
2026-08-21,OSCR,0,31.57,ACCUMULATE,30.63,32.19,13.4434,95.73,RED,4,16,1,,0,1,0,1,80,CONVICTION,1,,F:2/2,8,owner-request,4,RED,3
2026-08-21,OUST,0,37.95,HOLD,33.34,35.04,45.4316,49.39,RED,3,17,1,BREAKDOWN,0,0,0,0,50,fails,0,G3 leader;G4 basis,F:1/3,,owner-request,,YELLOW,
2026-08-21,P,0,109.98,HOLD,85.5,89.86,73.1784,91.91,RED,4,5,1,,0,0,0,0,70,STARTER,1,,F:3/3,,owner-request,,RED,
2026-08-21,PANW,0,349.56,HOLD,317.82,334.04,166.726,84.74,RED,4,15,1,,0,0,0,0,68,STARTER,1,,F:2/3,,owner-request,,YELLOW,
2026-08-21,PEP,0,142.08,BOTTOMING,139.48,146.59,142.322,40.35,WHITE,0,13,0,BREAKOUT,0,0,0,1,27,fails,0,G2 trend;G3 leader;G4 basis,F:2/3,,shadow-screen,,RED,
2026-08-21,PFE,0,27.79,HOLD,24.67,25.92,25.169,95.57,RED,4,1,1,INSIDE,0,0,0,0,52,fails,0,G3 leader,F:2/3,,shadow-screen,,RED,
2026-08-21,PG,0,142.97,CAUTION,132.34,139.09,144.267,12.14,WHITE,0,5,0,INSIDE,0,0,1,0,22,fails,0,G2 trend;G3 leader;G4 basis,F:2/3,,shadow-screen,,YELLOW,
2026-08-21,PL,0,22.17,CAUTION,19.84,20.85,22.7495,22.93,WHITE,0,4,0,BREAKDOWN,0,0,0,0,40,fails,0,G2 trend;G4 basis,F:2/2,,owner-request,,NEUTRAL,
2026-08-21,PLTR,1,173.96,ACCUMULATE,171.26,180,134.44,86.31,RED,3,1,1,INSIDE,0,0,0,1,50,fails,0,G1 size;G3 leader,F:2/2,23,holding,17,RED,18
2026-08-21,QCOM,0,160.74,CAUTION,155.73,163.68,164.19,29.05,WHITE,0,4,0,BREAKDOWN,0,0,0,1,13,fails,0,G2 trend;G3 leader;G4 basis,F:3/3,,owner-request,,NEUTRAL,
2026-08-21,QQQ,0,710.93,ACCUMULATE,679.17,713.82,717.751,70.87,RED,3,20,1,BREAKDOWN,0,0,0,0,40,fails,0,G1 size;G3 leader;G4 basis,F:—,18,owner-request,31,NEUTRAL,27
2026-08-21,QQQM,1,292.79,HOLD,271.29,285.13,295.486,67.96,RED,3,20,1,BREAKDOWN,0,0,0,0,47,fails,0,G3 leader;G4 basis,F:—,,holding,,NEUTRAL,
2026-08-21,RBLX,0,38.63,CAUTION,36.49,38.35,37.2302,21.69,WHITE,0,37,0,INSIDE,0,0,0,0,27,fails,0,G2 trend;G3 leader,F:2/2,,owner-request,,RED,
2026-08-21,RBRK,0,97.52,HOLD,85.54,89.9,71.6537,92.77,RED,4,12,1,BREAKOUT,0,0,0,0,75,fails,0,G3 leader,F:2/2,,owner-request,,RED,
2026-08-21,RDDT,0,150.31,CAUTION,143.91,151.25,169.36,26.66,WHITE,0,4,0,BREAKDOWN,0,0,0,1,22,fails,0,G2 trend;G3 leader;G4 basis,F:2/2,,owner-request,,YELLOW,
2026-08-21,RKLB,0,72.95,CAUTION,66.65,70.05,68.0144,37.77,WHITE,0,2,0,BREAKDOWN,0,0,0,0,37,fails,0,G2 trend,F:1/3,,owner-request,,NEUTRAL,
2026-08-21,RTX,0,212.29,ACCUMULATE,207.47,218.06,176.086,81.39,RED,4,10,1,BREAKDOWN,0,0,0,0,57,fails,0,G3 leader,F:2/3,,shadow-screen,,YELLOW,
2026-08-21,SATL,0,5.3,PULLBACK,5.19,5.46,5.7825,43.09,AMBER,2,3,1,BREAKDOWN,0,0,0,1,45,fails,0,G2 trend;G4 basis,F:1/2,,owner-request,,NEUTRAL,
2026-08-21,SCHW,0,109.79,ACCUMULATE,104.74,110.09,92.32,96.44,RED,4,7,1,INSIDE,0,0,0,1,57,fails,0,G3 leader,F:3/3,,shadow-screen,,NEUTRAL,
2026-08-21,SE,0,117.24,HOLD,109.65,115.25,89.3319,71.13,RED,3,2,1,BREAKOUT,0,0,0,0,57,fails,0,G3 leader,F:2/2,,owner-request,,YELLOW,
2026-08-21,SHOP,0,147.18,ACCUMULATE,145.53,152.95,119.427,82.85,RED,3,2,1,INSIDE,0,0,0,1,53,fails,0,G3 leader,F:2/2,25,owner-request,19,NEUTRAL,25
2026-08-21,SMCI,0,36.5,HOLD,30.18,31.72,30.7939,75.15,RED,4,1,1,BREAKOUT,0,0,1,0,53,fails,0,G3 leader,F:3/3,,shadow-screen,,RED,
2026-08-21,SMH,0,562.65,HOLD,516.65,543.01,571.321,55.26,RED,3,63,1,BREAKDOWN,0,0,0,0,50,fails,0,G1 size;G4 basis,F:—,,owner-request,,NEUTRAL,
2026-08-21,SNDK,0,1600.62,ACCUMULATE,1575.81,1656.21,638.592,75.55,RED,3,62,1,BREAKOUT,0,0,0,1,75,fails,0,G1 size,F:3/3,1,owner-request,6,RED,2
2026-08-21,SNOW,0,321.29,HOLD,261.89,275.25,237.448,93.69,RED,4,11,1,INSIDE,0,0,0,0,68,STARTER,1,,F:3/3,,owner-request,,YELLOW,
2026-08-21,SOFI,0,17.92,CAUTION,17.07,17.94,18.3663,55.55,WHITE,0,27,0,INSIDE,0,0,0,0,22,fails,0,G2 trend;G3 leader;G4 basis,F:3/3,,owner-request,,NEUTRAL,
2026-08-21,SPCX,1,134,CAUTION,120,126.12,111.374,36.79,WHITE,0,7,0,,0,0,0,0,15,fails,0,G1 size;G2 trend;G3 leader;G5 data,F:—,,holding,,NEUTRAL,
2026-08-21,STX,0,850.24,HOLD,794.94,835.5,866.044,64.67,RED,3,66,1,BREAKOUT,0,0,1,0,64,fails,0,G4 basis,F:3/3,,shadow-screen,,NEUTRAL,
2026-08-21,T,0,25.15,PULLBACK,24.32,25.56,23.3142,71.51,AMBER,2,1,1,INSIDE,0,0,0,1,42,fails,0,G2 trend;G3 leader,F:2/3,,shadow-screen,,RED,
2026-08-21,TE,0,4.36,CAUTION,3.97,4.17,5.9194,10.33,WHITE,0,4,0,BREAKDOWN,0,0,0,0,40,fails,0,G2 trend;G4 basis,F:2/3,,owner-request,,NEUTRAL,
2026-08-21,TEAM,0,174.91,ACCUMULATE,171.74,180.51,86.2643,96.66,RED,4,2,1,BREAKOUT,0,0,0,1,67,fails,0,G3 leader,F:2/2,26,owner-request,20,RED,4
2026-08-21,TER,0,383.15,ACCUMULATE,369.56,388.41,359.509,70.22,RED,3,54,1,BREAKOUT,0,0,0,1,77,CONVICTION,1,,F:2/3,,shadow-screen,,NEUTRAL,
2026-08-21,TMC,0,3.97,CAUTION,3.84,4.04,3.9208,15.81,WHITE,0,27,0,BREAKDOWN,0,0,0,1,25,fails,0,G2 trend;G3 leader,F:1/2,,owner-request,,NEUTRAL,
2026-08-21,TMDX,0,90.85,CAUTION,87.03,91.47,74.8559,63.06,WHITE,0,22,0,INSIDE,0,1,0,1,35,fails,0,G2 trend;G3 leader,F:3/3,,owner-request,,RED,
2026-08-21,TMO,0,627.55,HOLD,587.44,617.41,472.719,98.65,RED,3,5,1,BREAKOUT,0,0,0,0,62,fails,0,G3 leader,F:2/3,,shadow-screen,,RED,
2026-08-21,TMUS,0,181.22,CAUTION,178.79,187.91,182.438,27.15,WHITE,0,49,0,,0,0,0,1,17,fails,0,G2 trend;G3 leader;G4 basis,F:2/3,,shadow-screen,,RED,
2026-08-21,TOST,0,35.32,ACCUMULATE,34.18,35.92,28.1072,86,RED,4,3,1,INSIDE,0,0,0,1,65,fails,0,G3 leader,F:2/2,32,owner-request,26,NEUTRAL,19
2026-08-21,TSLA,1,345.13,BOTTOMING,334.84,351.93,397.921,25.05,WHITE,0,9,0,BREAKOUT,0,0,0,1,15,fails,0,G1 size;G2 trend;G3 leader;G4 basis,F:1/3,,holding,,RED,
2026-08-21,TSM,1,416,ACCUMULATE,409.46,430.35,417.813,65.7,RED,3,64,1,BREAKDOWN,0,0,0,1,55,fails,0,G1 size;G4 basis,F:3/3,11,holding,12,NEUTRAL,28
2026-08-21,TXN,0,265.6,HOLD,215.34,226.32,279.718,35.33,RED,3,20,1,BREAKDOWN,0,0,0,0,43,fails,0,G3 leader;G4 basis,F:3/3,,shadow-screen,,YELLOW,
2026-08-21,UBER,0,78.55,BOTTOMING,72.13,75.81,73.5988,80.25,WHITE,1,36,1,BREAKOUT,0,1,0,0,43,fails,0,G2 trend;G3 leader,F:3/3,,owner-request,,RED,
2026-08-21,UNH,0,384.85,ACCUMULATE,377.1,396.34,424.412,59.71,RED,3,16,1,BREAKDOWN,0,0,0,1,48,fails,0,G3 leader;G4 basis,F:3/3,,shadow-screen,,YELLOW,
2026-08-21,V,0,365.73,ACCUMULATE,354.05,372.12,329.468,93.27,RED,4,8,1,INSIDE,0,0,0,1,58,fails,0,G3 leader,F:0/1,24,owner-request,18,NEUTRAL,30
2026-08-21,VRT,0,264.63,PULLBACK,258.36,271.54,307.051,45.05,AMBER,2,1,1,BREAKDOWN,0,0,0,1,38,fails,0,G2 trend;G4 basis,F:3/3,,owner-request,,NEUTRAL,
2026-08-21,VZ,0,49.19,HOLD,46.35,48.71,47.2932,88.46,RED,4,3,1,INSIDE,0,0,0,0,52,fails,0,G3 leader,F:2/3,,shadow-screen,,RED,
2026-08-21,WDC,0,469.05,ACCUMULATE,456.91,480.22,537.498,54.34,RED,3,64,1,BREAKOUT,1,1,0,1,64,fails,0,G4 basis,F:3/3,,shadow-screen,,NEUTRAL,
2026-08-21,WFC,0,83.7,PULLBACK,82.28,86.47,87.0812,46.92,AMBER,2,1,1,BREAKDOWN,0,0,0,0,27,fails,0,G2 trend;G3 leader;G4 basis,F:2/3,,shadow-screen,,YELLOW,
2026-08-21,WMT,0,103.84,CAUTION,102.25,107.47,114.745,8.61,WHITE,0,7,0,BREAKDOWN,0,0,0,1,13,fails,0,G2 trend;G3 leader;G4 basis,F:2/3,,shadow-screen,,YELLOW,
2026-08-21,XOM,0,166.15,ACCUMULATE,161.29,169.52,153.263,96.54,RED,4,6,1,BREAKOUT,0,0,0,1,58,fails,1,,F:—,,shadow-screen,,RED,
2026-08-21,ZETA,0,27.85,HOLD,23.09,24.27,18.4446,93.31,RED,4,13,1,INSIDE,0,0,0,0,75,CONVICTION,1,,F:2/2,,owner-request,,RED,
2026-08-21,ZS,0,174.95,CAUTION,172.41,181.2,146.806,78.21,WHITE,1,37,1,,0,0,0,1,40,fails,0,G2 trend;G3 leader,F:3/3,,owner-request,,NEUTRAL,
2026-08-24,0700,0,440.8,CAUTION,433.15,455.25,466.711,15.25,WHITE,0,28,0,BREAKDOWN,0,0,0,1,5,fails,0,G1 size;G2 trend;G3 leader;G4 basis,F:—,,owner-request,,YELLOW,
2026-08-24,1810,0,27.76,BOTTOMING,27.46,28.86,28.0161,37.78,WHITE,0,46,0,BREAKOUT,0,0,0,1,15,fails,0,G1 size;G2 trend;G3 leader;G4 basis,F:—,,owner-request,,RED,
2026-08-24,3690,0,82.9,CAUTION,76.32,80.22,85.7771,38.72,WHITE,0,71,0,,0,0,0,0,9,fails,0,G2 trend;G3 leader;G4 basis,F:—,,owner-request,,YELLOW,
2026-08-24,9992,1,153.6,CAUTION,151.17,158.89,154.259,18.46,WHITE,0,26,0,INSIDE,1,1,0,1,18,fails,0,G2 trend;G3 leader;G4 basis,F:—,,holding,,NEUTRAL,
2026-08-24,AAL,0,13.82,CAUTION,13.48,14.16,15.1365,36.03,WHITE,1,1,0,INSIDE,0,0,0,1,22,fails,0,G2 trend;G3 leader;G4 basis,F:2/3,,shadow-screen,,YELLOW,
2026-08-24,AAOI,0,124.82,HOLD,112.38,118.11,134.022,40.89,RED,3,3,1,BREAKDOWN,0,0,0,0,58,fails,0,G4 basis,F:1/3,,owner-request,,NEUTRAL,
2026-08-24,AAPL,1,309.35,ACCUMULATE,304.38,319.91,310.592,75.37,RED,3,21,1,INSIDE,1,0,1,1,45,fails,0,G1 size;G3 leader;G4 basis,F:2/3,22,holding,5,YELLOW,29
2026-08-24,ABBV,0,264.96,ACCUMULATE,258.81,272.02,249.255,98.73,RED,4,11,1,BREAKOUT,0,0,0,1,67,fails,0,G3 leader,F:2/3,,shadow-screen,,RED,
2026-08-24,ABCL,0,11.32,HOLD,10.75,11.3,4.0517,96.25,RED,4,17,1,BREAKOUT,0,0,0,0,90,CONVICTION,1,,F:2/3,,owner-request,,RED,
2026-08-24,ABT,0,116.64,ACCUMULATE,112.27,118,88.7909,89.7,RED,3,1,1,,0,0,0,1,52,fails,0,G3 leader,F:2/2,,shadow-screen,,RED,
2026-08-24,ACN,0,185.28,BOTTOMING,173.21,182.05,126.877,69.2,WHITE,1,30,0,BREAKOUT,0,0,1,0,27,fails,0,G2 trend;G3 leader,F:1/2,,shadow-screen,,RED,
2026-08-24,ADBE,0,275.3,CAUTION,246.64,259.23,251.675,82.58,WHITE,1,89,0,,0,0,0,0,27,fails,0,G2 trend;G3 leader,F:3/3,,owner-request,,RED,
2026-08-24,ADI,0,373.09,HOLD,343.86,361.41,376.915,41.53,RED,3,41,1,BREAKDOWN,0,0,0,0,48,fails,0,G4 basis,F:3/3,,shadow-screen,,YELLOW,
2026-08-24,AEHR,0,101.73,HOLD,95.2,100.05,97.1402,75.79,RED,4,60,1,,0,0,0,0,80,CONVICTION,1,,F:1/3,,owner-request,,YELLOW,
2026-08-24,AFRM,0,77.03,HOLD,72.26,75.94,73.7316,81.95,RED,4,13,1,INSIDE,0,0,0,0,65,fails,0,G3 leader,F:2/2,,owner-request,,RED,
2026-08-24,ALAB,0,284.97,HOLD,200.06,210.27,123.076,52.12,RED,3,18,1,BREAKDOWN,0,0,0,0,67,STARTER,1,,F:3/3,,owner-request,,YELLOW,
2026-08-24,AMAT,0,492.32,ACCUMULATE,481.91,506.5,541.891,52.71,RED,3,49,1,BREAKOUT,0,0,0,1,64,fails,0,G4 basis,F:2/3,6,owner-request,10,YELLOW,19
2026-08-24,AMD,1,473.25,HOLD,246.15,258.71,215.827,64.79,RED,3,23,1,BREAKDOWN,0,0,0,0,65,fails,0,G1 size,F:3/3,,holding,,YELLOW,
2026-08-24,AMZN,0,258.63,ACCUMULATE,248.69,261.38,229.756,72.16,RED,4,4,1,INSIDE,0,0,0,0,50,fails,0,G1 size;G3 leader,F:3/3,30,owner-request,38,YELLOW,24
2026-08-24,ANET,0,188.65,ACCUMULATE,181.34,190.6,143.099,87.91,RED,4,19,1,BREAKOUT,0,0,0,1,68,STARTER,1,,F:3/3,21,owner-request,22,YELLOW,15
2026-08-24,APH,0,157.01,ACCUMULATE,152.64,160.42,155.752,75.1,RED,4,13,1,BREAKDOWN,0,0,0,1,67,STARTER,1,,F:3/3,,shadow-screen,,YELLOW,
2026-08-24,APP,0,305.77,CAUTION,,,312.934,2.61,WHITE,0,6,0,INSIDE,0,0,0,0,18,fails,0,G2 trend;G3 leader;G4 basis,F:2/2,,owner-request,,YELLOW,
2026-08-24,ARM,0,243.32,PULLBACK,223.05,234.43,210.673,48.08,AMBER,2,1,1,BREAKDOWN,0,0,0,0,57,fails,0,G2 trend,F:3/3,,owner-request,,YELLOW,
2026-08-24,ASML,0,1763.76,ACCUMULATE,1739.4,1828.15,1774.9,71.5,RED,3,53,1,BREAKDOWN,0,0,0,1,68,fails,0,G4 basis,F:1/1,7,owner-request,11,NEUTRAL,26
2026-08-24,ASTS,0,68.65,CAUTION,68.17,71.65,69.5636,27.66,WHITE,0,6,0,BREAKDOWN,0,0,0,1,27,fails,0,G2 trend;G4 basis,F:0/2,,owner-request,,RED,
2026-08-24,AVGO,0,368.45,PULLBACK,361.03,379.45,379.737,41.3,AMBER,2,1,1,BREAKDOWN,0,0,0,1,15,fails,0,G1 size;G2 trend;G3 leader;G4 basis,F:3/3,,owner-request,,YELLOW,
2026-08-24,AXON,0,627.75,HOLD,595.91,626.31,393.819,90.64,RED,3,3,1,,0,0,0,0,52,fails,0,G3 leader,F:3/3,,owner-request,,RED,
2026-08-24,AXP,0,336,HOLD,307.38,323.06,341.473,53.41,RED,3,4,1,BREAKDOWN,0,0,1,0,37,fails,0,G3 leader;G4 basis,F:2/3,,shadow-screen,,YELLOW,
2026-08-24,AXTI,0,70.74,HOLD,63.16,66.39,64.4517,54.96,RED,3,3,1,BREAKDOWN,0,0,1,0,67,STARTER,1,,F:0/3,,owner-request,,NEUTRAL,
2026-08-24,AZO,0,2957.95,CAUTION,2710.1,2848.37,3077.93,5.09,WHITE,0,27,0,BREAKDOWN,0,0,0,0,17,fails,0,G2 trend;G3 leader;G4 basis,F:2/3,,shadow-screen,,YELLOW,
2026-08-24,BA,0,214.2,CAUTION,203.51,213.89,216.677,28.84,WHITE,1,1,0,BREAKDOWN,0,0,0,0,17,fails,0,G2 trend;G3 leader;G4 basis,F:2/3,,shadow-screen,,YELLOW,
2026-08-24,BAC,0,61.69,ACCUMULATE,60.47,63.56,52.31,82.03,RED,4,12,1,BREAKDOWN,0,0,0,1,53,fails,0,G3 leader,F:2/3,,shadow-screen,,YELLOW,
2026-08-24,BB,0,8.04,HOLD,6.08,6.39,8.9098,35.93,RED,3,18,1,BREAKDOWN,0,0,0,0,65,fails,0,G4 basis,F:2/3,,owner-request,,YELLOW,
2026-08-24,BE,0,201.45,PULLBACK,163.65,172,212.704,41.29,AMBER,2,1,1,BREAKDOWN,0,0,0,0,44,fails,0,G2 trend;G4 basis,F:0/1,,shadow-screen,,YELLOW,
2026-08-24,BKNG,0,209.62,ACCUMULATE,204.77,215.21,168.127,87.69,RED,3,3,1,BREAKDOWN,0,0,0,1,57,fails,0,G3 leader,F:2/3,,shadow-screen,,NEUTRAL,
2026-08-24,BSX,0,50.37,BOTTOMING,47.97,50.42,44.6055,50.72,WHITE,0,38,0,BREAKOUT,0,0,0,1,32,fails,0,G2 trend;G3 leader,F:3/3,,shadow-screen,,NEUTRAL,
2026-08-24,C,0,131.65,ACCUMULATE,129.31,135.91,131.949,60.06,RED,3,23,1,BREAKDOWN,0,0,0,0,62,fails,0,G4 basis,F:2/3,,shadow-screen,,YELLOW,
2026-08-24,CAT,0,827.9,ACCUMULATE,802.25,843.18,887.084,43.08,RED,3,61,1,BREAKDOWN,0,0,0,1,58,fails,0,G4 basis,F:2/3,,shadow-screen,,NEUTRAL,
2026-08-24,CAVA,0,73.63,CAUTION,70.04,73.61,63.1027,55.56,WHITE,1,5,0,,0,0,0,0,30,fails,0,G2 trend;G3 leader,F:3/3,,owner-request,,RED,
2026-08-24,CBRS,0,196.13,CAUTION,175.09,184.02,223.77,19.68,WHITE,0,15,0,,0,0,0,0,18,fails,0,G2 trend;G3 leader;G4 basis;G5 data,F:—,,shadow-screen,,YELLOW,
2026-08-24,CDE,0,20.97,BOTTOMING,19.74,20.75,16.2809,88.5,WHITE,1,12,1,BREAKOUT,0,0,0,0,62,fails,0,G2 trend,F:2/3,,owner-request,,RED,
2026-08-24,CEG,0,272.88,BOTTOMING,265.21,278.75,270.626,43.74,WHITE,0,30,0,BREAKOUT,0,0,0,1,32,fails,0,G2 trend;G3 leader,F:2/3,,shadow-screen,,YELLOW,
2026-08-24,CIEN,0,395.79,PULLBACK,333.61,350.63,440.28,43.01,AMBER,2,1,1,BREAKDOWN,0,0,0,0,47,fails,0,G2 trend;G4 basis,F:3/3,,shadow-screen,,NEUTRAL,
2026-08-24,CIFR,0,15.765,CAUTION,6.09,6.4,17.1209,21.57,AMBER,2,3,0,,0,1,0,0,37,fails,0,G2 trend;G4 basis,F:2/3,,owner-request,,YELLOW,
2026-08-24,COHR,0,289.52,PULLBACK,277.47,291.63,324.506,40.64,AMBER,2,1,1,BREAKDOWN,1,0,1,1,43,fails,0,G2 trend;G4 basis,F:2/3,,shadow-screen,,YELLOW,
2026-08-24,COIN,0,186.49,BOTTOMING,181.05,190.28,150.316,59.34,WHITE,1,38,0,BREAKOUT,0,0,0,1,32,fails,0,G2 trend;G3 leader,F:1/2,,owner-request,,RED,
2026-08-24,COST,0,947.74,CAUTION,930.88,978.37,949.877,36.1,WHITE,1,7,0,BREAKDOWN,0,0,0,1,13,fails,0,G2 trend;G3 leader;G4 basis,F:2/3,,owner-request,,YELLOW,
2026-08-24,CRCL,0,87.98,CAUTION,80.43,84.54,63.3924,56.09,WHITE,1,11,0,BREAKDOWN,1,1,1,0,32,fails,0,G2 trend;G3 leader,F:2/2,,shadow-screen,,RED,
2026-08-24,CRDO,0,230.57,ACCUMULATE,227.4,239.01,247.119,65.48,RED,3,18,1,BREAKDOWN,0,0,0,1,72,fails,0,G4 basis,F:3/3,8,owner-request,12,YELLOW,11
2026-08-24,CRM,0,209.17,CAUTION,188.22,197.82,185.994,86.82,WHITE,1,75,1,,0,0,0,0,33,fails,0,G2 trend;G3 leader,F:2/3,,owner-request,,RED,
2026-08-24,CRWD,0,191.95,ACCUMULATE,185.38,194.84,102.282,82.52,RED,4,15,1,BREAKDOWN,0,0,0,1,73,STARTER,1,,F:2/2,14,owner-request,16,YELLOW,9
2026-08-24,CRWV,0,87.85,CAUTION,81.1,85.24,90.4324,32.15,WHITE,1,1,0,BREAKDOWN,0,0,0,0,18,fails,0,G2 trend;G3 leader;G4 basis,F:2/2,,owner-request,,NEUTRAL,
2026-08-24,CSCO,0,111.04,HOLD,89.92,94.5,77.9846,46.23,RED,3,69,1,,0,0,0,0,58,fails,1,,F:2/3,,shadow-screen,,YELLOW,
2026-08-24,CSPX,1,828.03,ACCUMULATE,817.47,859.17,805.023,92.69,RED,4,20,1,BREAKDOWN,0,0,0,1,60,fails,0,G3 leader,F:—,27,holding,23,YELLOW,35
2026-08-24,CVX,0,205.27,ACCUMULATE,201.99,212.29,189.924,94.87,RED,4,6,1,INSIDE,0,0,0,1,53,fails,0,G3 leader,F:1/3,,shadow-screen,,RED,
2026-08-24,D05,0,76.23,ACCUMULATE,74.52,78.32,57.6073,96.56,RED,4,71,1,BREAKOUT,0,0,0,1,75,CONVICTION,1,,F:—,20,owner-request,21,NEUTRAL,17
2026-08-24,DDOG,1,235.62,ACCUMULATE,227.34,238.94,125.934,63.52,RED,3,16,1,BREAKOUT,1,1,0,1,77,CONVICTION,1,,F:2/2,13,holding,3,YELLOW,7
2026-08-24,DELL,0,442.08,ACCUMULATE,427.1,448.9,119.097,86.34,RED,4,25,1,BREAKOUT,0,0,0,1,78,CONVICTION,1,,F:2/2,3,owner-request,7,YELLOW,1
2026-08-24,DRAM,1,57.68,CAUTION,56.5,59.38,54.43,57.44,AMBER,2,5,0,,1,0,1,1,39,fails,0,G2 trend;G5 data,F:—,,holding,,RED,
2026-08-24,DUOL,0,146.13,CAUTION,128.52,135.08,98.8507,79.98,WHITE,1,54,0,,0,0,0,0,35,fails,0,G2 trend;G3 leader,F:2/2,,owner-request,,RED,
2026-08-24,ETHA,0,18.24,BOTTOMING,16.99,17.86,14.3238,76.74,WHITE,1,38,1,BREAKOUT,0,0,0,0,57,fails,0,G2 trend;G3 leader,F:1/2,,owner-request,,RED,
2026-08-24,ETN,0,419.2,HOLD,397.31,417.58,405.419,82.35,RED,4,24,1,BREAKDOWN,0,0,0,0,52,fails,0,G3 leader,F:3/3,,shadow-screen,,YELLOW,
2026-08-24,FCX,0,76.66,HOLD,68.28,71.76,62.2276,99.63,RED,4,5,1,BREAKOUT,0,0,0,0,72,STARTER,1,,F:2/3,,shadow-screen,,RED,
2026-08-24,GE,0,348.37,ACCUMULATE,342.31,359.77,284.854,68.4,RED,4,13,1,BREAKDOWN,0,0,0,1,57,fails,0,G3 leader,F:3/3,,shadow-screen,,YELLOW,
2026-08-24,GEV,0,956.85,HOLD,876.29,921,1065.33,44.48,RED,3,72,1,BREAKDOWN,0,0,0,0,53,fails,0,G4 basis,F:2/3,,shadow-screen,,YELLOW,
2026-08-24,GLW,0,149.84,PULLBACK,140.52,147.69,159.819,34.95,AMBER,2,1,1,BREAKDOWN,0,0,0,0,43,fails,0,G2 trend;G4 basis,F:1/1,,shadow-screen,,NEUTRAL,
2026-08-24,GOOG,1,341.75,ACCUMULATE,334.77,351.85,341.604,54.31,RED,3,4,1,INSIDE,0,0,0,1,50,fails,0,G1 size,F:2/2,16,holding,17,YELLOW,38
2026-08-24,GOOGL,0,344.82,ACCUMULATE,338.01,355.26,344.911,52.99,RED,3,4,1,INSIDE,1,0,1,1,50,fails,0,G1 size;G4 basis,F:2/2,15,owner-request,4,YELLOW,37
2026-08-24,GRAB,0,3.48,CAUTION,,,3.6237,13.7,WHITE,0,33,0,INSIDE,0,0,1,0,25,fails,0,G2 trend;G3 leader;G4 basis,F:2/2,,owner-request,,YELLOW,
2026-08-24,GS,0,1039.28,ACCUMULATE,1012.85,1064.52,1033.52,70.01,RED,3,21,1,INSIDE,0,0,0,1,68,STARTER,1,,F:2/2,,shadow-screen,,NEUTRAL,
2026-08-24,HD,0,335.61,CAUTION,328.48,345.24,335.183,42.43,WHITE,0,25,0,BREAKDOWN,0,0,0,1,22,fails,0,G2 trend;G3 leader,F:2/3,,shadow-screen,,YELLOW,
2026-08-24,HIMS,0,33.78,ACCUMULATE,32.22,33.86,29.3603,75.1,RED,3,1,1,BREAKDOWN,0,0,0,1,60,fails,0,G3 leader,F:2/2,38,owner-request,33,RED,6
2026-08-24,HON,0,215.9,CAUTION,210.2,220.92,224.045,13.11,AMBER,2,1,0,BREAKDOWN,1,0,1,1,17,fails,0,G2 trend;G3 leader;G4 basis,F:2/3,,shadow-screen,,YELLOW,
2026-08-24,HOOD,0,108.13,ACCUMULATE,103.35,108.62,76.046,79.82,RED,3,3,1,BREAKOUT,0,0,0,1,63,fails,0,G3 leader,F:2/2,34,owner-request,29,RED,16
2026-08-24,IBIT,0,43.68,BOTTOMING,42.52,44.69,36.3375,69.29,WHITE,1,40,1,BREAKOUT,0,0,0,1,48,fails,0,G2 trend;G3 leader,F:1/2,,owner-request,,RED,
2026-08-24,IBM,0,235.68,CAUTION,230.61,242.37,235.313,44.76,WHITE,0,6,0,,0,0,0,1,18,fails,0,G2 trend;G3 leader,F:2/3,,shadow-screen,,RED,
2026-08-24,ICE,0,161.25,BOTTOMING,152.24,160.01,155.347,84,WHITE,1,28,1,BREAKOUT,0,0,0,0,47,fails,0,G2 trend;G3 leader,F:2/3,,owner-request,,RED,
2026-08-24,IGV,0,103.37,ACCUMULATE,100.28,105.4,92.8767,89.52,RED,4,3,1,INSIDE,0,0,0,1,62,fails,0,G3 leader,F:—,36,owner-request,31,NEUTRAL,22
2026-08-24,INTC,0,90.07,HOLD,44.3,46.56,97.1535,41.13,RED,3,53,1,BREAKDOWN,0,0,0,0,55,fails,0,G1 size;G4 basis,F:1/3,,owner-request,,YELLOW,
2026-08-24,INTU,0,367,BOTTOMING,355.42,373.56,311.263,65.95,WHITE,0,46,0,BREAKOUT,0,0,0,1,37,fails,0,G2 trend;G3 leader,F:3/3,,shadow-screen,,RED,
2026-08-24,IONQ,0,44.86,BOTTOMING,44.63,46.91,43.5,49,WHITE,0,6,0,BREAKOUT,0,0,0,1,37,fails,0,G2 trend;G3 leader,F:1/3,,shadow-screen,,RED,
2026-08-24,IOT,0,39.94,ACCUMULATE,38.61,40.58,37.1655,92.77,RED,4,4,1,INSIDE,0,0,0,1,65,fails,0,G3 leader,F:2/2,28,owner-request,24,NEUTRAL,14
2026-08-24,IREN,0,41.88,CAUTION,40.95,43.04,41.7894,39.13,WHITE,0,6,0,BREAKDOWN,0,0,0,1,33,fails,0,G2 trend,F:2/2,,owner-request,,NEUTRAL,
2026-08-24,ISRG,0,378.81,CAUTION,366.93,385.65,403.484,25.38,WHITE,0,29,0,INSIDE,0,0,0,1,22,fails,0,G2 trend;G3 leader;G4 basis,F:3/3,,shadow-screen,,NEUTRAL,
2026-08-24,IWM,0,299.96,ACCUMULATE,289.11,303.87,295.015,94.21,RED,3,21,1,BREAKDOWN,0,0,0,0,45,fails,0,G1 size;G3 leader,F:—,23,owner-request,34,YELLOW,32
2026-08-24,JNJ,0,270.24,ACCUMULATE,263.73,277.19,229.509,96.84,RED,4,58,1,,0,0,0,1,63,STARTER,1,,F:2/3,,shadow-screen,,RED,
2026-08-24,JPM,0,351.58,ACCUMULATE,340.76,358.14,310.141,86.89,RED,4,12,1,BREAKDOWN,0,0,0,0,53,fails,0,G3 leader,F:2/3,25,owner-request,36,YELLOW,31
2026-08-24,KLAC,0,183.99,PULLBACK,182.47,191.78,181.489,45.62,AMBER,2,1,1,BREAKOUT,0,0,0,1,48,fails,0,G2 trend,F:2/3,,owner-request,,YELLOW,
2026-08-24,KO,0,91.1,ACCUMULATE,88.88,93.41,78.934,99.66,RED,4,33,1,BREAKOUT,0,0,0,1,67,fails,0,G3 leader,F:—,,shadow-screen,,RED,
2026-08-24,LIN,0,487.57,PULLBACK,470.73,494.75,480.339,40.39,AMBER,2,4,1,,0,0,0,1,32,fails,0,G2 trend;G3 leader,F:2/3,,shadow-screen,,RED,
2026-08-24,LITE,0,866.71,ACCUMULATE,853.81,897.37,871.238,66.81,RED,3,64,1,BREAKOUT,1,0,1,1,79,fails,0,G4 basis,F:2/3,2,owner-request,1,NEUTRAL,20
2026-08-24,LLY,0,1255.4,HOLD,1183.59,1243.98,1163.06,97.91,RED,4,15,1,BREAKOUT,0,0,0,0,74,STARTER,1,,F:3/3,,owner-request,,RED,
2026-08-24,LMND,0,53.37,CAUTION,52.15,54.81,53.2151,31.84,WHITE,0,4,0,INSIDE,0,0,0,1,30,fails,0,G2 trend;G3 leader,F:2/3,,owner-request,,RED,
2026-08-24,LRCX,0,314,ACCUMULATE,307.95,323.66,314.235,60.26,RED,3,64,1,BREAKOUT,0,0,0,1,69,fails,0,G4 basis,F:3/3,5,owner-request,9,NEUTRAL,21
2026-08-24,MA,0,580.63,ACCUMULATE,556.57,584.96,494.824,97.16,RED,4,4,1,BREAKOUT,0,0,0,1,58,fails,0,G3 leader,F:3/3,35,owner-request,30,NEUTRAL,36
2026-08-24,MCD,0,270.95,CAUTION,263.48,276.92,268.859,25.95,WHITE,0,21,0,,1,1,0,1,22,fails,0,G2 trend;G3 leader,F:2/3,,shadow-screen,,NEUTRAL,
2026-08-24,MCHP,0,76.08,CAUTION,74.77,78.59,78.6934,31.42,AMBER,2,2,0,INSIDE,0,0,0,1,22,fails,0,G2 trend;G3 leader;G4 basis,F:2/3,,shadow-screen,,NEUTRAL,
2026-08-24,MDB,0,430.83,ACCUMULATE,412.9,433.97,322.776,93.75,RED,4,4,1,BREAKOUT,0,0,0,1,72,STARTER,1,,F:3/3,10,owner-request,13,RED,23
2026-08-24,META,0,549.9,CAUTION,534.53,561.81,604.457,8.18,WHITE,0,41,0,BREAKDOWN,0,0,0,1,5,fails,0,G1 size;G2 trend;G3 leader;G4 basis,F:2/2,,owner-request,,YELLOW,
2026-08-24,MPWR,0,1316.28,PULLBACK,1143.45,1201.79,1331.57,38.48,AMBER,2,1,1,BREAKDOWN,0,0,0,0,37,fails,0,G2 trend;G4 basis,F:3/3,,shadow-screen,,YELLOW,
2026-08-24,MRK,0,152.55,ACCUMULATE,147.65,155.18,120.702,99.3,RED,4,42,1,,0,0,0,0,77,CONVICTION,1,,F:2/3,,shadow-screen,,RED,
2026-08-24,MRVL,0,237.04,HOLD,215.66,226.67,89.2744,61.69,RED,3,26,1,INSIDE,0,0,1,0,70,fails,0,G1 size,F:3/3,,owner-request,,RED,
2026-08-24,MS,0,214.2,ACCUMULATE,210.98,221.75,215.288,72.45,RED,3,21,1,INSIDE,0,0,0,1,72,fails,0,G4 basis,F:2/3,,shadow-screen,,YELLOW,
2026-08-24,MSFT,0,483.24,ACCUMULATE,473.12,497.25,394.416,84.28,RED,4,3,1,INSIDE,0,0,0,1,50,fails,0,G1 size;G3 leader,F:3/3,37,owner-request,32,YELLOW,25
2026-08-24,MSTR,0,119.25,CAUTION,118.98,125.05,94.9249,46.7,WHITE,0,46,0,BREAKDOWN,0,0,0,1,18,fails,0,G2 trend;G3 leader,F:0/2,,shadow-screen,,RED,
2026-08-24,MU,1,966.78,HOLD,909.66,956.07,928.221,76.71,RED,3,63,1,INSIDE,0,0,0,0,70,fails,0,G1 size,F:3/3,,holding,,RED,
2026-08-24,NAK,0,1.74,CAUTION,1.62,1.7,1.9759,40.17,WHITE,0,7,1,INSIDE,0,0,0,0,55,fails,0,G2 trend;G4 basis,F:1/1,,owner-request,,RED,
2026-08-24,NBIS,1,219.13,ACCUMULATE,215.68,226.69,220.083,67.25,RED,3,29,1,BREAKOUT,0,0,0,1,70,fails,0,G1 size;G4 basis,F:2/2,4,holding,8,NEUTRAL,5
2026-08-24,NEE,0,83.65,CAUTION,78.87,82.89,86.065,14.37,WHITE,1,2,0,BREAKDOWN,0,0,0,0,17,fails,0,G2 trend;G3 leader;G4 basis,F:2/3,,shadow-screen,,YELLOW,
2026-08-24,NET,0,293.14,HOLD,278.62,292.84,198.309,87.16,RED,4,19,1,BREAKOUT,0,0,0,0,77,CONVICTION,1,,F:2/2,,owner-request,,YELLOW,
2026-08-24,NFLX,0,79.59,CAUTION,76.1,79.98,73.72,43.23,WHITE,0,40,0,BREAKDOWN,0,0,0,1,18,fails,0,G2 trend;G3 leader,F:2/3,,owner-request,,RED,
2026-08-24,NKE,0,40.76,CAUTION,40.95,43.04,41.7817,15.44,WHITE,0,46,0,BREAKDOWN,1,1,0,1,17,fails,0,G2 trend;G3 leader;G4 basis,F:2/3,,shadow-screen,,YELLOW,
2026-08-24,NOK,0,10.21,PULLBACK,9.22,9.69,10.3764,36.93,AMBER,2,1,1,BREAKOUT,0,0,0,0,62,fails,0,G2 trend;G4 basis,F:1/1,,owner-request,,RED,
2026-08-24,NOW,0,128.48,CAUTION,120.2,126.33,102.561,89.26,WHITE,1,56,1,INSIDE,0,0,0,0,43,fails,0,G2 trend;G3 leader,F:2/3,,owner-request,,RED,
2026-08-24,NTDOY,0,13.55,BOTTOMING,12.72,13.37,11.0218,70.81,WHITE,1,37,0,BREAKOUT,0,0,0,0,40,fails,0,G2 trend;G3 leader,F:—,,owner-request,,RED,
2026-08-24,NVDA,1,214.72,ACCUMULATE,205.08,215.54,209.265,80.1,RED,4,8,1,BREAKDOWN,0,0,0,0,45,fails,0,G1 size;G3 leader,F:3/3,26,holding,37,YELLOW,34
2026-08-24,NVO,0,46.74,CAUTION,45.96,48.3,46.894,50.32,WHITE,0,4,0,BREAKDOWN,0,0,0,1,17,fails,0,G2 trend;G3 leader;G4 basis,F:—,,owner-request,,NEUTRAL,
2026-08-24,NXPI,0,225.56,CAUTION,221.96,233.28,233.417,22.22,WHITE,1,1,0,INSIDE,0,0,0,1,22,fails,0,G2 trend;G3 leader;G4 basis,F:1/2,,shadow-screen,,NEUTRAL,
2026-08-24,ON,0,74.21,CAUTION,59.69,62.73,81.6815,29.13,AMBER,2,4,0,BREAKDOWN,0,0,0,0,27,fails,0,G2 trend;G4 basis,F:2/3,,shadow-screen,,NEUTRAL,
2026-08-24,ONDS,0,8.71,CAUTION,7.46,7.84,8.8575,40.58,WHITE,0,7,1,BREAKDOWN,0,0,1,0,47,fails,0,G2 trend;G4 basis,F:1/3,,owner-request,,YELLOW,
2026-08-24,ONON,0,30.02,CAUTION,,,31.0357,0.77,WHITE,0,25,0,BREAKDOWN,0,1,0,0,20,fails,0,G2 trend;G3 leader;G4 basis,F:1/1,,owner-request,,YELLOW,
2026-08-24,ORCL,0,146.47,CAUTION,142.17,149.43,145.075,37.75,WHITE,0,9,0,BREAKDOWN,0,0,0,1,14,fails,0,G2 trend;G3 leader,F:3/3,,owner-request,,RED,
2026-08-24,OSCR,0,32.04,ACCUMULATE,30.63,32.19,13.4434,98.24,RED,4,16,1,,0,1,0,1,80,CONVICTION,1,,F:2/2,9,owner-request,2,RED,3
2026-08-24,OUST,0,38.42,HOLD,33.34,35.04,45.4316,49.11,RED,3,17,1,BREAKDOWN,0,0,0,0,50,fails,0,G3 leader;G4 basis,F:1/3,,owner-request,,YELLOW,
2026-08-24,P,0,108.55,HOLD,85.5,89.86,73.1784,90.72,RED,4,5,1,,0,0,0,0,70,STARTER,1,,F:3/3,,owner-request,,RED,
2026-08-24,PANW,0,357.87,ACCUMULATE,348.16,365.92,166.726,89.45,RED,4,15,1,,0,0,0,1,73,STARTER,1,,F:2/3,11,owner-request,14,YELLOW,4
2026-08-24,PEP,0,143.48,BOTTOMING,139.48,146.59,142.322,53.23,WHITE,0,13,0,BREAKOUT,0,0,0,1,32,fails,0,G2 trend;G3 leader,F:2/3,,shadow-screen,,RED,
2026-08-24,PFE,0,28.07,HOLD,24.67,25.92,25.169,97.38,RED,4,1,1,BREAKOUT,0,0,0,0,47,fails,0,G3 leader,F:2/3,,shadow-screen,,RED,
2026-08-24,PG,0,144.68,CAUTION,141.38,148.59,144.267,29.8,WHITE,1,5,0,INSIDE,1,0,1,1,27,fails,0,G2 trend;G3 leader,F:2/3,,shadow-screen,,NEUTRAL,
2026-08-24,PL,0,22.29,CAUTION,19.84,20.85,22.7495,22.9,WHITE,0,4,0,BREAKDOWN,0,0,0,0,40,fails,0,G2 trend;G4 basis,F:2/2,,owner-request,,NEUTRAL,
2026-08-24,PLTR,1,179.94,ACCUMULATE,171.26,180,134.44,94.17,RED,3,1,1,BREAKOUT,0,0,0,1,55,fails,0,G1 size;G3 leader,F:2/2,31,holding,26,RED,18
2026-08-24,QCOM,0,160.75,CAUTION,157.02,165.04,164.19,29.28,WHITE,0,4,0,BREAKDOWN,0,0,0,1,13,fails,0,G2 trend;G3 leader;G4 basis,F:3/3,,owner-request,,NEUTRAL,
2026-08-24,QQQ,0,713.44,ACCUMULATE,679.17,713.82,717.751,70.71,RED,3,20,1,BREAKDOWN,0,0,0,0,40,fails,0,G1 size;G3 leader;G4 basis,F:—,24,owner-request,35,YELLOW,28
2026-08-24,QQQM,1,293.76,HOLD,271.29,285.13,295.486,67.87,RED,3,20,1,BREAKDOWN,0,0,0,0,47,fails,0,G3 leader;G4 basis,F:—,,holding,,YELLOW,
2026-08-24,RBLX,0,38.37,CAUTION,36.49,38.35,37.2302,21.97,WHITE,0,37,0,INSIDE,0,0,0,0,27,fails,0,G2 trend;G3 leader,F:2/2,,owner-request,,NEUTRAL,
2026-08-24,RBRK,0,100.09,ACCUMULATE,97.03,101.98,71.6537,96.39,RED,4,12,1,BREAKOUT,0,0,0,1,80,fails,0,G3 leader,F:2/2,29,owner-request,25,RED,8
2026-08-24,RDDT,0,153.29,CAUTION,151.93,159.68,169.36,32.92,WHITE,0,4,0,BREAKDOWN,0,0,0,1,22,fails,0,G2 trend;G3 leader;G4 basis,F:2/2,,owner-request,,YELLOW,
2026-08-24,RKLB,0,72.57,CAUTION,66.65,70.05,68.0144,35.15,WHITE,0,2,0,BREAKDOWN,0,0,0,0,37,fails,0,G2 trend,F:1/3,,owner-request,,NEUTRAL,
2026-08-24,RTX,0,209.91,HOLD,191.96,201.75,176.086,78.05,RED,4,10,1,BREAKDOWN,0,0,0,0,52,fails,0,G3 leader,F:2/3,,shadow-screen,,YELLOW,
2026-08-24,SATL,0,5.72,ACCUMULATE,5.67,5.96,5.7825,52.93,RED,3,1,1,INSIDE,0,0,0,1,65,fails,0,G4 basis,F:1/2,18,owner-request,19,RED,13
2026-08-24,SCHW,0,112.3,ACCUMULATE,108.78,114.33,92.4608,100,RED,4,7,1,BREAKOUT,0,0,0,1,62,fails,0,G3 leader,F:3/3,,shadow-screen,,NEUTRAL,
2026-08-24,SE,0,117.53,HOLD,109.65,115.25,89.3319,73.67,RED,3,2,1,BREAKOUT,0,0,0,0,57,fails,0,G3 leader,F:2/2,,owner-request,,YELLOW,
2026-08-24,SHOP,0,149.25,ACCUMULATE,145.53,152.95,119.427,85.34,RED,3,2,1,INSIDE,0,0,0,1,53,fails,0,G3 leader,F:2/2,33,owner-request,28,NEUTRAL,27
2026-08-24,SMCI,0,37.24,ACCUMULATE,36.03,37.87,30.7939,78.21,RED,4,1,1,BREAKOUT,1,0,1,1,58,fails,0,G3 leader,F:3/3,,shadow-screen,,RED,
2026-08-24,SMH,0,560.42,HOLD,516.65,543.01,571.321,51.34,RED,3,63,1,BREAKDOWN,0,0,0,0,50,fails,0,G1 size;G4 basis,F:—,,owner-request,,NEUTRAL,
2026-08-24,SNDK,0,1596.08,ACCUMULATE,1556.81,1636.24,638.592,75.57,RED,3,62,1,BREAKOUT,0,0,0,1,75,fails,0,G1 size,F:3/3,1,owner-request,6,RED,2
2026-08-24,SNOW,0,332.78,ACCUMULATE,322.71,339.17,237.448,97.91,RED,4,11,1,INSIDE,0,0,0,1,73,STARTER,1,,F:3/3,17,owner-request,18,NEUTRAL,10
2026-08-24,SOFI,0,18.91,BOTTOMING,18,18.92,18.3663,78.21,WHITE,1,27,1,BREAKOUT,0,0,0,1,47,fails,0,G2 trend;G3 leader,F:3/3,,owner-request,,RED,
2026-08-24,SPCX,1,136.97,CAUTION,131.84,138.57,111.374,43.59,WHITE,0,7,0,,0,0,0,0,15,fails,0,G1 size;G2 trend;G3 leader;G5 data,F:—,,holding,,RED,
2026-08-24,STX,0,850,HOLD,794.94,835.5,866.044,64.57,RED,3,66,1,BREAKOUT,0,0,1,0,64,fails,0,G4 basis,F:3/3,,shadow-screen,,NEUTRAL,
2026-08-24,T,0,25.29,PULLBACK,24.32,25.56,23.3142,73.27,AMBER,2,1,1,INSIDE,0,0,0,1,42,fails,0,G2 trend;G3 leader,F:2/3,,shadow-screen,,RED,
2026-08-24,TE,0,4.42,CAUTION,4.36,4.58,5.9194,10.42,WHITE,0,4,0,BREAKDOWN,0,0,0,1,40,fails,0,G2 trend;G4 basis,F:2/3,,owner-request,,NEUTRAL,
2026-08-24,TEAM,0,171.81,HOLD,157.79,165.84,86.2643,96.53,RED,4,2,1,BREAKOUT,0,0,0,0,62,fails,0,G3 leader,F:2/2,,owner-request,,RED,
2026-08-24,TER,0,375.74,ACCUMULATE,369.56,388.41,366.545,64.99,RED,3,54,1,BREAKOUT,0,0,0,1,77,CONVICTION,1,,F:2/3,,shadow-screen,,YELLOW,
2026-08-24,TMC,0,4.79,CAUTION,4.45,4.68,3.9208,40.91,WHITE,0,27,0,BREAKDOWN,0,0,0,0,25,fails,0,G2 trend;G3 leader,F:1/2,,owner-request,,RED,
2026-08-24,TMDX,0,94.77,BOTTOMING,87.03,91.47,74.8559,65.33,WHITE,1,22,0,BREAKOUT,0,1,0,0,40,fails,0,G2 trend;G3 leader,F:3/3,,owner-request,,RED,
2026-08-24,TMO,0,629.27,HOLD,587.44,617.41,472.719,99.06,RED,3,5,1,BREAKOUT,0,0,0,0,62,fails,0,G3 leader,F:2/3,,shadow-screen,,RED,
2026-08-24,TMUS,0,183.04,CAUTION,178.79,187.91,182.438,32.88,WHITE,0,49,0,,0,0,0,1,22,fails,0,G2 trend;G3 leader,F:2/3,,shadow-screen,,RED,
2026-08-24,TOST,0,36.64,HOLD,34.18,35.92,28.1072,93.51,RED,4,3,1,BREAKOUT,0,0,0,0,65,fails,0,G3 leader,F:2/2,,owner-request,,NEUTRAL,
2026-08-24,TSLA,1,362.86,BOTTOMING,357.54,375.78,397.921,30.11,WHITE,0,9,0,BREAKOUT,0,0,0,1,15,fails,0,G1 size;G2 trend;G3 leader;G4 basis,F:1/3,,holding,,RED,
2026-08-24,TSM,1,418.95,ACCUMULATE,409.46,430.35,417.813,70.52,RED,3,64,1,INSIDE,0,0,0,1,69,STARTER,1,,F:3/3,12,holding,15,RED,33
2026-08-24,TXN,0,264.36,HOLD,215.34,226.32,279.718,34.85,RED,3,20,1,BREAKDOWN,0,0,0,0,38,fails,0,G3 leader;G4 basis,F:3/3,,shadow-screen,,YELLOW,
2026-08-24,UBER,0,78.8,BOTTOMING,72.13,75.81,73.5988,79.89,WHITE,1,36,1,BREAKOUT,0,1,0,0,47,fails,0,G2 trend;G3 leader,F:3/3,,owner-request,,RED,
2026-08-24,UNH,0,390.11,ACCUMULATE,380.34,399.74,424.412,61.38,RED,3,16,1,BREAKDOWN,0,0,0,1,53,fails,0,G3 leader;G4 basis,F:3/3,,shadow-screen,,YELLOW,
2026-08-24,V,0,371.04,ACCUMULATE,354.05,372.12,329.468,98.99,RED,4,8,1,BREAKOUT,0,0,0,1,63,fails,0,G3 leader,F:0/1,32,owner-request,27,NEUTRAL,30
2026-08-24,VRT,0,261.95,PULLBACK,258.36,271.54,263.63,42.07,AMBER,2,1,1,BREAKDOWN,0,0,0,1,38,fails,0,G2 trend;G4 basis,F:3/3,,owner-request,,NEUTRAL,
2026-08-24,VZ,0,49.45,ACCUMULATE,48.44,50.91,47.2932,90.83,RED,4,3,1,INSIDE,0,0,0,1,57,fails,0,G3 leader,F:2/3,,shadow-screen,,RED,
2026-08-24,WDC,0,459.44,HOLD,431.52,453.53,537.498,49.71,RED,3,64,1,BREAKOUT,0,1,0,0,59,fails,0,G4 basis,F:3/3,,shadow-screen,,NEUTRAL,
2026-08-24,WFC,0,83.84,ACCUMULATE,82.28,86.47,87.0812,46.6,RED,3,7,1,BREAKDOWN,0,0,0,0,42,fails,0,G3 leader;G4 basis,F:2/3,,shadow-screen,,YELLOW,
2026-08-24,WMT,0,103.7,CAUTION,101.47,106.64,114.745,10.28,WHITE,0,7,0,BREAKDOWN,1,1,0,1,13,fails,0,G2 trend;G3 leader;G4 basis,F:2/3,,shadow-screen,,YELLOW,
2026-08-24,XOM,0,165.11,ACCUMULATE,161.29,169.52,153.263,94.66,RED,4,6,1,BREAKOUT,0,0,0,1,58,fails,1,,F:—,,shadow-screen,,RED,
2026-08-24,ZETA,0,29.07,ACCUMULATE,28.1,29.54,18.4446,98.26,RED,4,13,1,INSIDE,0,0,0,1,80,CONVICTION,1,,F:2/2,19,owner-request,20,RED,12
2026-08-24,ZS,0,181.745,CAUTION,172.41,181.2,146.806,82.78,WHITE,1,37,1,,0,0,0,0,40,fails,0,G2 trend;G3 leader,F:3/3,,owner-request,,RED,
2026-08-25,0700,0,439.2,CAUTION,433.15,455.25,466.711,15.25,WHITE,0,28,0,BREAKDOWN,0,0,0,1,5,fails,0,G1 size;G2 trend;G3 leader;G4 basis,F:—,,owner-request,,YELLOW,
2026-08-25,1810,0,27.84,BOTTOMING,27.46,28.86,28.0161,37.62,WHITE,0,46,0,BREAKOUT,0,0,0,1,15,fails,0,G1 size;G2 trend;G3 leader;G4 basis,F:—,,owner-request,,RED,
2026-08-25,3690,0,79.45,CAUTION,76.32,80.22,83.8029,23.59,WHITE,0,71,0,,0,0,0,0,9,fails,0,G2 trend;G3 leader;G4 basis,F:—,,owner-request,,YELLOW,
2026-08-25,9992,1,156.2,CAUTION,151.17,158.89,154.259,29.73,WHITE,0,26,0,INSIDE,1,1,1,1,23,fails,0,G2 trend;G3 leader,F:—,,holding,,RED,
2026-08-25,AAL,0,13.63,CAUTION,12.35,12.98,15.1365,31.08,WHITE,1,2,0,BREAKDOWN,0,0,0,0,17,fails,0,G2 trend;G3 leader;G4 basis,F:2/3,,shadow-screen,,YELLOW,
2026-08-25,AAOI,0,107.63,PULLBACK,95.31,100.18,134.022,29.32,AMBER,2,1,1,BREAKDOWN,0,0,0,0,48,fails,0,G2 trend;G4 basis,F:1/3,,owner-request,,YELLOW,
2026-08-25,AAPL,1,310.34,ACCUMULATE,304.38,319.91,310.592,74.79,RED,3,22,1,INSIDE,1,0,1,1,45,fails,0,G1 size;G3 leader;G4 basis,F:2/3,16,holding,3,YELLOW,25
2026-08-25,ABBV,0,264.52,ACCUMULATE,258.81,272.02,249.255,98.59,RED,4,12,1,BREAKOUT,0,0,0,1,67,fails,0,G3 leader,F:2/3,,shadow-screen,,RED,
2026-08-25,ABCL,0,10.61,HOLD,9.39,9.87,4.0517,88.82,RED,4,18,1,BREAKOUT,0,0,0,0,90,CONVICTION,1,,F:2/3,,owner-request,,RED,
2026-08-25,ABT,0,116.67,ACCUMULATE,112.27,118,88.7909,89.56,RED,3,2,1,,0,0,0,1,52,fails,0,G3 leader,F:2/2,,shadow-screen,,RED,
2026-08-25,ACN,0,186.53,BOTTOMING,173.21,182.05,126.877,68.68,WHITE,1,31,0,BREAKOUT,0,0,1,0,27,fails,0,G2 trend;G3 leader,F:1/2,,shadow-screen,,RED,
2026-08-25,ADBE,0,276.27,CAUTION,246.64,259.23,251.675,82.34,WHITE,1,90,0,INSIDE,0,0,0,0,32,fails,0,G2 trend;G3 leader,F:3/3,,owner-request,,RED,
2026-08-25,ADI,0,371.17,HOLD,343.86,361.41,376.915,39.74,RED,3,42,1,BREAKDOWN,0,0,0,0,48,fails,0,G4 basis,F:3/3,,shadow-screen,,YELLOW,
2026-08-25,AEHR,0,96.43,ACCUMULATE,95.33,100.2,97.2783,67.02,RED,3,61,1,,0,0,0,0,80,fails,0,G4 basis,F:1/3,2,owner-request,25,YELLOW,2
2026-08-25,AFRM,0,76.88,HOLD,72.26,75.94,73.7316,81.57,RED,4,14,1,INSIDE,0,0,0,0,65,fails,0,G3 leader,F:2/2,,owner-request,,RED,
2026-08-25,ALAB,0,277.53,HOLD,200.06,210.27,123.076,51.73,RED,3,19,1,BREAKDOWN,0,0,0,0,67,STARTER,1,,F:3/3,,owner-request,,YELLOW,
2026-08-25,AMAT,0,484.19,HOLD,432.78,454.86,541.891,49.01,RED,3,50,1,BREAKOUT,0,0,0,0,59,fails,0,G4 basis,F:2/3,,owner-request,,YELLOW,
2026-08-25,AMD,1,456.745,HOLD,246.15,258.71,215.827,59.34,RED,3,24,1,BREAKDOWN,0,0,0,0,60,fails,0,G1 size,F:3/3,,holding,,YELLOW,
2026-08-25,AMZN,0,262.07,ACCUMULATE,257.09,270.21,229.756,76.17,RED,4,5,1,INSIDE,0,0,0,1,50,fails,0,G1 size;G3 leader,F:3/3,24,owner-request,16,YELLOW,18
2026-08-25,ANET,0,188.15,ACCUMULATE,184.51,193.92,143.099,86.37,RED,4,20,1,BREAKOUT,0,0,0,1,68,STARTER,1,,F:3/3,15,owner-request,11,YELLOW,11
2026-08-25,APH,0,155.55,ACCUMULATE,152.64,160.42,155.752,69.37,RED,3,14,1,BREAKDOWN,0,0,0,1,62,fails,0,G4 basis,F:3/3,,shadow-screen,,YELLOW,
2026-08-25,APP,0,298.59,CAUTION,,,312.934,1.89,WHITE,0,7,0,INSIDE,0,0,0,0,18,fails,0,G2 trend;G3 leader;G4 basis,F:2/2,,owner-request,,YELLOW,
2026-08-25,ARM,0,238.78,PULLBACK,223.05,234.43,210.673,47.27,AMBER,2,2,1,BREAKDOWN,0,0,0,0,57,fails,0,G2 trend,F:3/3,,owner-request,,YELLOW,
2026-08-25,ASML,0,1740.13,ACCUMULATE,1659.2,1743.85,1761.26,63.68,RED,3,54,1,BREAKDOWN,0,0,0,0,68,fails,0,G4 basis,F:1/1,5,owner-request,26,YELLOW,24
2026-08-25,ASTS,0,62.35,CAUTION,56.32,59.2,69.5636,17.21,WHITE,0,7,0,BREAKDOWN,0,0,0,0,17,fails,0,G2 trend;G3 leader;G4 basis,F:0/2,,owner-request,,YELLOW,
2026-08-25,AVGO,0,358.76,CAUTION,331.4,348.31,379.737,33.32,AMBER,2,2,0,BREAKDOWN,0,0,0,0,5,fails,0,G1 size;G2 trend;G3 leader;G4 basis,F:3/3,,owner-request,,YELLOW,
2026-08-25,AXON,0,597.59,ACCUMULATE,569.66,598.72,393.819,79.65,RED,4,4,1,,0,0,0,0,57,fails,0,G3 leader,F:3/3,31,owner-request,32,YELLOW,12
2026-08-25,AXP,0,337.33,HOLD,307.38,323.06,341.473,57.86,RED,3,5,1,BREAKDOWN,0,0,0,0,37,fails,0,G3 leader;G4 basis,F:2/3,,shadow-screen,,YELLOW,
2026-08-25,AXTI,0,65.4,ACCUMULATE,63.16,66.39,64.4517,45.06,RED,3,4,1,BREAKDOWN,0,0,0,0,72,STARTER,1,,F:0/3,1,owner-request,24,YELLOW,4
2026-08-25,AZO,0,3009.44,CAUTION,2710.1,2848.37,3077.93,16.61,WHITE,0,28,0,INSIDE,0,0,0,0,22,fails,0,G2 trend;G3 leader;G4 basis,F:2/3,,shadow-screen,,YELLOW,
2026-08-25,BA,0,210.46,CAUTION,195.94,205.94,216.677,21.61,WHITE,0,2,0,BREAKDOWN,0,0,0,0,17,fails,0,G2 trend;G3 leader;G4 basis,F:2/3,,shadow-screen,,YELLOW,
2026-08-25,BAC,0,62.33,ACCUMULATE,60.8,63.9,52.31,87.79,RED,4,13,1,BREAKDOWN,0,0,0,1,58,fails,0,G3 leader,F:2/3,,shadow-screen,,YELLOW,
2026-08-25,BB,0,7.65,HOLD,6.08,6.39,8.9098,34.28,RED,3,19,1,BREAKDOWN,0,0,0,0,65,fails,0,G4 basis,F:2/3,,owner-request,,YELLOW,
2026-08-25,BE,0,204.02,PULLBACK,163.65,172,212.704,41.75,AMBER,2,2,1,BREAKDOWN,0,0,0,0,44,fails,0,G2 trend;G4 basis,F:0/1,,shadow-screen,,YELLOW,
2026-08-25,BKNG,0,213.36,ACCUMULATE,207.52,218.11,168.127,94.03,RED,4,4,1,INSIDE,0,0,0,1,62,fails,0,G3 leader,F:2/3,,shadow-screen,,NEUTRAL,
2026-08-25,BSX,0,49.01,BOTTOMING,48.58,51.06,44.6055,43.36,WHITE,0,39,0,BREAKOUT,0,0,0,1,32,fails,0,G2 trend;G3 leader,F:3/3,,shadow-screen,,YELLOW,
2026-08-25,C,0,131.72,ACCUMULATE,129.31,135.91,131.949,59.76,RED,3,24,1,BREAKDOWN,0,0,0,1,57,fails,0,G4 basis,F:2/3,,shadow-screen,,YELLOW,
2026-08-25,CAT,0,811.02,PULLBACK,802.25,843.18,887.084,38.51,AMBER,2,1,1,BREAKDOWN,0,0,0,1,38,fails,0,G2 trend;G4 basis,F:2/3,,shadow-screen,,YELLOW,
2026-08-25,CAVA,0,71.93,CAUTION,70.04,73.61,63.1027,51.22,WHITE,1,6,0,,0,0,0,1,30,fails,0,G2 trend;G3 leader,F:3/3,,owner-request,,RED,
2026-08-25,CBRS,0,185.43,CAUTION,175.09,184.02,223.77,11.79,WHITE,0,16,0,BREAKDOWN,0,0,0,0,18,fails,0,G2 trend;G3 leader;G4 basis;G5 data,F:—,,shadow-screen,,YELLOW,
2026-08-25,CDE,0,20.88,ACCUMULATE,20.59,21.64,16.2809,87.93,RED,3,1,1,BREAKOUT,0,0,0,1,77,CONVICTION,1,,F:2/3,10,owner-request,7,RED,32
2026-08-25,CEG,0,273.43,BOTTOMING,265.21,278.75,270.626,43.54,WHITE,0,31,0,BREAKOUT,0,0,0,1,32,fails,0,G2 trend;G3 leader,F:2/3,,shadow-screen,,NEUTRAL,
2026-08-25,CIEN,0,371.95,PULLBACK,367.86,386.63,440.28,35.72,AMBER,2,2,1,BREAKDOWN,0,0,0,1,47,fails,0,G2 trend;G4 basis,F:3/3,,shadow-screen,,YELLOW,
2026-08-25,CIFR,0,15.36,CAUTION,6.09,6.4,17.1209,18.07,WHITE,1,1,0,,0,1,0,0,37,fails,0,G2 trend;G4 basis,F:2/3,,owner-request,,YELLOW,
2026-08-25,COHR,0,275.49,PULLBACK,260.58,273.87,324.506,36.27,AMBER,2,2,1,BREAKDOWN,0,0,1,0,43,fails,0,G2 trend;G4 basis,F:2/3,,shadow-screen,,YELLOW,
2026-08-25,COIN,0,179.48,BOTTOMING,167.55,176.1,150.316,52.52,WHITE,0,39,0,BREAKOUT,0,0,0,0,28,fails,0,G2 trend;G3 leader,F:1/2,,owner-request,,RED,
2026-08-25,COST,0,971.4,PULLBACK,936.51,984.3,955.627,61.87,AMBER,2,1,1,BREAKOUT,0,0,0,1,43,fails,0,G2 trend;G3 leader,F:2/3,,owner-request,,RED,
2026-08-25,CRCL,0,87.72,CAUTION,80.43,84.54,63.3924,55.5,AMBER,2,1,0,BREAKDOWN,1,1,1,0,32,fails,0,G2 trend;G3 leader,F:2/2,,shadow-screen,,RED,
2026-08-25,CRDO,0,222.61,ACCUMULATE,215.09,226.07,247.119,60.5,RED,3,19,1,BREAKDOWN,0,0,0,0,72,fails,0,G4 basis,F:3/3,7,owner-request,27,YELLOW,9
2026-08-25,CRM,0,209.06,CAUTION,188.22,197.82,185.994,86.34,WHITE,1,76,1,,0,0,0,0,33,fails,0,G2 trend;G3 leader,F:2/3,,owner-request,,RED,
2026-08-25,CRWD,0,190.68,ACCUMULATE,185.38,194.84,102.282,80.03,RED,4,16,1,BREAKDOWN,0,0,0,1,73,STARTER,1,,F:2/2,9,owner-request,6,YELLOW,5
2026-08-25,CRWV,0,86.25,CAUTION,81.1,85.24,90.4324,30.41,WHITE,1,2,0,BREAKDOWN,0,0,0,0,14,fails,0,G2 trend;G3 leader;G4 basis,F:2/2,,owner-request,,YELLOW,
2026-08-25,CSCO,0,110.23,HOLD,89.92,94.5,77.9846,44.44,RED,3,70,1,INSIDE,0,0,0,0,63,STARTER,1,,F:2/3,,shadow-screen,,YELLOW,
2026-08-25,CSPX,1,828.03,ACCUMULATE,817.47,859.17,805.023,92.69,RED,4,20,1,BREAKDOWN,0,0,0,1,60,fails,0,G3 leader,F:—,21,holding,14,YELLOW,27
2026-08-25,CVX,0,203.09,HOLD,192.07,201.87,189.924,92.34,RED,4,7,1,INSIDE,0,0,0,0,48,fails,0,G3 leader,F:1/3,,shadow-screen,,RED,
2026-08-25,D05,0,75.88,ACCUMULATE,74.52,78.32,57.6073,92.91,RED,4,71,1,BREAKOUT,0,0,0,1,75,CONVICTION,1,,F:—,13,owner-request,9,NEUTRAL,13
2026-08-25,DDOG,1,225.77,HOLD,140.42,147.59,125.934,54.45,RED,3,17,1,INSIDE,0,1,0,0,72,STARTER,1,,F:2/2,,holding,,YELLOW,
2026-08-25,DELL,0,433.19,ACCUMULATE,427.1,448.9,119.097,81.62,RED,4,26,1,BREAKOUT,0,0,0,1,78,CONVICTION,1,,F:2/2,4,owner-request,5,YELLOW,1
2026-08-25,DRAM,1,54.28,CAUTION,53.34,56.06,54.43,36.07,AMBER,2,6,0,,0,0,0,1,34,fails,0,G2 trend;G4 basis;G5 data,F:—,,holding,,NEUTRAL,
2026-08-25,DUOL,0,146.84,CAUTION,128.52,135.08,98.8507,79.58,WHITE,1,55,0,,0,0,0,0,35,fails,0,G2 trend;G3 leader,F:2/2,,owner-request,,RED,
2026-08-25,ETHA,0,18.66,BOTTOMING,18.46,19.41,14.3238,76.35,WHITE,1,39,1,BREAKOUT,0,0,0,1,57,fails,0,G2 trend;G3 leader,F:1/2,,owner-request,,RED,
2026-08-25,ETN,0,408.67,ACCUMULATE,397.31,417.58,405.419,71.2,RED,4,25,1,BREAKDOWN,0,0,0,0,57,fails,0,G3 leader,F:3/3,,shadow-screen,,YELLOW,
2026-08-25,FCX,0,77.8,ACCUMULATE,74.43,78.23,61.98,99.72,RED,4,6,1,BREAKOUT,0,0,0,0,77,CONVICTION,1,,F:2/3,,shadow-screen,,RED,
2026-08-25,GE,0,341.84,ACCUMULATE,336.57,353.74,284.854,63.38,RED,3,14,1,BREAKDOWN,0,0,0,1,57,fails,0,G3 leader,F:3/3,,shadow-screen,,YELLOW,
2026-08-25,GEV,0,942.1,PULLBACK,920.43,967.39,1065.33,42.89,AMBER,2,1,1,BREAKDOWN,0,0,0,1,38,fails,0,G2 trend;G4 basis,F:2/3,,shadow-screen,,YELLOW,
2026-08-25,GLW,0,145.55,CAUTION,140.52,147.69,159.819,32.92,AMBER,2,2,0,BREAKDOWN,0,0,0,1,33,fails,0,G2 trend;G4 basis,F:1/1,,shadow-screen,,NEUTRAL,
2026-08-25,GOOG,1,344.59,ACCUMULATE,334.77,351.85,341.604,58.96,RED,3,5,1,INSIDE,0,0,0,1,55,fails,0,G1 size,F:2/2,12,holding,8,NEUTRAL,29
2026-08-25,GOOGL,0,348.06,ACCUMULATE,338.01,355.26,344.911,62.19,RED,3,5,1,BREAKOUT,1,0,1,1,65,fails,0,G1 size,F:2/2,11,owner-request,2,NEUTRAL,28
2026-08-25,GRAB,0,3.52,CAUTION,3.55,3.73,3.6237,30.78,WHITE,0,34,0,INSIDE,1,0,1,1,25,fails,0,G2 trend;G3 leader;G4 basis,F:2/2,,owner-request,,YELLOW,
2026-08-25,GS,0,1036.28,ACCUMULATE,1020,1072.05,1040.82,69.5,RED,3,22,1,INSIDE,0,0,0,1,63,fails,0,G4 basis,F:2/2,,shadow-screen,,NEUTRAL,
2026-08-25,HD,0,337.43,CAUTION,328.48,345.24,335.183,46.05,WHITE,0,26,0,BREAKDOWN,0,0,0,1,22,fails,0,G2 trend;G3 leader,F:2/3,,shadow-screen,,YELLOW,
2026-08-25,HIMS,0,31.08,HOLD,28.77,30.24,29.3603,62.66,RED,4,2,1,BREAKDOWN,0,0,0,0,55,fails,0,G3 leader,F:2/2,,owner-request,,RED,
2026-08-25,HON,0,214.77,CAUTION,210.2,220.92,224.045,12.99,WHITE,0,1,0,BREAKDOWN,1,0,1,1,17,fails,0,G2 trend;G3 leader;G4 basis,F:2/3,,shadow-screen,,YELLOW,
2026-08-25,HOOD,0,103.62,HOLD,98.54,103.57,76.046,71.9,RED,3,4,1,BREAKOUT,0,0,0,0,58,fails,0,G3 leader,F:2/2,,owner-request,,RED,
2026-08-25,IBIT,0,44.64,BOTTOMING,44.15,46.4,36.3375,74.35,WHITE,1,41,1,BREAKOUT,0,0,0,1,48,fails,0,G2 trend;G3 leader,F:1/2,,owner-request,,RED,
2026-08-25,IBM,0,231.04,CAUTION,223.49,234.89,235.313,36.36,WHITE,0,7,0,INSIDE,0,0,0,1,22,fails,0,G2 trend;G3 leader;G4 basis,F:2/3,,shadow-screen,,NEUTRAL,
2026-08-25,ICE,0,162.99,BOTTOMING,158,166.06,155.347,87.18,WHITE,1,29,1,BREAKOUT,0,0,0,1,47,fails,0,G2 trend;G3 leader,F:2/3,,owner-request,,RED,
2026-08-25,IGV,0,102.45,ACCUMULATE,100.28,105.4,92.8767,87.43,RED,4,4,1,INSIDE,0,0,0,1,62,fails,0,G3 leader,F:—,30,owner-request,22,NEUTRAL,15
2026-08-25,INTC,0,87.26,ACCUMULATE,84.01,88.3,97.1535,38.98,RED,3,54,1,BREAKDOWN,0,0,0,1,60,fails,0,G1 size;G4 basis,F:1/3,3,owner-request,4,YELLOW,6
2026-08-25,INTU,0,369.92,BOTTOMING,355.42,373.56,311.263,67.21,WHITE,0,47,0,BREAKOUT,0,0,0,1,37,fails,0,G2 trend;G3 leader,F:3/3,,shadow-screen,,RED,
2026-08-25,IONQ,0,41.06,BOTTOMING,39.96,42,43.5,32.3,WHITE,0,7,0,BREAKOUT,0,0,0,0,32,fails,0,G2 trend;G3 leader;G4 basis,F:1/3,,shadow-screen,,NEUTRAL,
2026-08-25,IOT,0,40.33,ACCUMULATE,38.61,40.58,37.1655,94.84,RED,4,5,1,INSIDE,0,0,0,1,65,fails,0,G3 leader,F:2/2,20,owner-request,13,NEUTRAL,10
2026-08-25,IREN,0,39.81,CAUTION,32.9,34.58,40.5252,23.18,WHITE,0,7,0,BREAKDOWN,0,0,0,0,28,fails,0,G2 trend;G4 basis,F:2/2,,owner-request,,NEUTRAL,
2026-08-25,ISRG,0,373.57,CAUTION,366.93,385.65,403.484,20.75,WHITE,0,30,0,BREAKDOWN,0,0,0,1,17,fails,0,G2 trend;G3 leader;G4 basis,F:3/3,,shadow-screen,,YELLOW,
2026-08-25,IWM,0,297.97,ACCUMULATE,289.11,303.87,295.015,87.87,RED,3,22,1,BREAKDOWN,0,0,0,0,45,fails,0,G1 size;G3 leader,F:—,17,owner-request,29,YELLOW,26
2026-08-25,JNJ,0,273.04,ACCUMULATE,263.73,277.19,229.509,99.2,RED,4,59,1,,0,0,0,1,63,STARTER,1,,F:2/3,,shadow-screen,,RED,
2026-08-25,JPM,0,356.39,ACCUMULATE,349.42,367.25,310.141,90.59,RED,4,13,1,BREAKDOWN,0,0,0,1,53,fails,0,G3 leader,F:2/3,19,owner-request,12,YELLOW,22
2026-08-25,KLAC,0,181.57,PULLBACK,177.86,186.93,181.489,43.39,AMBER,2,2,1,BREAKOUT,0,0,0,1,43,fails,0,G2 trend,F:2/3,,owner-request,,YELLOW,
2026-08-25,KO,0,91.99,ACCUMULATE,88.8,93.33,81.4021,99.85,RED,4,34,1,BREAKOUT,0,0,0,1,67,fails,0,G3 leader,F:—,,shadow-screen,,RED,
2026-08-25,LIN,0,490.03,PULLBACK,470.73,494.75,480.339,43.9,AMBER,2,5,1,,0,0,0,1,32,fails,0,G2 trend;G3 leader,F:2/3,,shadow-screen,,RED,
2026-08-25,LITE,0,830.17,HOLD,707.99,744.11,871.238,53.52,RED,3,65,1,BREAKOUT,0,0,1,0,59,fails,0,G4 basis,F:2/3,,owner-request,,YELLOW,
2026-08-25,LLY,0,1246.93,HOLD,1183.59,1243.98,1163.06,96.8,RED,4,16,1,BREAKOUT,0,0,0,0,69,STARTER,1,,F:3/3,,owner-request,,RED,
2026-08-25,LMND,0,53.85,BOTTOMING,52.15,54.81,53.2151,32.13,WHITE,0,5,0,BREAKOUT,0,0,0,1,35,fails,0,G2 trend;G3 leader,F:2/3,,owner-request,,RED,
2026-08-25,LRCX,0,310.17,HOLD,291.27,306.13,314.235,57.19,RED,3,65,1,BREAKOUT,0,0,0,0,59,fails,0,G4 basis,F:3/3,,owner-request,,NEUTRAL,
2026-08-25,MA,0,599.86,ACCUMULATE,580.45,610.06,494.824,99.93,RED,4,5,1,BREAKOUT,0,0,0,1,58,fails,0,G3 leader,F:3/3,28,owner-request,20,RED,21
2026-08-25,MCD,0,272.54,CAUTION,263.48,276.92,268.859,30.28,WHITE,0,22,0,,1,1,0,1,22,fails,0,G2 trend;G3 leader,F:2/3,,shadow-screen,,RED,
2026-08-25,MCHP,0,74.21,CAUTION,73.02,76.74,78.6934,25.48,AMBER,2,3,0,BREAKDOWN,0,0,0,1,17,fails,0,G2 trend;G3 leader;G4 basis,F:2/3,,shadow-screen,,YELLOW,
2026-08-25,MDB,0,402.69,HOLD,372.04,391.02,322.776,86.12,RED,4,5,1,BREAKOUT,0,0,0,0,67,STARTER,1,,F:3/3,,owner-request,,YELLOW,
2026-08-25,META,0,559.02,CAUTION,551.88,580.04,604.457,14.26,WHITE,0,42,0,BREAKDOWN,0,0,0,1,5,fails,0,G1 size;G2 trend;G3 leader;G4 basis,F:2/2,,owner-request,,YELLOW,
2026-08-25,MPWR,0,1285.03,PULLBACK,1143.45,1201.79,1331.57,32.68,AMBER,2,2,1,BREAKDOWN,0,0,0,0,37,fails,0,G2 trend;G4 basis,F:3/3,,shadow-screen,,YELLOW,
2026-08-25,MRK,0,150.66,ACCUMULATE,147.65,155.18,120.702,97.51,RED,4,43,1,,0,0,0,0,73,STARTER,1,,F:2/3,,shadow-screen,,RED,
2026-08-25,MRVL,0,229.29,HOLD,215.66,226.67,89.2744,58.85,RED,3,27,1,INSIDE,0,0,1,0,65,fails,0,G1 size,F:3/3,,owner-request,,RED,
2026-08-25,MS,0,214.08,ACCUMULATE,210.98,221.75,215.288,72.3,RED,3,22,1,INSIDE,0,0,0,1,72,fails,0,G4 basis,F:2/3,,shadow-screen,,YELLOW,
2026-08-25,MSFT,0,487.31,ACCUMULATE,473.12,497.25,394.416,86.21,RED,4,4,1,INSIDE,0,0,0,1,50,fails,0,G1 size;G3 leader,F:3/3,29,owner-request,21,NEUTRAL,19
2026-08-25,MSTR,0,122.63,CAUTION,118.98,125.05,94.9249,51.41,WHITE,0,47,0,BREAKDOWN,0,0,0,1,18,fails,0,G2 trend;G3 leader,F:0/2,,shadow-screen,,RED,
2026-08-25,MU,1,910.43,HOLD,860.39,904.29,928.221,62.73,RED,3,64,1,BREAKDOWN,0,0,0,0,60,fails,0,G1 size;G4 basis,F:3/3,,holding,,NEUTRAL,
2026-08-25,NAK,0,1.78,BOTTOMING,1.62,1.7,1.9759,42.77,WHITE,1,8,1,BREAKOUT,0,0,0,0,60,fails,0,G2 trend;G4 basis,F:1/1,,owner-request,,RED,
2026-08-25,NBIS,1,210.91,HOLD,199.34,209.51,220.083,60.7,RED,3,30,1,BREAKOUT,0,0,0,0,65,fails,0,G1 size;G4 basis,F:2/2,,holding,,YELLOW,
2026-08-25,NEE,0,84.1,CAUTION,78.87,82.89,86.065,16.93,WHITE,1,3,0,BREAKDOWN,0,0,0,0,17,fails,0,G2 trend;G3 leader;G4 basis,F:2/3,,shadow-screen,,YELLOW,
2026-08-25,NET,0,280.35,HOLD,266.58,280.18,198.309,80.76,RED,4,20,1,BREAKOUT,0,0,0,0,77,CONVICTION,1,,F:2/2,,owner-request,,YELLOW,
2026-08-25,NFLX,0,80.01,CAUTION,78.98,83.01,73.72,45.23,WHITE,0,41,0,BREAKDOWN,0,0,0,1,18,fails,0,G2 trend;G3 leader,F:2/3,,owner-request,,RED,
2026-08-25,NKE,0,40.75,CAUTION,40.95,43.04,41.7817,15.78,WHITE,0,47,0,BREAKDOWN,1,1,0,1,17,fails,0,G2 trend;G3 leader;G4 basis,F:2/3,,shadow-screen,,YELLOW,
2026-08-25,NOK,0,9.96,PULLBACK,9.22,9.69,10.3764,32.2,AMBER,2,2,1,BREAKOUT,0,0,0,0,62,fails,0,G2 trend;G4 basis,F:1/1,,owner-request,,NEUTRAL,
2026-08-25,NOW,0,128.05,PULLBACK,124.42,130.77,102.561,87.36,AMBER,2,1,1,INSIDE,0,0,0,1,43,fails,0,G2 trend;G3 leader,F:2/3,,owner-request,,RED,
2026-08-25,NTDOY,0,13.8,BOTTOMING,13.49,14.18,11.0218,76.22,WHITE,1,38,0,BREAKOUT,0,0,0,1,40,fails,0,G2 trend;G3 leader,F:—,,owner-request,,RED,
2026-08-25,NVDA,1,208.48,ACCUMULATE,205.08,215.54,209.265,68.76,RED,3,9,1,BREAKDOWN,0,0,0,0,40,fails,0,G1 size;G3 leader;G4 basis,F:3/3,23,holding,31,YELLOW,30
2026-08-25,NVO,0,46.92,CAUTION,45.96,48.3,46.894,60.89,WHITE,0,5,0,BREAKDOWN,1,0,1,1,32,fails,0,G2 trend;G3 leader,F:—,,owner-request,,RED,
2026-08-25,NXPI,0,222.44,CAUTION,189.7,199.38,233.417,18.25,WHITE,0,2,0,BREAKDOWN,0,0,0,0,17,fails,0,G2 trend;G3 leader;G4 basis,F:1/2,,shadow-screen,,NEUTRAL,
2026-08-25,ON,0,71.93,CAUTION,59.69,62.73,81.6815,28.08,AMBER,2,5,0,BREAKDOWN,0,0,0,0,27,fails,0,G2 trend;G4 basis,F:2/3,,shadow-screen,,YELLOW,
2026-08-25,ONDS,0,8.24,CAUTION,7.46,7.84,8.8575,35.68,WHITE,0,8,0,BREAKDOWN,0,0,1,0,32,fails,0,G2 trend;G4 basis,F:1/3,,owner-request,,YELLOW,
2026-08-25,ONON,0,29.51,CAUTION,,,31.0357,0.32,WHITE,0,26,0,BREAKDOWN,0,1,0,0,20,fails,0,G2 trend;G3 leader;G4 basis,F:1/1,,owner-request,,YELLOW,
2026-08-25,ORCL,0,142.45,CAUTION,128.21,134.75,145.075,25.1,WHITE,0,10,0,BREAKDOWN,0,0,0,0,9,fails,0,G2 trend;G3 leader;G4 basis,F:3/3,,owner-request,,NEUTRAL,
2026-08-25,OSCR,0,31.81,ACCUMULATE,30.69,32.26,13.468,95.51,RED,4,17,1,,0,1,0,1,80,CONVICTION,1,,F:2/2,6,owner-request,1,RED,3
2026-08-25,OUST,0,35.75,ACCUMULATE,35.56,37.37,45.2036,42.72,RED,3,18,1,BREAKDOWN,0,0,0,1,55,fails,0,G3 leader;G4 basis,F:1/3,22,owner-request,15,YELLOW,7
2026-08-25,P,0,100.44,HOLD,85.73,90.11,73.5206,87.65,RED,4,6,1,,0,0,0,0,70,STARTER,1,,F:3/3,,owner-request,,YELLOW,
2026-08-25,PANW,0,350.9,HOLD,318.89,335.16,167.327,85.47,RED,4,16,1,,0,0,0,0,68,STARTER,1,,F:2/3,,owner-request,,YELLOW,
2026-08-25,PEP,0,144.67,BOTTOMING,139.48,146.59,142.322,58.71,WHITE,0,14,0,BREAKOUT,0,0,0,1,32,fails,0,G2 trend;G3 leader,F:2/3,,shadow-screen,,RED,
2026-08-25,PFE,0,27.97,HOLD,24.67,25.92,25.169,97.09,RED,4,2,1,BREAKOUT,0,0,0,0,47,fails,0,G3 leader,F:2/3,,shadow-screen,,RED,
2026-08-25,PG,0,146.6,BOTTOMING,141.38,148.59,144.267,49.05,WHITE,0,6,0,BREAKOUT,0,0,0,1,32,fails,0,G2 trend;G3 leader,F:2/3,,shadow-screen,,RED,
2026-08-25,PL,0,21.57,CAUTION,19.84,20.85,22.7495,21.19,WHITE,0,5,0,BREAKDOWN,0,0,0,0,40,fails,0,G2 trend;G4 basis,F:2/2,,owner-request,,NEUTRAL,
2026-08-25,PLTR,1,175.89,ACCUMULATE,171.26,180,134.44,88.03,RED,4,2,1,INSIDE,0,0,0,1,50,fails,0,G1 size;G3 leader,F:2/2,25,holding,17,RED,14
2026-08-25,QCOM,0,158.53,CAUTION,155.73,163.68,164.19,25.81,WHITE,1,5,0,BREAKDOWN,0,0,0,1,13,fails,0,G2 trend;G3 leader;G4 basis,F:3/3,,owner-request,,NEUTRAL,
2026-08-25,QQQ,0,706.32,ACCUMULATE,679.17,713.82,717.751,65.7,RED,3,21,1,BREAKDOWN,0,0,0,0,40,fails,0,G1 size;G3 leader;G4 basis,F:—,18,owner-request,30,YELLOW,23
2026-08-25,QQQM,1,290.81,HOLD,271.29,285.13,295.486,62.56,RED,3,21,1,BREAKDOWN,0,0,0,0,47,fails,0,G3 leader;G4 basis,F:—,,holding,,YELLOW,
2026-08-25,RBLX,0,38.76,CAUTION,36.49,38.35,37.2302,21.97,WHITE,0,38,0,INSIDE,0,0,0,0,27,fails,0,G2 trend;G3 leader,F:2/2,,owner-request,,RED,
2026-08-25,RBRK,0,98.04,HOLD,85.54,89.9,71.6537,92.98,RED,4,13,1,BREAKOUT,0,0,0,0,75,fails,0,G3 leader,F:2/2,,owner-request,,RED,
2026-08-25,RDDT,0,152.7,CAUTION,143.91,151.25,169.36,29.64,WHITE,0,5,0,INSIDE,0,0,0,0,27,fails,0,G2 trend;G3 leader;G4 basis,F:2/2,,owner-request,,YELLOW,
2026-08-25,RKLB,0,68.28,CAUTION,66.65,70.05,68.0144,25.67,WHITE,0,3,0,BREAKDOWN,0,0,0,0,32,fails,0,G2 trend,F:1/3,,owner-request,,YELLOW,
2026-08-25,RTX,0,209.22,HOLD,191.96,201.75,176.086,78.05,RED,4,11,1,BREAKDOWN,0,0,0,0,52,fails,0,G3 leader,F:2/3,,shadow-screen,,YELLOW,
2026-08-25,SATL,0,5.28,PULLBACK,4.43,4.66,5.7825,40.36,AMBER,2,1,1,BREAKDOWN,0,0,0,0,45,fails,0,G2 trend;G4 basis,F:1/2,,owner-request,,NEUTRAL,
2026-08-25,SCHW,0,113.65,ACCUMULATE,111.39,117.07,92.2225,99.51,RED,4,8,1,BREAKOUT,0,0,0,0,72,fails,0,G3 leader,F:3/3,,shadow-screen,,RED,
2026-08-25,SE,0,115.68,ACCUMULATE,112.41,118.15,89.3319,70.84,RED,3,3,1,INSIDE,0,0,0,1,57,fails,0,G3 leader,F:2/2,32,owner-request,23,YELLOW,31
2026-08-25,SHOP,0,149.8,ACCUMULATE,145.53,152.95,119.427,85.11,RED,4,3,1,INSIDE,0,0,0,1,58,fails,0,G3 leader,F:2/2,27,owner-request,19,NEUTRAL,17
2026-08-25,SMCI,0,35.17,HOLD,30.18,31.72,30.7939,70.98,RED,4,2,1,BREAKOUT,0,0,1,0,53,fails,0,G3 leader,F:3/3,,shadow-screen,,NEUTRAL,
2026-08-25,SMH,0,546.8,ACCUMULATE,535.87,563.21,571.321,43.21,RED,3,64,1,BREAKDOWN,0,0,0,0,55,fails,0,G1 size;G4 basis,F:—,8,owner-request,28,YELLOW,16
2026-08-25,SNDK,0,1493.12,HOLD,1366.81,1436.55,638.592,68.14,RED,3,63,1,BREAKOUT,0,0,0,0,70,fails,0,G1 size,F:3/3,,owner-request,,NEUTRAL,
2026-08-25,SNOW,0,322.78,HOLD,261.89,275.25,237.448,93.62,RED,4,12,1,INSIDE,0,0,0,0,68,STARTER,1,,F:3/3,,owner-request,,YELLOW,
2026-08-25,SOFI,0,18.24,CAUTION,18,18.92,18.3663,61.66,WHITE,0,28,0,INSIDE,0,0,0,1,27,fails,0,G2 trend;G3 leader;G4 basis,F:3/3,,owner-request,,RED,
2026-08-25,SPCX,1,135,CAUTION,132.83,139.6,135.536,39.01,WHITE,0,8,0,,0,0,0,0,10,fails,0,G1 size;G2 trend;G3 leader;G4 basis;G5 data,F:—,,holding,,NEUTRAL,
2026-08-25,STX,0,794.65,HOLD,400.57,421,866.044,49.99,RED,3,67,1,BREAKOUT,0,0,1,0,59,fails,0,G4 basis,F:3/3,,shadow-screen,,YELLOW,
2026-08-25,T,0,25.69,PULLBACK,24.32,25.56,23.3142,77.39,AMBER,2,2,1,BREAKOUT,0,0,0,0,37,fails,0,G2 trend;G3 leader,F:2/3,,shadow-screen,,RED,
2026-08-25,TE,0,4.32,CAUTION,4.36,4.58,5.9194,10.64,WHITE,0,5,0,INSIDE,0,0,0,1,45,fails,0,G2 trend;G4 basis,F:2/3,,owner-request,,NEUTRAL,
2026-08-25,TEAM,0,171.33,HOLD,157.79,165.84,86.2643,94.82,RED,4,3,1,BREAKOUT,0,0,0,0,62,fails,0,G3 leader,F:2/2,,owner-request,,RED,
2026-08-25,TER,0,364.9,ACCUMULATE,352.32,370.29,359.509,57,RED,3,55,1,INSIDE,0,0,0,0,77,CONVICTION,1,,F:2/3,,shadow-screen,,YELLOW,
2026-08-25,TMC,0,4.735,CAUTION,4.45,4.68,4.5407,39.3,WHITE,0,28,0,BREAKDOWN,0,0,0,0,25,fails,0,G2 trend;G3 leader,F:1/2,,owner-request,,RED,
2026-08-25,TMDX,0,93.6,BOTTOMING,91.13,95.78,74.8559,64.8,WHITE,1,23,0,BREAKOUT,0,1,0,1,40,fails,0,G2 trend;G3 leader,F:3/3,,owner-request,,RED,
2026-08-25,TMO,0,628.74,ACCUMULATE,608.52,639.57,472.719,99.07,RED,3,6,1,BREAKOUT,0,0,0,1,62,fails,0,G3 leader,F:2/3,,shadow-screen,,RED,
2026-08-25,TMUS,0,182.62,CAUTION,178.79,187.91,182.438,33.03,WHITE,0,50,0,,0,0,0,1,22,fails,0,G2 trend;G3 leader,F:2/3,,shadow-screen,,RED,
2026-08-25,TOST,0,36.71,HOLD,34.18,35.92,28.1072,93.17,RED,4,4,1,INSIDE,0,0,0,0,60,fails,0,G3 leader,F:2/2,,owner-request,,RED,
2026-08-25,TSLA,1,348.95,BOTTOMING,334.84,351.93,397.921,25.97,WHITE,0,10,0,BREAKOUT,0,0,0,1,15,fails,0,G1 size;G2 trend;G3 leader;G4 basis,F:1/3,,holding,,RED,
2026-08-25,TSM,1,410.12,HOLD,361.49,379.93,417.813,56.84,RED,3,65,1,BREAKDOWN,0,0,0,0,49,fails,0,G4 basis,F:3/3,,holding,,YELLOW,
2026-08-25,TXN,0,258.94,PULLBACK,215.34,226.32,279.718,34.59,AMBER,2,1,1,BREAKDOWN,0,0,0,0,23,fails,0,G2 trend;G3 leader;G4 basis,F:3/3,,shadow-screen,,YELLOW,
2026-08-25,UBER,0,79.29,BOTTOMING,72.13,75.81,73.5988,81.68,WHITE,1,37,1,BREAKOUT,0,1,0,0,47,fails,0,G2 trend;G3 leader,F:3/3,,owner-request,,RED,
2026-08-25,UNH,0,398.76,ACCUMULATE,386.81,406.54,424.412,68.31,RED,3,17,1,INSIDE,0,0,0,1,58,fails,0,G3 leader;G4 basis,F:3/3,,shadow-screen,,NEUTRAL,
2026-08-25,V,0,382.41,ACCUMULATE,369.79,388.65,328.608,99.93,RED,4,9,1,BREAKOUT,0,0,0,1,68,fails,0,G3 leader,F:0/1,26,owner-request,18,RED,20
2026-08-25,VRT,0,254.97,PULLBACK,237.08,249.18,263.63,37.49,AMBER,2,2,1,BREAKDOWN,0,0,0,0,38,fails,0,G2 trend;G4 basis,F:3/3,,owner-request,,YELLOW,
2026-08-25,VZ,0,50.15,ACCUMULATE,48.49,50.97,47.3705,94.87,RED,4,4,1,BREAKOUT,0,0,0,1,62,fails,0,G3 leader,F:2/3,,shadow-screen,,RED,
2026-08-25,WDC,0,435.38,ACCUMULATE,431.52,453.53,537.498,44.48,RED,3,65,1,BREAKOUT,1,1,0,1,64,fails,0,G4 basis,F:3/3,,shadow-screen,,YELLOW,
2026-08-25,WFC,0,84.72,ACCUMULATE,82.28,86.47,87.0812,54.61,RED,3,8,1,BREAKDOWN,0,0,0,1,47,fails,0,G3 leader;G4 basis,F:2/3,,shadow-screen,,YELLOW,
2026-08-25,WMT,0,106.49,CAUTION,101.47,106.64,114.745,15.57,WHITE,0,8,0,BREAKDOWN,1,1,0,1,13,fails,0,G2 trend;G3 leader;G4 basis,F:2/3,,shadow-screen,,YELLOW,
2026-08-25,XOM,0,164.05,ACCUMULATE,161.29,169.52,153.263,92.71,RED,4,7,1,BREAKOUT,0,0,0,1,58,fails,1,,F:—,,shadow-screen,,RED,
2026-08-25,ZETA,0,28.47,ACCUMULATE,28.1,29.54,18.4446,95.06,RED,4,14,1,INSIDE,0,0,0,1,80,CONVICTION,1,,F:2/2,14,owner-request,10,NEUTRAL,8
2026-08-25,ZS,0,176.06,CAUTION,172.41,181.2,146.806,79.41,WHITE,1,38,1,,0,0,0,1,45,fails,0,G2 trend;G3 leader,F:3/3,,owner-request,,YELLOW,
2026-08-26,0700,0,449.4,CAUTION,433.15,455.25,441.993,26.22,WHITE,0,28,0,INSIDE,0,0,0,1,15,fails,0,G1 size;G2 trend;G3 leader,F:—,,owner-request,,YELLOW,
2026-08-26,1810,0,28.68,BOTTOMING,27.46,28.86,28.0161,47.99,WHITE,0,46,0,BREAKOUT,0,0,0,1,24,fails,0,G2 trend;G3 leader,F:—,,owner-request,,RED,
2026-08-26,3690,0,79.15,CAUTION,,,83.8029,23.52,WHITE,0,71,0,,0,0,0,0,9,fails,0,G2 trend;G3 leader;G4 basis,F:—,,owner-request,,YELLOW,
2026-08-26,9992,1,156.4,CAUTION,151.17,158.89,154.259,29.65,WHITE,0,26,0,INSIDE,1,1,0,1,23,fails,0,G2 trend;G3 leader,F:—,,holding,,RED,
2026-08-26,AAL,0,13.95,CAUTION,13.48,14.16,15.1365,38.71,WHITE,1,2,0,INSIDE,0,0,0,1,22,fails,0,G2 trend;G3 leader;G4 basis,F:2/3,,shadow-screen,,YELLOW,
2026-08-26,AAOI,0,113.15,PULLBACK,110.48,116.12,134.022,33.79,AMBER,2,1,1,BREAKDOWN,0,0,0,1,48,fails,0,G2 trend;G4 basis,F:1/3,,owner-request,,YELLOW,
2026-08-26,AAPL,1,309.9,ACCUMULATE,304.38,319.91,310.592,74.44,RED,3,22,1,INSIDE,1,0,1,1,45,fails,0,G1 size;G3 leader;G4 basis,F:2/3,17,holding,2,YELLOW,26
2026-08-26,ABBV,0,265.79,ACCUMULATE,258.81,272.02,249.255,99.56,RED,4,12,1,BREAKOUT,0,0,0,1,67,fails,0,G3 leader,F:2/3,,shadow-screen,,RED,
2026-08-26,ABCL,0,12.5,HOLD,10.58,11.12,4.0517,99.94,RED,4,18,1,BREAKOUT,0,0,0,0,90,CONVICTION,1,,F:2/3,,owner-request,,RED,
2026-08-26,ABT,0,116.13,ACCUMULATE,112.27,118,88.7909,89.13,RED,3,2,1,INSIDE,0,0,0,1,57,fails,0,G3 leader,F:2/2,,shadow-screen,,RED,
2026-08-26,ACN,0,186.93,BOTTOMING,173.21,182.05,126.877,70.47,WHITE,1,31,0,BREAKOUT,0,0,0,0,27,fails,0,G2 trend;G3 leader,F:1/2,,shadow-screen,,RED,
2026-08-26,ADBE,0,273.92,CAUTION,246.64,259.23,251.675,82.31,WHITE,1,90,0,INSIDE,0,0,0,0,32,fails,0,G2 trend;G3 leader,F:3/3,,owner-request,,RED,
2026-08-26,ADI,0,373.66,HOLD,343.86,361.41,376.915,42.5,RED,3,42,1,BREAKDOWN,0,0,0,0,52,fails,0,G4 basis,F:3/3,,shadow-screen,,YELLOW,
2026-08-26,AEHR,0,95.59,HOLD,80.48,84.59,97.4165,64.33,RED,3,61,1,,0,0,0,0,75,fails,0,G4 basis,F:1/3,,owner-request,,YELLOW,
2026-08-26,AFRM,0,77.945,HOLD,72.26,75.94,73.7316,86.08,RED,4,14,1,BREAKOUT,0,0,0,0,70,fails,0,G3 leader,F:2/2,,owner-request,,RED,
2026-08-26,ALAB,0,282.65,HOLD,200.06,210.27,123.076,52.38,RED,3,19,1,INSIDE,0,0,0,0,72,STARTER,1,,F:3/3,,owner-request,,YELLOW,
2026-08-26,AMAT,0,480.04,HOLD,432.78,454.86,541.891,47.21,RED,3,50,1,INSIDE,0,0,0,0,64,fails,0,G4 basis,F:2/3,,owner-request,,YELLOW,
2026-08-26,AMD,1,479.18,HOLD,246.15,258.71,215.827,66.89,RED,3,24,1,BREAKDOWN,0,0,0,0,65,fails,0,G1 size,F:3/3,,holding,,NEUTRAL,
2026-08-26,AMZN,0,261.06,ACCUMULATE,257.09,270.21,229.756,75.83,RED,4,5,1,INSIDE,0,0,0,1,50,fails,0,G1 size;G3 leader,F:3/3,24,owner-request,20,YELLOW,19
2026-08-26,ANET,0,190.94,ACCUMULATE,187.67,197.24,143.099,89.03,RED,4,20,1,INSIDE,0,0,0,1,73,STARTER,1,,F:3/3,15,owner-request,16,NEUTRAL,10
2026-08-26,APH,0,158.78,ACCUMULATE,152.64,160.42,155.752,77.9,RED,4,14,1,BREAKDOWN,0,0,0,1,67,STARTER,1,,F:3/3,,shadow-screen,,YELLOW,
2026-08-26,APP,0,310.54,CAUTION,306.68,322.32,312.934,6.83,WHITE,0,7,0,INSIDE,0,0,0,1,18,fails,0,G2 trend;G3 leader;G4 basis,F:2/2,,owner-request,,NEUTRAL,
2026-08-26,ARM,0,241.56,PULLBACK,223.05,234.43,210.673,48.2,AMBER,2,2,1,BREAKDOWN,0,0,0,0,57,fails,0,G2 trend,F:3/3,,owner-request,,YELLOW,
2026-08-26,ASML,0,1744.16,HOLD,1659.2,1743.85,1761.26,63.39,RED,3,54,1,INSIDE,0,0,0,0,68,fails,0,G4 basis,F:1/1,,owner-request,,YELLOW,
2026-08-26,ASTS,0,62.01,CAUTION,60.63,63.73,69.5636,17.41,WHITE,0,7,0,BREAKDOWN,0,0,0,1,17,fails,0,G2 trend;G3 leader;G4 basis,F:0/2,,owner-request,,YELLOW,
2026-08-26,AVGO,0,356.74,CAUTION,331.4,348.31,379.737,31.71,AMBER,2,2,0,BREAKDOWN,0,0,0,0,5,fails,0,G1 size;G2 trend;G3 leader;G4 basis,F:3/3,,owner-request,,YELLOW,
2026-08-26,AXON,0,613.26,ACCUMULATE,595.91,626.31,393.819,85.57,RED,4,4,1,,0,0,0,1,57,fails,0,G3 leader,F:3/3,30,owner-request,26,NEUTRAL,11
2026-08-26,AXP,0,335.95,HOLD,307.38,323.06,341.473,52.91,RED,3,5,1,BREAKDOWN,0,0,0,0,37,fails,0,G3 leader;G4 basis,F:2/3,,shadow-screen,,YELLOW,
2026-08-26,AXTI,0,67.45,HOLD,63.16,66.39,64.4517,49.62,RED,3,4,1,BREAKDOWN,0,0,1,0,67,STARTER,1,,F:0/3,,owner-request,,YELLOW,
2026-08-26,AZO,0,3027.34,CAUTION,2710.1,2848.37,3077.93,16.68,WHITE,0,28,0,INSIDE,0,0,0,0,22,fails,0,G2 trend;G3 leader;G4 basis,F:2/3,,shadow-screen,,NEUTRAL,
2026-08-26,BA,0,211.08,CAUTION,195.94,205.94,216.677,21.61,WHITE,0,2,0,BREAKDOWN,0,0,0,0,17,fails,0,G2 trend;G3 leader;G4 basis,F:2/3,,shadow-screen,,YELLOW,
2026-08-26,BAC,0,62.43,ACCUMULATE,60.8,63.9,52.31,89.93,RED,4,13,1,BREAKDOWN,0,0,0,1,58,fails,0,G3 leader,F:2/3,,shadow-screen,,YELLOW,
2026-08-26,BB,0,7.79,HOLD,6.08,6.39,8.9098,34.94,RED,3,19,1,BREAKDOWN,0,0,0,0,65,fails,0,G4 basis,F:2/3,,owner-request,,YELLOW,
2026-08-26,BE,0,217.45,ACCUMULATE,208.45,219.09,212.704,53.21,RED,3,1,1,INSIDE,0,0,0,1,69,STARTER,1,,F:0/1,,shadow-screen,,RED,
2026-08-26,BKNG,0,213.78,ACCUMULATE,207.52,218.11,168.127,93.89,RED,4,4,1,INSIDE,0,0,0,1,62,fails,0,G3 leader,F:2/3,,shadow-screen,,NEUTRAL,
2026-08-26,BSX,0,49.86,BOTTOMING,48.58,51.06,44.6055,48.44,WHITE,0,39,0,BREAKOUT,0,0,0,1,32,fails,0,G2 trend;G3 leader,F:3/3,,shadow-screen,,YELLOW,
2026-08-26,C,0,133.25,ACCUMULATE,129.31,135.91,131.949,68.71,RED,3,24,1,BREAKDOWN,0,0,0,1,72,STARTER,1,,F:2/3,,shadow-screen,,YELLOW,
2026-08-26,CAT,0,811.29,PULLBACK,802.25,843.18,887.084,38.47,AMBER,2,1,1,BREAKDOWN,0,0,0,1,38,fails,0,G2 trend;G4 basis,F:2/3,,shadow-screen,,YELLOW,
2026-08-26,CAVA,0,69.29,CAUTION,67.7,71.15,63.1027,42.21,WHITE,1,6,0,,0,0,0,1,30,fails,0,G2 trend;G3 leader,F:3/3,,owner-request,,NEUTRAL,
2026-08-26,CBRS,0,183.915,CAUTION,,,223.77,10.73,WHITE,0,16,0,BREAKDOWN,0,0,0,0,18,fails,0,G2 trend;G3 leader;G4 basis;G5 data,F:—,,shadow-screen,,YELLOW,
2026-08-26,CDE,0,21.59,ACCUMULATE,20.59,21.64,16.2809,92.64,RED,3,1,1,BREAKOUT,0,0,0,1,77,CONVICTION,1,,F:2/3,8,owner-request,9,RED,32
2026-08-26,CEG,0,278.42,CAUTION,265.21,278.75,270.626,56.97,WHITE,0,31,0,INSIDE,0,0,0,1,27,fails,0,G2 trend;G3 leader,F:2/3,,shadow-screen,,NEUTRAL,
2026-08-26,CIEN,0,387.66,PULLBACK,333.61,350.63,440.28,39.59,AMBER,2,2,1,INSIDE,0,0,0,0,52,fails,0,G2 trend;G4 basis,F:3/3,,shadow-screen,,YELLOW,
2026-08-26,CIFR,0,16.31,CAUTION,15.56,16.36,17.1209,27.47,WHITE,1,1,0,,1,1,0,1,37,fails,0,G2 trend;G4 basis,F:2/3,,owner-request,,YELLOW,
2026-08-26,COHR,0,288.14,PULLBACK,277.47,291.63,324.506,41.8,AMBER,2,2,1,BREAKDOWN,1,0,1,1,43,fails,0,G2 trend;G4 basis,F:2/3,,shadow-screen,,YELLOW,
2026-08-26,COIN,0,187.16,BOTTOMING,181.05,190.28,150.316,59.86,WHITE,1,39,0,BREAKOUT,0,0,0,1,28,fails,0,G2 trend;G3 leader,F:1/2,,owner-request,,RED,
2026-08-26,COST,0,960.01,CAUTION,936.51,984.3,955.627,51.12,WHITE,1,8,1,INSIDE,0,0,0,1,33,fails,0,G2 trend;G3 leader,F:2/3,,owner-request,,RED,
2026-08-26,CRCL,0,92.02,CAUTION,86.54,90.95,63.3924,61.21,AMBER,2,1,0,INSIDE,1,1,1,0,42,fails,0,G2 trend;G3 leader,F:2/2,,shadow-screen,,RED,
2026-08-26,CRDO,0,226.51,HOLD,215.09,226.07,247.119,62.06,RED,3,19,1,INSIDE,0,0,0,0,72,fails,0,G4 basis,F:3/3,,owner-request,,YELLOW,
2026-08-26,CRM,0,205.69,CAUTION,202.09,212.4,185.994,83.63,WHITE,1,76,1,,0,0,0,1,33,fails,0,G2 trend;G3 leader,F:2/3,,owner-request,,RED,
2026-08-26,CRWD,0,185.38,HOLD,167.02,175.54,102.282,74.23,RED,4,16,1,BREAKDOWN,0,0,0,0,68,STARTER,1,,F:2/2,,owner-request,,YELLOW,
2026-08-26,CRWV,0,88.04,CAUTION,81.1,85.24,90.4324,35.33,WHITE,1,2,0,INSIDE,0,0,0,0,23,fails,0,G2 trend;G3 leader;G4 basis,F:2/2,,owner-request,,YELLOW,
2026-08-26,CSCO,0,111.11,HOLD,89.92,94.5,77.9846,46.42,RED,3,70,1,INSIDE,0,0,0,0,63,STARTER,1,,F:2/3,,shadow-screen,,YELLOW,
2026-08-26,CSPX,1,825.29,ACCUMULATE,788.92,829.17,805.023,89.1,RED,4,21,1,BREAKDOWN,0,0,0,0,60,fails,0,G3 leader,F:—,21,holding,31,YELLOW,28
2026-08-26,CVX,0,199.89,ACCUMULATE,192.07,201.87,189.924,86.51,RED,4,7,1,BREAKDOWN,0,0,0,1,48,fails,0,G3 leader,F:1/3,,shadow-screen,,NEUTRAL,
2026-08-26,D05,0,76.26,ACCUMULATE,74.52,78.32,57.6073,96.25,RED,4,71,1,,0,0,0,1,75,CONVICTION,1,,F:—,13,owner-request,14,NEUTRAL,13
2026-08-26,DDOG,1,222.99,ACCUMULATE,217.9,229.01,125.934,53.24,RED,3,17,1,INSIDE,0,1,0,0,72,STARTER,1,,F:2/2,10,holding,11,YELLOW,4
2026-08-26,DELL,0,451.5,ACCUMULATE,431.03,453.03,119.097,90.07,RED,4,26,1,INSIDE,0,0,0,1,83,CONVICTION,1,,F:2/2,3,owner-request,4,NEUTRAL,1
2026-08-26,DRAM,1,56.24,CAUTION,53.34,56.06,54.43,47.45,AMBER,2,6,0,INSIDE,0,0,1,0,44,fails,0,G2 trend;G5 data,F:—,,holding,,RED,
2026-08-26,DUOL,0,146.04,CAUTION,128.52,135.08,98.8507,79.42,WHITE,1,55,0,INSIDE,0,0,0,0,40,fails,0,G2 trend;G3 leader,F:2/2,,owner-request,,RED,
2026-08-26,ETHA,0,18.6,BOTTOMING,16.99,17.86,14.3238,75.03,WHITE,1,39,1,BREAKOUT,0,0,0,0,57,fails,0,G2 trend;G3 leader,F:1/2,,owner-request,,RED,
2026-08-26,ETN,0,409.2,ACCUMULATE,397.31,417.58,405.419,70.76,RED,4,25,1,BREAKDOWN,0,0,0,0,57,fails,0,G3 leader,F:3/3,,shadow-screen,,YELLOW,
2026-08-26,FCX,0,79.91,HOLD,75.86,79.74,62.2493,100,RED,4,6,1,BREAKOUT,0,0,0,0,72,STARTER,1,,F:2/3,,shadow-screen,,RED,
2026-08-26,GE,0,349.54,ACCUMULATE,339.44,356.76,284.854,71.29,RED,3,14,1,BREAKDOWN,0,0,0,1,57,fails,0,G3 leader,F:3/3,,shadow-screen,,YELLOW,
2026-08-26,GEV,0,926.73,PULLBACK,876.29,921,1065.33,39.08,AMBER,2,1,1,BREAKDOWN,0,0,0,0,38,fails,0,G2 trend;G4 basis,F:2/3,,shadow-screen,,YELLOW,
2026-08-26,GLW,0,147.16,PULLBACK,140.52,147.69,159.819,32.81,AMBER,2,2,1,INSIDE,0,0,0,1,48,fails,0,G2 trend;G4 basis,F:1/1,,shadow-screen,,YELLOW,
2026-08-26,GOOG,1,343.34,ACCUMULATE,334.77,351.85,341.604,54.03,RED,3,5,1,INSIDE,0,0,0,1,50,fails,0,G1 size,F:2/2,12,holding,13,YELLOW,30
2026-08-26,GOOGL,0,346.96,ACCUMULATE,338.01,355.26,344.911,57.5,RED,3,5,1,BREAKOUT,0,0,0,1,55,fails,0,G1 size,F:2/2,11,owner-request,12,NEUTRAL,27
2026-08-26,GRAB,0,3.58,CAUTION,3.55,3.73,3.6237,30.95,WHITE,0,34,0,INSIDE,1,0,1,1,25,fails,0,G2 trend;G3 leader;G4 basis,F:2/2,,owner-request,,NEUTRAL,
2026-08-26,GS,0,1058.88,ACCUMULATE,1020,1072.05,1040.82,82.53,RED,3,22,1,INSIDE,0,0,0,1,68,STARTER,1,,F:2/2,,shadow-screen,,RED,
2026-08-26,HD,0,337.88,CAUTION,329.91,346.74,336.64,46.19,WHITE,0,26,0,BREAKDOWN,0,0,0,1,22,fails,0,G2 trend;G3 leader,F:2/3,,shadow-screen,,YELLOW,
2026-08-26,HIMS,0,31.75,ACCUMULATE,31.07,32.65,29.3603,68.35,RED,4,2,1,BREAKDOWN,0,0,0,1,60,fails,0,G3 leader,F:2/2,31,owner-request,27,RED,5
2026-08-26,HON,0,215.68,CAUTION,210.98,221.74,224.045,13.81,WHITE,0,1,0,BREAKDOWN,0,0,0,1,17,fails,0,G2 trend;G3 leader;G4 basis,F:2/3,,shadow-screen,,YELLOW,
2026-08-26,HOOD,0,112.09,HOLD,103.35,108.62,76.046,83.95,RED,3,4,1,BREAKOUT,0,0,0,0,58,fails,0,G3 leader,F:2/2,,owner-request,,RED,
2026-08-26,IBIT,0,44.72,BOTTOMING,43.74,45.98,36.3375,74.39,WHITE,1,41,1,BREAKOUT,0,0,0,1,53,fails,0,G2 trend;G3 leader,F:1/2,,owner-request,,RED,
2026-08-26,IBM,0,234.19,CAUTION,230.61,242.37,235.313,41.83,WHITE,0,7,0,INSIDE,0,0,0,1,22,fails,0,G2 trend;G3 leader;G4 basis,F:2/3,,shadow-screen,,RED,
2026-08-26,ICE,0,161.78,BOTTOMING,158,166.06,155.347,83.54,WHITE,1,29,1,BREAKOUT,0,0,0,1,47,fails,0,G2 trend;G3 leader,F:2/3,,owner-request,,RED,
2026-08-26,IGV,0,101.85,ACCUMULATE,100.28,105.4,92.8767,84.86,RED,4,4,1,INSIDE,0,0,0,1,62,fails,0,G3 leader,F:—,29,owner-request,25,YELLOW,14
2026-08-26,INTC,0,87.48,HOLD,44.3,46.56,97.1535,38.66,RED,3,54,1,INSIDE,0,0,0,0,60,fails,0,G1 size;G4 basis,F:1/3,,owner-request,,YELLOW,
2026-08-26,INTU,0,357.46,CAUTION,305.04,320.6,311.263,60.25,WHITE,0,47,0,INSIDE,0,0,0,0,32,fails,0,G2 trend;G3 leader,F:3/3,,shadow-screen,,RED,
2026-08-26,IONQ,0,42.05,BOTTOMING,39.96,42,43.5,35.02,WHITE,0,7,0,BREAKOUT,0,0,0,0,32,fails,0,G2 trend;G3 leader;G4 basis,F:1/3,,shadow-screen,,NEUTRAL,
2026-08-26,IOT,0,39.14,ACCUMULATE,38.61,40.58,37.1655,84.4,RED,4,5,1,INSIDE,0,0,0,1,65,fails,0,G3 leader,F:2/2,25,owner-request,21,YELLOW,9
2026-08-26,IREN,0,42.21,CAUTION,39.71,41.74,40.5252,40.12,WHITE,0,7,1,BREAKDOWN,0,0,0,0,43,fails,0,G2 trend,F:2/2,,owner-request,,RED,
2026-08-26,ISRG,0,371.84,CAUTION,366.93,385.65,403.484,20.98,WHITE,0,30,0,BREAKDOWN,0,0,0,1,17,fails,0,G2 trend;G3 leader;G4 basis,F:3/3,,shadow-screen,,YELLOW,
2026-08-26,IWM,0,299.23,ACCUMULATE,292.63,307.56,298.603,91.21,RED,3,22,1,BREAKDOWN,0,0,0,1,45,fails,0,G1 size;G3 leader,F:—,18,owner-request,17,YELLOW,25
2026-08-26,JNJ,0,273.14,ACCUMULATE,263.73,277.19,229.509,99.12,RED,4,59,1,,0,0,0,1,63,STARTER,1,,F:2/3,,shadow-screen,,RED,
2026-08-26,JPM,0,356.69,ACCUMULATE,347.26,364.97,310.141,93,RED,4,13,1,BREAKDOWN,0,0,0,1,53,fails,0,G3 leader,F:2/3,20,owner-request,18,YELLOW,20
2026-08-26,KLAC,0,183.34,PULLBACK,177.86,186.93,181.489,43.21,AMBER,2,2,1,BREAKOUT,0,0,0,1,43,fails,0,G2 trend,F:2/3,,owner-request,,YELLOW,
2026-08-26,KO,0,91.64,ACCUMULATE,89.8,94.39,81.4021,99.27,RED,4,34,1,BREAKOUT,0,0,0,1,67,fails,0,G3 leader,F:—,,shadow-screen,,RED,
2026-08-26,LIN,0,487.2,PULLBACK,470.73,494.75,480.339,37.57,AMBER,2,5,1,,0,0,0,1,32,fails,0,G2 trend;G3 leader,F:2/3,,shadow-screen,,RED,
2026-08-26,LITE,0,885.565,ACCUMULATE,853.81,897.37,871.238,74.65,RED,3,65,1,BREAKOUT,1,0,1,1,74,STARTER,1,,F:2/3,2,owner-request,1,RED,16
2026-08-26,LLY,0,1233.66,ACCUMULATE,1183.59,1243.98,1163.06,93.86,RED,4,16,1,BREAKOUT,0,0,0,1,74,STARTER,1,,F:3/3,9,owner-request,10,RED,22
2026-08-26,LMND,0,54.42,CAUTION,52.15,54.81,53.2151,35.97,WHITE,0,5,0,INSIDE,0,0,0,1,30,fails,0,G2 trend;G3 leader,F:2/3,,owner-request,,RED,
2026-08-26,LRCX,0,314.66,ACCUMULATE,307.95,323.66,314.235,64.61,RED,3,65,1,BREAKOUT,0,0,0,1,78,CONVICTION,1,,F:3/3,5,owner-request,6,NEUTRAL,15
2026-08-26,MA,0,599.37,ACCUMULATE,585.75,615.64,494.824,99.68,RED,4,5,1,BREAKOUT,0,0,0,1,58,fails,0,G3 leader,F:3/3,27,owner-request,23,RED,21
2026-08-26,MCD,0,268.1,CAUTION,263.48,276.92,268.859,12.06,WHITE,0,22,0,,0,0,0,1,17,fails,0,G2 trend;G3 leader;G4 basis,F:2/3,,shadow-screen,,YELLOW,
2026-08-26,MCHP,0,73.5,CAUTION,63.64,66.88,74.5063,23.27,AMBER,2,3,0,INSIDE,0,0,0,0,22,fails,0,G2 trend;G3 leader;G4 basis,F:2/3,,shadow-screen,,YELLOW,
2026-08-26,MDB,0,404.92,HOLD,372.04,391.02,322.776,85.76,RED,4,5,1,BREAKOUT,0,0,0,0,67,STARTER,1,,F:3/3,,owner-request,,YELLOW,
2026-08-26,META,0,570.05,CAUTION,551.88,580.04,604.457,20.51,WHITE,0,42,0,INSIDE,0,0,0,1,10,fails,0,G1 size;G2 trend;G3 leader;G4 basis,F:2/2,,owner-request,,NEUTRAL,
2026-08-26,MPWR,0,1304.15,PULLBACK,1143.45,1201.79,1319.8,35.57,AMBER,2,2,1,INSIDE,0,0,0,0,42,fails,0,G2 trend;G4 basis,F:3/3,,shadow-screen,,YELLOW,
2026-08-26,MRK,0,156.45,HOLD,147.81,155.35,120.716,99.94,RED,4,43,1,,0,0,0,0,68,STARTER,1,,F:2/3,,shadow-screen,,RED,
2026-08-26,MRVL,0,240.38,HOLD,215.66,226.67,89.2744,63.54,RED,3,27,1,BREAKOUT,0,0,1,0,75,fails,0,G1 size,F:3/3,,owner-request,,RED,
2026-08-26,MS,0,216.77,ACCUMULATE,210.98,221.75,215.288,81.34,RED,3,22,1,INSIDE,0,0,0,1,77,CONVICTION,1,,F:2/3,,shadow-screen,,NEUTRAL,
2026-08-26,MSFT,0,491.71,ACCUMULATE,473.12,497.25,394.416,89.41,RED,4,4,1,BREAKOUT,0,0,0,1,55,fails,0,G1 size;G3 leader,F:3/3,28,owner-request,24,NEUTRAL,17
2026-08-26,MSTR,0,126.83,CAUTION,118.98,125.05,94.9249,57.49,WHITE,0,47,0,BREAKDOWN,0,0,0,0,18,fails,0,G2 trend;G3 leader,F:0/2,,shadow-screen,,RED,
2026-08-26,MU,1,932.97,ACCUMULATE,909.66,956.07,928.221,68.72,RED,3,64,1,BREAKDOWN,0,0,0,1,70,fails,0,G1 size,F:3/3,1,holding,3,NEUTRAL,2
2026-08-26,NAK,0,1.79,BOTTOMING,1.62,1.7,1.9759,42.8,WHITE,1,8,1,BREAKOUT,0,0,0,0,55,fails,0,G2 trend;G4 basis,F:1/1,,owner-request,,RED,
2026-08-26,NBIS,1,221.97,ACCUMULATE,213.35,224.23,217.701,70.66,RED,3,30,1,BREAKOUT,0,0,0,1,75,fails,0,G1 size,F:2/2,4,holding,5,YELLOW,3
2026-08-26,NEE,0,84.22,CAUTION,78.87,82.89,86.065,17.43,WHITE,1,3,0,BREAKDOWN,0,0,0,0,17,fails,0,G2 trend;G3 leader;G4 basis,F:2/3,,shadow-screen,,YELLOW,
2026-08-26,NET,0,277.58,ACCUMULATE,266.58,280.18,198.309,79.24,RED,4,20,1,BREAKOUT,0,0,0,0,82,CONVICTION,1,,F:2/2,16,owner-request,29,YELLOW,7
2026-08-26,NFLX,0,82.23,CAUTION,78.98,83.01,73.72,51.26,WHITE,0,41,0,BREAKDOWN,0,0,0,1,18,fails,0,G2 trend;G3 leader,F:2/3,,owner-request,,RED,
2026-08-26,NKE,0,39.48,CAUTION,,,41.7817,5.22,WHITE,0,47,0,BREAKDOWN,0,1,0,0,17,fails,0,G2 trend;G3 leader;G4 basis,F:2/3,,shadow-screen,,YELLOW,
2026-08-26,NOK,0,10.35,ACCUMULATE,10.17,10.69,10.3764,40.51,RED,3,1,1,BREAKOUT,0,0,0,1,77,fails,0,G4 basis,F:1/1,6,owner-request,7,RED,12
2026-08-26,NOW,0,127,CAUTION,124.42,130.77,102.561,87.11,WHITE,1,57,1,BREAKDOWN,0,0,0,1,38,fails,0,G2 trend;G3 leader,F:2/3,,owner-request,,RED,
2026-08-26,NTDOY,0,13.86,BOTTOMING,13.49,14.18,11.0218,76.22,WHITE,1,38,0,BREAKOUT,0,0,0,1,40,fails,0,G2 trend;G3 leader,F:—,,owner-request,,RED,
2026-08-26,NVDA,1,213.05,ACCUMULATE,205.08,215.54,209.265,80.25,RED,4,9,1,BREAKDOWN,0,0,0,0,45,fails,0,G1 size;G3 leader,F:3/3,22,holding,32,YELLOW,29
2026-08-26,NVO,0,48.66,CAUTION,45.96,48.3,46.894,68.43,AMBER,2,1,0,INSIDE,0,0,1,0,37,fails,0,G2 trend;G3 leader,F:—,,owner-request,,RED,
2026-08-26,NXPI,0,224.75,CAUTION,220.26,231.5,233.417,20.67,WHITE,0,2,0,INSIDE,0,0,0,1,22,fails,0,G2 trend;G3 leader;G4 basis,F:1/2,,shadow-screen,,NEUTRAL,
2026-08-26,ON,0,72.51,CAUTION,70.72,74.32,81.6815,29.25,AMBER,2,5,0,BREAKDOWN,0,0,0,1,17,fails,0,G2 trend;G3 leader;G4 basis,F:2/3,,shadow-screen,,YELLOW,
2026-08-26,ONDS,0,8.24,CAUTION,8.07,8.48,8.8575,35.94,WHITE,0,8,0,BREAKDOWN,1,0,1,1,32,fails,0,G2 trend;G4 basis,F:1/3,,owner-request,,YELLOW,
2026-08-26,ONON,0,28.83,CAUTION,28.03,29.46,31.0357,0.92,WHITE,0,26,0,BREAKDOWN,1,1,0,1,20,fails,0,G2 trend;G3 leader;G4 basis,F:1/1,,owner-request,,YELLOW,
2026-08-26,ORCL,0,144.76,CAUTION,142.17,149.43,145.075,31.48,WHITE,0,10,0,BREAKDOWN,0,0,0,1,9,fails,0,G2 trend;G3 leader;G4 basis,F:3/3,,owner-request,,RED,
2026-08-26,OSCR,0,30.93,HOLD,28.38,29.82,13.468,90.03,RED,4,17,1,,0,1,0,0,75,CONVICTION,1,,F:2/2,,owner-request,,NEUTRAL,
2026-08-26,OUST,0,36.23,ACCUMULATE,35.56,37.37,45.2036,42.53,RED,3,18,1,INSIDE,0,0,0,1,60,fails,0,G3 leader;G4 basis,F:1/3,23,owner-request,19,YELLOW,6
2026-08-26,P,0,102.81,HOLD,82.19,86.38,74.1427,88.02,RED,4,6,1,,0,0,0,0,70,STARTER,1,,F:3/3,,owner-request,,YELLOW,
2026-08-26,PANW,0,339.9,HOLD,318.89,335.16,167.327,80.65,RED,4,16,1,,0,0,0,0,68,STARTER,1,,F:2/3,,owner-request,,YELLOW,
2026-08-26,PEP,0,142.27,BOTTOMING,139.48,146.59,142.322,39.18,WHITE,0,14,0,BREAKOUT,0,0,0,1,27,fails,0,G2 trend;G3 leader;G4 basis,F:2/3,,shadow-screen,,RED,
2026-08-26,PFE,0,28.57,HOLD,24.67,25.92,25.169,99.73,RED,4,2,1,BREAKOUT,0,0,0,0,47,fails,0,G3 leader,F:2/3,,shadow-screen,,RED,
2026-08-26,PG,0,145.4,BOTTOMING,141.38,148.59,144.267,40.17,WHITE,0,6,0,BREAKOUT,0,0,0,1,32,fails,0,G2 trend;G3 leader,F:2/3,,shadow-screen,,RED,
2026-08-26,PL,0,21.55,CAUTION,19.84,20.85,22.7495,21.2,WHITE,0,5,0,BREAKDOWN,0,0,0,0,40,fails,0,G2 trend;G4 basis,F:2/2,,owner-request,,NEUTRAL,
2026-08-26,PLTR,1,172.73,HOLD,163.03,171.35,134.44,82.12,RED,4,2,1,INSIDE,0,0,0,0,45,fails,0,G1 size;G3 leader,F:2/2,,holding,,NEUTRAL,
2026-08-26,QCOM,0,160.56,CAUTION,157.02,165.04,160.228,30.26,WHITE,1,5,0,BREAKDOWN,0,0,0,1,18,fails,0,G2 trend;G3 leader,F:3/3,,owner-request,,NEUTRAL,
2026-08-26,QQQ,0,710.72,ACCUMULATE,679.17,713.82,717.751,71.01,RED,3,21,1,BREAKDOWN,0,0,0,0,40,fails,0,G1 size;G3 leader;G4 basis,F:—,19,owner-request,30,YELLOW,23
2026-08-26,QQQM,1,292.66,HOLD,271.29,285.13,295.486,67.94,RED,3,21,1,BREAKDOWN,0,0,0,0,47,fails,0,G3 leader;G4 basis,F:—,,holding,,YELLOW,
2026-08-26,RBLX,0,39.12,BOTTOMING,36.49,38.35,37.2302,21.97,WHITE,0,38,0,BREAKOUT,0,0,0,0,32,fails,0,G2 trend;G3 leader,F:2/2,,owner-request,,RED,
2026-08-26,RBRK,0,92.65,HOLD,85.54,89.9,71.6537,87.53,RED,4,13,1,BREAKOUT,0,0,0,0,75,fails,0,G3 leader,F:2/2,,owner-request,,YELLOW,
2026-08-26,RDDT,0,162.45,CAUTION,151.93,159.68,169.36,46.97,WHITE,0,5,0,INSIDE,0,0,0,0,27,fails,0,G2 trend;G3 leader;G4 basis,F:2/2,,owner-request,,RED,
2026-08-26,RKLB,0,66.91,CAUTION,66.65,70.05,68.0144,21.98,WHITE,0,3,0,BREAKDOWN,0,0,0,0,27,fails,0,G2 trend;G4 basis,F:1/3,,owner-request,,YELLOW,
2026-08-26,RTX,0,210.28,ACCUMULATE,204.89,215.34,176.086,78.05,RED,4,11,1,BREAKDOWN,0,0,0,1,57,fails,0,G3 leader,F:2/3,,shadow-screen,,YELLOW,
2026-08-26,SATL,0,5.355,ACCUMULATE,5.29,5.56,5.7825,42.66,RED,3,2,1,BREAKDOWN,0,0,0,1,60,fails,0,G4 basis,F:1/2,14,owner-request,15,NEUTRAL,8
2026-08-26,SCHW,0,112.27,ACCUMULATE,109.12,114.68,92.2225,98.44,RED,4,8,1,BREAKOUT,0,0,0,1,67,fails,0,G3 leader,F:3/3,,shadow-screen,,RED,
2026-08-26,SE,0,123.18,ACCUMULATE,123.47,129.77,89.3319,79.57,RED,3,3,1,BREAKOUT,0,0,0,1,62,fails,0,G3 leader,F:2/2,32,owner-request,28,NEUTRAL,24
2026-08-26,SHOP,0,153.88,HOLD,145.53,152.95,119.427,92.69,RED,4,3,1,BREAKOUT,0,0,0,0,58,fails,0,G3 leader,F:2/2,,owner-request,,NEUTRAL,
2026-08-26,SMCI,0,38.46,HOLD,36.03,37.87,30.7939,81.21,RED,4,2,1,BREAKOUT,0,0,1,0,58,fails,0,G3 leader,F:3/3,,shadow-screen,,RED,
2026-08-26,SMH,0,555.82,HOLD,516.65,543.01,571.321,48.49,RED,3,64,1,BREAKDOWN,0,0,0,0,54,fails,0,G4 basis,F:—,,owner-request,,YELLOW,
2026-08-26,SNDK,0,1480.77,HOLD,1366.81,1436.55,638.592,66.37,RED,3,63,1,BREAKOUT,0,0,0,0,70,fails,0,G1 size,F:3/3,,owner-request,,NEUTRAL,
2026-08-26,SNOW,0,317.02,HOLD,261.89,275.25,237.448,91.46,RED,4,12,1,BREAKDOWN,0,0,1,0,63,STARTER,1,,F:3/3,,owner-request,,YELLOW,
2026-08-26,SOFI,0,19,BOTTOMING,18,18.92,18.3663,78.41,WHITE,1,28,1,BREAKOUT,0,0,0,0,47,fails,0,G2 trend;G3 leader,F:3/3,,owner-request,,RED,
2026-08-26,SPCX,1,137.95,CAUTION,132.83,139.6,135.536,46.08,WHITE,0,8,0,,0,0,0,0,15,fails,0,G1 size;G2 trend;G3 leader;G5 data,F:—,,holding,,RED,
2026-08-26,STX,0,821.67,ACCUMULATE,794.94,835.5,866.044,57.89,RED,3,67,1,,1,0,1,1,64,fails,0,G4 basis,F:3/3,,shadow-screen,,YELLOW,
2026-08-26,T,0,25.77,PULLBACK,24.32,25.56,23.3142,78.51,AMBER,2,2,1,BREAKOUT,0,0,0,0,37,fails,0,G2 trend;G3 leader,F:2/3,,shadow-screen,,RED,
2026-08-26,TE,0,4.65,CAUTION,4.36,4.58,5.9194,16.4,WHITE,0,5,0,INSIDE,0,0,0,0,45,fails,0,G2 trend;G4 basis,F:2/3,,owner-request,,NEUTRAL,
2026-08-26,TEAM,0,166.49,HOLD,157.79,165.84,86.2643,92.69,RED,4,3,1,INSIDE,0,0,0,0,57,fails,0,G3 leader,F:2/2,,owner-request,,RED,
2026-08-26,TER,0,366.43,ACCUMULATE,352.32,370.29,359.509,56.83,RED,3,55,1,INSIDE,0,0,0,0,77,CONVICTION,1,,F:2/3,,shadow-screen,,YELLOW,
2026-08-26,TMC,0,4.96,CAUTION,4.94,5.19,4.5407,45.09,WHITE,0,28,0,BREAKDOWN,0,0,0,0,25,fails,0,G2 trend;G3 leader,F:1/2,,owner-request,,RED,
2026-08-26,TMDX,0,93.6,BOTTOMING,91.13,95.78,74.8559,64.85,WHITE,1,23,0,BREAKOUT,0,1,0,1,40,fails,0,G2 trend;G3 leader,F:3/3,,owner-request,,RED,
2026-08-26,TMO,0,628.15,ACCUMULATE,610.86,642.03,472.719,98.7,RED,3,6,1,BREAKOUT,0,0,0,1,67,fails,0,G3 leader,F:2/3,,shadow-screen,,RED,
2026-08-26,TMUS,0,181.61,CAUTION,178.79,187.91,182.438,26.72,WHITE,0,50,0,,0,0,0,1,17,fails,0,G2 trend;G3 leader;G4 basis,F:2/3,,shadow-screen,,RED,
2026-08-26,TOST,0,36.8,HOLD,34.18,35.92,28.1072,92.6,RED,4,4,1,INSIDE,0,0,0,0,60,fails,0,G3 leader,F:2/2,,owner-request,,RED,
2026-08-26,TSLA,1,350.25,BOTTOMING,334.84,351.93,397.921,25.9,WHITE,0,10,0,BREAKOUT,0,0,0,1,15,fails,0,G1 size;G2 trend;G3 leader;G4 basis,F:1/3,,holding,,RED,
2026-08-26,TSM,1,417.41,ACCUMULATE,409.46,430.35,417.813,65.25,RED,3,65,1,BREAKDOWN,0,0,0,1,59,fails,0,G4 basis,F:3/3,7,holding,8,NEUTRAL,31
2026-08-26,TXN,0,260.05,PULLBACK,215.34,226.32,279.718,34.58,AMBER,2,1,1,BREAKDOWN,0,0,0,0,28,fails,0,G2 trend;G3 leader;G4 basis,F:3/3,,shadow-screen,,YELLOW,
2026-08-26,UBER,0,80.35,BOTTOMING,76.82,80.74,73.5988,83.14,WHITE,1,37,1,BREAKOUT,0,1,0,1,47,fails,0,G2 trend;G3 leader,F:3/3,,owner-request,,RED,
2026-08-26,UNH,0,396.59,ACCUMULATE,386.81,406.54,424.412,65.64,RED,3,17,1,INSIDE,0,0,0,1,58,fails,0,G3 leader;G4 basis,F:3/3,,shadow-screen,,NEUTRAL,
2026-08-26,V,0,384.14,ACCUMULATE,373.95,393.03,329.18,100,RED,4,9,1,BREAKOUT,0,0,0,1,68,fails,0,G3 leader,F:0/1,26,owner-request,22,RED,18
2026-08-26,VRT,0,255.75,PULLBACK,237.08,249.18,263.63,37.3,AMBER,2,2,1,BREAKDOWN,0,0,0,0,38,fails,0,G2 trend;G4 basis,F:3/3,,owner-request,,YELLOW,
2026-08-26,VZ,0,50.25,ACCUMULATE,48.91,51.4,47.3705,94.78,RED,4,4,1,INSIDE,0,0,0,1,57,fails,0,G3 leader,F:2/3,,shadow-screen,,RED,
2026-08-26,WDC,0,450.75,ACCUMULATE,431.52,453.53,440.323,48.85,RED,3,65,1,BREAKOUT,1,1,0,1,69,STARTER,1,,F:3/3,,shadow-screen,,YELLOW,
2026-08-26,WFC,0,84.79,ACCUMULATE,82.28,86.47,87.0812,54.76,RED,3,8,1,BREAKDOWN,0,0,0,1,47,fails,0,G3 leader;G4 basis,F:2/3,,shadow-screen,,YELLOW,
2026-08-26,WMT,0,105.38,CAUTION,103.04,108.29,114.745,14.88,WHITE,0,8,0,BREAKDOWN,1,1,0,1,9,fails,0,G2 trend;G3 leader;G4 basis,F:2/3,,shadow-screen,,YELLOW,
2026-08-26,XOM,0,160.64,ACCUMULATE,154.23,162.1,153.263,87.51,RED,4,7,1,BREAKOUT,0,0,0,1,58,fails,1,,F:—,,shadow-screen,,YELLOW,
2026-08-26,ZETA,0,27.88,HOLD,23.09,24.27,18.4446,92.26,RED,4,14,1,INSIDE,0,0,0,0,75,CONVICTION,1,,F:2/2,,owner-request,,YELLOW,
2026-08-26,ZS,0,168.42,CAUTION,160.52,168.7,146.806,72.31,WHITE,1,38,0,,0,0,0,0,30,fails,0,G2 trend;G3 leader,F:3/3,,owner-request,,YELLOW,
2026-08-27,0700,0,447.8,CAUTION,433.15,455.25,441.993,26.53,WHITE,0,28,0,BREAKDOWN,0,0,0,1,10,fails,0,G1 size;G2 trend;G3 leader,F:—,,owner-request,,YELLOW,
2026-08-27,1810,0,27.48,BOTTOMING,25.72,27.03,28.0161,31.48,WHITE,0,46,0,BREAKOUT,0,0,0,0,19,fails,0,G2 trend;G3 leader;G4 basis,F:—,,owner-request,,NEUTRAL,
2026-08-27,3690,0,77.5,CAUTION,76.32,80.22,83.8029,15.39,WHITE,0,71,0,,0,0,0,1,9,fails,0,G2 trend;G3 leader;G4 basis,F:—,,owner-request,,YELLOW,
2026-08-27,9992,1,154,CAUTION,151.17,158.89,154.259,18.69,WHITE,0,26,0,INSIDE,1,1,0,1,18,fails,0,G2 trend;G3 leader;G4 basis,F:—,,holding,,RED,
2026-08-27,AAL,0,13.84,CAUTION,13.48,14.16,15.1365,35.84,WHITE,1,2,0,INSIDE,0,0,0,1,22,fails,0,G2 trend;G3 leader;G4 basis,F:2/3,,shadow-screen,,YELLOW,
2026-08-27,AAOI,0,113.76,PULLBACK,110.48,116.12,134.022,34.03,AMBER,2,1,1,BREAKDOWN,0,0,0,1,48,fails,0,G2 trend;G4 basis,F:1/3,,owner-request,,YELLOW,
2026-08-27,AAPL,1,313.45,ACCUMULATE,304.38,319.91,310.592,83.87,RED,3,22,1,BREAKOUT,1,0,1,1,55,fails,0,G1 size;G3 leader,F:2/3,21,holding,4,RED,33
2026-08-27,ABBV,0,262.9,ACCUMULATE,258.81,272.02,249.255,96.36,RED,4,12,1,BREAKOUT,0,0,0,1,67,fails,0,G3 leader,F:2/3,,shadow-screen,,RED,
2026-08-27,ABCL,0,12.24,HOLD,10.58,11.12,4.0517,99.64,RED,4,18,1,BREAKOUT,0,0,0,0,90,CONVICTION,1,,F:2/3,,owner-request,,RED,
2026-08-27,ABT,0,114.1,ACCUMULATE,109.3,114.87,88.7909,84.94,RED,3,2,1,INSIDE,0,0,0,1,57,fails,0,G3 leader,F:2/2,,shadow-screen,,RED,
2026-08-27,ACN,0,181.38,CAUTION,173.21,182.05,126.877,62.72,WHITE,0,31,0,INSIDE,0,0,0,1,32,fails,0,G2 trend;G3 leader,F:1/2,,shadow-screen,,RED,
2026-08-27,ADBE,0,273.47,CAUTION,263.28,276.72,251.675,82.44,WHITE,1,90,0,INSIDE,0,0,0,1,32,fails,0,G2 trend;G3 leader,F:3/3,,owner-request,,NEUTRAL,
2026-08-27,ADI,0,371.8,HOLD,343.86,361.41,376.915,42.43,RED,3,42,1,BREAKDOWN,0,0,0,0,52,fails,0,G4 basis,F:3/3,,shadow-screen,,YELLOW,
2026-08-27,AEHR,0,91.12,HOLD,80.48,84.59,97.4165,55.44,RED,3,61,1,INSIDE,0,0,0,0,75,fails,0,G4 basis,F:1/3,,owner-request,,YELLOW,
2026-08-27,AFRM,0,76.46,ACCUMULATE,75,78.83,76.5321,74.68,RED,4,14,1,INSIDE,0,0,0,1,65,fails,0,G3 leader;G4 basis,F:2/2,37,owner-request,34,RED,14
2026-08-27,ALAB,0,290.3,ACCUMULATE,279.51,293.77,123.076,55.15,RED,3,19,1,INSIDE,0,0,0,1,77,CONVICTION,1,,F:3/3,16,owner-request,16,YELLOW,5
2026-08-27,AMAT,0,479.76,HOLD,432.78,454.86,541.891,47.22,RED,3,50,1,INSIDE,0,0,0,0,64,fails,0,G4 basis,F:2/3,,owner-request,,YELLOW,
2026-08-27,AMD,1,480.93,ACCUMULATE,475.62,499.88,215.827,68.89,RED,3,24,1,INSIDE,0,0,0,1,75,fails,0,G1 size,F:3/3,6,holding,10,NEUTRAL,4
2026-08-27,AMZN,0,260.28,ACCUMULATE,248.69,261.38,229.756,73.02,RED,4,5,1,INSIDE,0,0,0,0,50,fails,0,G1 size;G3 leader,F:3/3,29,owner-request,39,YELLOW,26
2026-08-27,ANET,0,202.25,ACCUMULATE,195.57,205.55,143.099,96.06,RED,4,20,1,INSIDE,0,0,0,1,73,STARTER,1,,F:3/3,19,owner-request,19,NEUTRAL,16
2026-08-27,APH,0,161.34,HOLD,152.64,160.42,155.752,82.09,RED,4,14,1,BREAKDOWN,0,0,0,0,62,STARTER,1,,F:3/3,,shadow-screen,,NEUTRAL,
2026-08-27,APP,0,308.11,CAUTION,306.68,322.32,312.934,6.94,WHITE,0,7,0,INSIDE,0,0,0,1,18,fails,0,G2 trend;G3 leader;G4 basis,F:2/2,,owner-request,,NEUTRAL,
2026-08-27,ARM,0,251.06,ACCUMULATE,242.95,255.34,210.673,51.36,RED,3,1,1,INSIDE,0,0,0,1,77,CONVICTION,1,,F:3/3,10,owner-request,13,YELLOW,9
2026-08-27,ASML,0,1745.64,HOLD,1659.2,1743.85,1761.26,63.14,RED,3,54,1,INSIDE,0,0,0,0,68,fails,0,G4 basis,F:1/1,,owner-request,,YELLOW,
2026-08-27,ASTS,0,59.88,CAUTION,56.32,59.2,69.5636,15.03,WHITE,0,7,0,BREAKDOWN,0,0,0,0,17,fails,0,G2 trend;G3 leader;G4 basis,F:0/2,,owner-request,,YELLOW,
2026-08-27,AVGO,0,355.59,CAUTION,331.4,348.31,379.737,31.87,AMBER,2,2,0,INSIDE,0,0,0,0,10,fails,0,G1 size;G2 trend;G3 leader;G4 basis,F:3/3,,owner-request,,YELLOW,
2026-08-27,AXON,0,607.48,ACCUMULATE,595.91,626.31,393.819,82.16,RED,4,4,1,,0,0,0,1,52,fails,0,G3 leader,F:3/3,39,owner-request,36,YELLOW,30
2026-08-27,AXP,0,336.15,HOLD,307.38,323.06,341.473,52.89,RED,3,5,1,BREAKDOWN,0,0,0,0,37,fails,0,G3 leader;G4 basis,F:2/3,,shadow-screen,,YELLOW,
2026-08-27,AXTI,0,65.18,ACCUMULATE,63.16,66.39,64.4517,44.73,RED,3,4,1,BREAKDOWN,0,0,0,1,72,STARTER,1,,F:0/3,2,owner-request,6,YELLOW,15
2026-08-27,AZO,0,2999,CAUTION,2710.1,2848.37,3077.93,10.7,WHITE,0,28,0,BREAKDOWN,0,0,0,0,17,fails,0,G2 trend;G3 leader;G4 basis,F:2/3,,shadow-screen,,YELLOW,
2026-08-27,BA,0,212.09,CAUTION,207.3,217.87,216.677,24.69,WHITE,0,2,0,BREAKDOWN,0,0,0,1,17,fails,0,G2 trend;G3 leader;G4 basis,F:2/3,,shadow-screen,,YELLOW,
2026-08-27,BAC,0,62.23,ACCUMULATE,60.8,63.9,52.31,87.02,RED,4,13,1,BREAKDOWN,0,0,0,1,58,fails,0,G3 leader,F:2/3,,shadow-screen,,YELLOW,
2026-08-27,BB,0,7.79,HOLD,6.08,6.39,8.9098,35.1,RED,3,19,1,INSIDE,0,0,0,0,70,fails,0,G4 basis,F:2/3,,owner-request,,YELLOW,
2026-08-27,BE,0,218.21,ACCUMULATE,208.45,219.09,212.704,52.9,RED,3,1,1,INSIDE,0,0,0,1,69,STARTER,1,,F:0/1,,shadow-screen,,RED,
2026-08-27,BKNG,0,208.89,HOLD,196.49,206.51,168.127,83.44,RED,4,4,1,BREAKDOWN,0,0,0,0,52,fails,0,G3 leader,F:2/3,,shadow-screen,,YELLOW,
2026-08-27,BSX,0,48.17,BOTTOMING,43.71,45.94,44.6055,35.37,WHITE,0,39,0,BREAKOUT,0,0,1,0,32,fails,0,G2 trend;G3 leader,F:3/3,,shadow-screen,,YELLOW,
2026-08-27,C,0,133.56,ACCUMULATE,130.21,136.85,132.864,68.76,RED,3,24,1,BREAKDOWN,0,0,0,1,67,STARTER,1,,F:2/3,,shadow-screen,,YELLOW,
2026-08-27,CAT,0,821.93,ACCUMULATE,802.25,843.18,887.084,41.85,RED,3,62,1,INSIDE,0,0,0,1,63,fails,0,G4 basis,F:2/3,,shadow-screen,,YELLOW,
2026-08-27,CAVA,0,67.77,CAUTION,61.84,65,63.1027,32.97,WHITE,1,6,0,INSIDE,0,0,0,0,35,fails,0,G2 trend;G3 leader,F:3/3,,owner-request,,NEUTRAL,
2026-08-27,CBRS,0,182.15,CAUTION,176.93,185.96,223.77,10.18,WHITE,0,16,0,INSIDE,0,0,0,0,23,fails,0,G2 trend;G3 leader;G4 basis;G5 data,F:—,,shadow-screen,,YELLOW,
2026-08-27,CDE,0,21.44,ACCUMULATE,20.8,21.86,16.2809,92.54,RED,3,1,1,BREAKOUT,0,0,0,1,77,CONVICTION,1,,F:2/3,14,owner-request,15,RED,39
2026-08-27,CEG,0,279.52,CAUTION,265.21,278.75,270.626,56.68,WHITE,0,31,0,INSIDE,0,0,0,0,27,fails,0,G2 trend;G3 leader,F:2/3,,shadow-screen,,RED,
2026-08-27,CIEN,0,404.03,ACCUMULATE,397.22,417.49,440.28,46.61,RED,3,1,1,INSIDE,0,0,0,1,67,fails,0,G4 basis,F:3/3,,shadow-screen,,NEUTRAL,
2026-08-27,CIFR,0,16.02,CAUTION,15.56,16.36,17.1209,25.34,WHITE,1,1,0,,1,1,0,1,37,fails,0,G2 trend;G4 basis,F:2/3,,owner-request,,YELLOW,
2026-08-27,COHR,0,294.37,PULLBACK,280.85,295.18,324.506,44.79,AMBER,2,2,1,INSIDE,1,0,1,1,48,fails,0,G2 trend;G4 basis,F:2/3,,shadow-screen,,YELLOW,
2026-08-27,COIN,0,181.78,BOTTOMING,181.05,190.28,150.316,55.96,WHITE,0,39,0,BREAKOUT,0,0,0,1,28,fails,0,G2 trend;G3 leader,F:1/2,,owner-request,,RED,
2026-08-27,COST,0,956.12,CAUTION,936.51,984.3,955.627,50.92,WHITE,1,8,1,INSIDE,0,0,0,1,33,fails,0,G2 trend;G3 leader,F:2/3,,owner-request,,RED,
2026-08-27,CRCL,0,89.91,CAUTION,86.54,90.95,63.3924,58.26,AMBER,2,1,0,BREAKDOWN,1,0,1,1,27,fails,0,G2 trend;G3 leader,F:2/2,,shadow-screen,,RED,
2026-08-27,CRDO,0,226.49,ACCUMULATE,217.56,228.66,247.119,62.14,RED,3,19,1,INSIDE,0,0,0,1,77,fails,0,G4 basis,F:3/3,8,owner-request,12,YELLOW,11
2026-08-27,CRM,0,205.62,CAUTION,188.22,197.82,185.994,83.72,WHITE,1,76,1,INSIDE,0,0,0,0,38,fails,0,G2 trend;G3 leader,F:2/3,,owner-request,,RED,
2026-08-27,CRWD,0,189.18,ACCUMULATE,185.38,194.84,102.282,80.13,RED,4,16,1,BREAKDOWN,1,1,0,1,73,STARTER,1,,F:1/2,11,owner-request,2,YELLOW,7
2026-08-27,CRWV,0,88.01,CAUTION,81.1,85.24,90.4324,35.41,WHITE,1,2,0,INSIDE,0,0,0,0,23,fails,0,G2 trend;G3 leader;G4 basis,F:2/2,,owner-request,,YELLOW,
2026-08-27,CSCO,0,112.36,ACCUMULATE,110.15,115.77,77.9846,49.96,RED,3,70,1,INSIDE,0,0,0,1,73,STARTER,1,,F:2/3,,shadow-screen,,YELLOW,
2026-08-27,CSPX,1,830.9,ACCUMULATE,817.47,859.17,805.023,92.24,RED,4,21,1,BREAKDOWN,0,0,0,1,60,fails,0,G3 leader,F:—,25,holding,23,NEUTRAL,35
2026-08-27,CVX,0,200.21,ACCUMULATE,197.03,207.08,189.924,87.72,RED,4,7,1,BREAKDOWN,0,0,0,1,48,fails,0,G3 leader,F:1/3,,shadow-screen,,YELLOW,
2026-08-27,D05,0,75.65,ACCUMULATE,74.52,78.32,57.6073,91.56,RED,4,71,1,,0,0,0,1,75,CONVICTION,1,,F:—,18,owner-request,18,YELLOW,20
2026-08-27,DDOG,1,227.67,ACCUMULATE,217.9,229.01,125.934,55.7,RED,3,17,1,BREAKOUT,1,1,0,1,72,STARTER,1,,F:2/2,13,holding,3,YELLOW,8
2026-08-27,DELL,0,463.82,HOLD,431.03,453.03,119.097,93.89,RED,4,26,1,INSIDE,0,0,0,0,78,CONVICTION,1,,F:2/2,,owner-request,,NEUTRAL,
2026-08-27,DRAM,1,56.39,CAUTION,55.14,57.96,54.43,50.06,AMBER,2,6,0,INSIDE,1,0,1,1,48,fails,0,G2 trend;G5 data,F:—,,holding,,RED,
2026-08-27,DUOL,0,140.88,CAUTION,128.52,135.08,98.8507,76.11,WHITE,1,55,0,INSIDE,0,0,0,0,40,fails,0,G2 trend;G3 leader,F:2/2,,owner-request,,NEUTRAL,
2026-08-27,ETHA,0,18.65,BOTTOMING,18.25,19.18,14.3238,76.39,WHITE,1,39,1,BREAKOUT,0,0,0,1,52,fails,0,G2 trend;G3 leader,F:1/2,,owner-request,,RED,
2026-08-27,ETN,0,419.44,HOLD,397.31,417.58,405.419,82.59,RED,4,25,1,INSIDE,0,0,0,0,57,fails,0,G3 leader,F:3/3,,shadow-screen,,YELLOW,
2026-08-27,FCX,0,79,ACCUMULATE,77.5,81.46,61.991,98.68,RED,4,6,1,BREAKOUT,0,0,0,0,77,CONVICTION,1,,F:2/3,,shadow-screen,,RED,
2026-08-27,GE,0,354.39,ACCUMULATE,339.44,356.76,284.854,73.61,RED,4,14,1,BREAKDOWN,0,0,0,1,57,fails,0,G3 leader,F:3/3,,shadow-screen,,YELLOW,
2026-08-27,GEV,0,953.09,ACCUMULATE,920.43,967.39,1065.33,45.5,RED,3,73,1,BREAKDOWN,0,0,0,1,58,fails,0,G4 basis,F:2/3,,shadow-screen,,YELLOW,
2026-08-27,GLW,0,152.78,PULLBACK,148.57,156.15,159.819,38.45,AMBER,2,2,1,INSIDE,0,0,0,1,48,fails,0,G2 trend;G4 basis,F:1/1,,shadow-screen,,NEUTRAL,
2026-08-27,GOOG,1,339.1,ACCUMULATE,334.77,351.85,341.604,48.81,RED,3,5,1,INSIDE,0,0,0,1,45,fails,0,G1 size;G4 basis,F:2/2,17,holding,17,YELLOW,36
2026-08-27,GOOGL,0,342,HOLD,311.45,327.34,344.911,47.69,RED,3,5,1,INSIDE,0,0,0,0,40,fails,0,G1 size;G4 basis,F:2/2,,owner-request,,YELLOW,
2026-08-27,GRAB,0,3.64,BOTTOMING,3.55,3.73,3.6237,48.91,WHITE,0,34,0,BREAKOUT,1,0,1,1,35,fails,0,G2 trend;G3 leader,F:2/2,,owner-request,,NEUTRAL,
2026-08-27,GS,0,1040.46,ACCUMULATE,1020,1072.05,1040.82,68.1,RED,3,22,1,INSIDE,0,0,0,1,63,fails,0,G4 basis,F:2/2,,shadow-screen,,RED,
2026-08-27,HD,0,334.85,CAUTION,319.91,336.23,336.64,37.51,WHITE,0,26,0,BREAKDOWN,0,0,0,0,17,fails,0,G2 trend;G3 leader;G4 basis,F:2/3,,shadow-screen,,YELLOW,
2026-08-27,HIMS,0,29.83,CAUTION,28.77,30.24,29.3603,55.07,RED,3,2,0,BREAKDOWN,0,0,0,1,40,fails,0,G2 trend;G3 leader,F:2/2,,owner-request,,NEUTRAL,
2026-08-27,HON,0,220.67,CAUTION,211.76,222.56,224.045,19.83,WHITE,0,1,0,INSIDE,0,0,0,1,22,fails,0,G2 trend;G3 leader;G4 basis,F:2/3,,shadow-screen,,YELLOW,
2026-08-27,HOOD,0,108.54,ACCUMULATE,103.35,108.62,76.046,79.38,RED,3,4,1,BREAKOUT,0,0,0,1,63,fails,0,G3 leader,F:2/2,34,owner-request,31,RED,18
2026-08-27,IBIT,0,44.46,BOTTOMING,43.34,45.55,36.3375,71.8,WHITE,1,41,1,BREAKOUT,0,0,0,1,48,fails,0,G2 trend;G3 leader,F:1/2,,owner-request,,RED,
2026-08-27,IBM,0,229.87,CAUTION,225.27,236.76,235.313,36.17,WHITE,0,7,0,INSIDE,0,0,0,1,22,fails,0,G2 trend;G3 leader;G4 basis,F:2/3,,shadow-screen,,NEUTRAL,
2026-08-27,ICE,0,161.92,BOTTOMING,158,166.06,155.347,83.18,WHITE,1,29,1,BREAKOUT,0,0,0,1,47,fails,0,G2 trend;G3 leader,F:2/3,,owner-request,,RED,
2026-08-27,IGV,0,102.39,ACCUMULATE,100.28,105.4,92.8767,87.34,RED,4,4,1,INSIDE,0,0,0,1,62,fails,0,G3 leader,F:—,38,owner-request,35,NEUTRAL,22
2026-08-27,INTC,0,88.24,ACCUMULATE,85.03,89.37,97.1535,40.18,RED,3,54,1,INSIDE,0,0,0,1,65,fails,0,G1 size;G4 basis,F:1/3,4,owner-request,8,YELLOW,10
2026-08-27,INTU,0,345.88,CAUTION,305.04,320.6,311.263,57.87,WHITE,0,47,0,BREAKDOWN,0,0,1,0,22,fails,0,G2 trend;G3 leader,F:3/3,,shadow-screen,,NEUTRAL,
2026-08-27,IONQ,0,40.03,BOTTOMING,34.63,36.4,40.78,26.86,WHITE,0,7,0,BREAKOUT,0,0,0,0,27,fails,0,G2 trend;G3 leader;G4 basis,F:1/3,,shadow-screen,,YELLOW,
2026-08-27,IOT,0,39.84,ACCUMULATE,38.61,40.58,37.1655,92,RED,4,5,1,INSIDE,0,0,0,1,65,fails,0,G3 leader,F:2/2,28,owner-request,26,NEUTRAL,17
2026-08-27,IREN,0,39.58,CAUTION,32.9,34.58,40.5252,22.83,WHITE,0,7,0,BREAKDOWN,0,0,0,0,28,fails,0,G2 trend;G4 basis,F:2/2,,owner-request,,NEUTRAL,
2026-08-27,ISRG,0,370.42,CAUTION,345.57,363.2,403.484,19.05,WHITE,0,30,0,BREAKDOWN,0,0,0,0,17,fails,0,G2 trend;G3 leader;G4 basis,F:3/3,,shadow-screen,,YELLOW,
2026-08-27,IWM,0,298.93,ACCUMULATE,292.63,307.56,298.603,91.04,RED,3,22,1,BREAKDOWN,0,0,0,1,45,fails,0,G1 size;G3 leader,F:—,22,owner-request,21,YELLOW,34
2026-08-27,JNJ,0,270,HOLD,252.64,265.53,229.509,94.68,RED,4,59,1,,0,0,0,0,58,fails,1,,F:2/3,,shadow-screen,,RED,
2026-08-27,JPM,0,356.5,ACCUMULATE,349.42,367.25,310.141,90,RED,4,13,1,BREAKDOWN,0,0,0,1,53,fails,0,G3 leader,F:2/3,24,owner-request,22,YELLOW,28
2026-08-27,KLAC,0,183.83,PULLBACK,177.86,186.93,181.489,43.42,AMBER,2,2,1,INSIDE,0,0,0,1,48,fails,0,G2 trend,F:2/3,,owner-request,,YELLOW,
2026-08-27,KO,0,90.08,ACCUMULATE,87.8,92.28,81.4021,94.61,RED,4,34,1,BREAKOUT,0,0,0,1,67,fails,0,G3 leader,F:—,,shadow-screen,,RED,
2026-08-27,LIN,0,490.33,PULLBACK,470.73,494.75,480.339,44.45,AMBER,2,5,1,,0,0,0,1,32,fails,0,G2 trend;G3 leader,F:2/3,,shadow-screen,,RED,
2026-08-27,LITE,0,939.03,HOLD,853.81,897.37,871.238,89.45,RED,3,65,1,BREAKOUT,0,0,1,0,69,STARTER,1,,F:2/3,,owner-request,,RED,
2026-08-27,LLY,0,1189.41,ACCUMULATE,1139.8,1197.95,1207.75,79.01,RED,4,16,1,BREAKDOWN,0,0,0,0,59,fails,0,G4 basis,F:3/3,15,owner-request,37,YELLOW,31
2026-08-27,LMND,0,53.64,CAUTION,52.15,54.81,53.2151,31.97,WHITE,0,5,0,INSIDE,0,0,0,1,30,fails,0,G2 trend;G3 leader,F:2/3,,owner-request,,RED,
2026-08-27,LRCX,0,312.88,ACCUMULATE,307.95,323.66,314.235,60.63,RED,3,65,1,INSIDE,0,0,0,1,78,fails,0,G4 basis,F:3/3,5,owner-request,9,NEUTRAL,23
2026-08-27,MA,0,598.47,ACCUMULATE,585.75,615.64,494.824,99.45,RED,4,5,1,BREAKOUT,0,0,0,1,58,fails,0,G3 leader,F:3/3,33,owner-request,30,RED,29
2026-08-27,MCD,0,266.93,CAUTION,,,268.859,8.53,WHITE,0,22,0,INSIDE,0,0,0,0,22,fails,0,G2 trend;G3 leader;G4 basis,F:2/3,,shadow-screen,,YELLOW,
2026-08-27,MCHP,0,74.05,CAUTION,73.02,76.74,74.5063,26.12,AMBER,2,3,0,INSIDE,0,0,0,1,22,fails,0,G2 trend;G3 leader;G4 basis,F:2/3,,shadow-screen,,YELLOW,
2026-08-27,MDB,0,406.11,HOLD,372.04,391.02,322.776,85.8,RED,4,5,1,BREAKOUT,0,0,0,0,67,STARTER,1,,F:3/3,,owner-request,,YELLOW,
2026-08-27,META,0,576.14,BOTTOMING,557.67,586.12,604.457,23.37,WHITE,0,42,0,BREAKOUT,0,0,0,1,15,fails,0,G1 size;G2 trend;G3 leader;G4 basis,F:2/2,,owner-request,,RED,
2026-08-27,MPWR,0,1303.88,PULLBACK,1143.45,1201.79,1319.8,35.73,AMBER,2,2,1,INSIDE,0,0,0,0,42,fails,0,G2 trend;G4 basis,F:3/3,,shadow-screen,,YELLOW,
2026-08-27,MRK,0,153.1,ACCUMULATE,147.81,155.35,120.716,98.28,RED,4,43,1,,0,0,0,0,73,STARTER,1,,F:2/3,,shadow-screen,,RED,
2026-08-27,MRVL,0,245.11,HOLD,215.66,226.67,89.2744,65.44,RED,3,27,1,BREAKOUT,0,0,1,0,75,fails,0,G1 size,F:3/3,,owner-request,,RED,
2026-08-27,MS,0,214.08,ACCUMULATE,210.98,221.75,215.288,71.89,RED,3,22,1,INSIDE,0,0,0,1,72,fails,0,G4 basis,F:2/3,,shadow-screen,,YELLOW,
2026-08-27,MSFT,0,496.37,ACCUMULATE,487.08,511.93,394.416,90.63,RED,4,4,1,BREAKOUT,0,0,0,1,55,fails,0,G1 size;G3 leader,F:3/3,36,owner-request,33,NEUTRAL,25
2026-08-27,MSTR,0,123.19,CAUTION,118.98,125.05,94.9249,51.37,WHITE,0,47,0,BREAKDOWN,1,0,1,1,18,fails,0,G2 trend;G3 leader,F:0/2,,shadow-screen,,RED,
2026-08-27,MU,1,938.4,ACCUMULATE,919.51,966.42,938.275,71.93,RED,3,64,1,INSIDE,0,0,0,1,75,fails,0,G1 size,F:3/3,3,holding,7,RED,6
2026-08-27,NAK,0,1.75,CAUTION,1.62,1.7,1.9759,41.53,WHITE,0,8,1,INSIDE,0,0,0,0,50,fails,0,G2 trend;G4 basis,F:1/1,,owner-request,,RED,
2026-08-27,NBIS,1,213.93,HOLD,199.34,209.51,217.701,61.73,RED,3,30,1,INSIDE,0,0,0,0,70,fails,0,G1 size;G4 basis,F:2/2,,holding,,YELLOW,
2026-08-27,NEE,0,84.22,CAUTION,78.87,82.89,86.065,17.46,WHITE,1,3,0,BREAKDOWN,0,0,0,0,17,fails,0,G2 trend;G3 leader;G4 basis,F:2/3,,shadow-screen,,YELLOW,
2026-08-27,NET,0,284.89,ACCUMULATE,278.62,292.84,198.309,83.92,RED,4,20,1,BREAKOUT,0,0,0,1,82,CONVICTION,1,,F:2/2,20,owner-request,20,YELLOW,13
2026-08-27,NFLX,0,81.46,CAUTION,79.94,84.02,73.72,47.85,WHITE,0,41,0,BREAKDOWN,0,0,0,1,18,fails,0,G2 trend;G3 leader,F:2/3,,owner-request,,RED,
2026-08-27,NKE,0,38.59,CAUTION,,,41.341,0,WHITE,0,47,0,BREAKDOWN,0,1,0,0,17,fails,0,G2 trend;G3 leader;G4 basis,F:2/3,,shadow-screen,,YELLOW,
2026-08-27,NOK,0,10.41,ACCUMULATE,10.17,10.69,10.3764,45.22,RED,3,1,1,INSIDE,0,0,0,1,77,CONVICTION,1,,F:1/1,7,owner-request,11,RED,19
2026-08-27,NOW,0,125.8,CAUTION,124.42,130.77,102.561,84.95,WHITE,1,57,1,INSIDE,0,0,0,1,38,fails,0,G2 trend;G3 leader,F:2/3,,owner-request,,NEUTRAL,
2026-08-27,NTDOY,0,13.84,BOTTOMING,13.49,14.18,11.0218,75.96,WHITE,1,38,0,BREAKOUT,0,0,0,1,40,fails,0,G2 trend;G3 leader,F:—,,owner-request,,RED,
2026-08-27,NVDA,1,209.66,ACCUMULATE,206.92,217.48,211.146,72.27,RED,4,9,1,BREAKDOWN,0,0,0,1,40,fails,0,G1 size;G3 leader;G4 basis,F:3/3,27,holding,25,YELLOW,38
2026-08-27,NVO,0,47.19,CAUTION,45.96,48.3,46.894,60.12,WHITE,1,5,0,BREAKDOWN,1,0,1,1,32,fails,0,G2 trend;G3 leader,F:—,,owner-request,,RED,
2026-08-27,NXPI,0,223.15,CAUTION,220.26,231.5,233.417,20.67,WHITE,0,2,0,INSIDE,0,0,0,1,22,fails,0,G2 trend;G3 leader;G4 basis,F:1/2,,shadow-screen,,NEUTRAL,
2026-08-27,ON,0,73.22,CAUTION,70.72,74.32,81.6815,30.12,AMBER,2,5,0,INSIDE,0,0,0,1,32,fails,0,G2 trend;G4 basis,F:2/3,,shadow-screen,,YELLOW,
2026-08-27,ONDS,0,8.22,CAUTION,7.95,8.35,8.8575,34.04,WHITE,0,8,0,INSIDE,0,0,0,1,32,fails,0,G2 trend;G4 basis,F:1/3,,owner-request,,YELLOW,
2026-08-27,ONON,0,29.23,CAUTION,28.43,29.88,31.0357,2.8,WHITE,0,26,0,BREAKDOWN,1,1,0,1,20,fails,0,G2 trend;G3 leader;G4 basis,F:1/1,,owner-request,,YELLOW,
2026-08-27,ORCL,0,148.87,CAUTION,142.17,149.43,145.075,43.34,WHITE,0,10,0,INSIDE,0,0,0,1,19,fails,0,G2 trend;G3 leader,F:3/3,,owner-request,,RED,
2026-08-27,OSCR,0,31.24,ACCUMULATE,30.69,32.26,13.468,91.52,RED,4,17,1,,0,1,0,1,80,CONVICTION,1,,F:2/2,9,owner-request,1,RED,1
2026-08-27,OUST,0,35.87,ACCUMULATE,35.56,37.37,45.2036,42.41,RED,3,18,1,INSIDE,0,0,0,1,60,fails,0,G3 leader;G4 basis,F:1/3,26,owner-request,24,YELLOW,12
2026-08-27,P,0,108.9,HOLD,102.03,107.24,74.1427,91.07,RED,4,6,1,,0,0,0,0,70,STARTER,1,,F:3/3,,owner-request,,NEUTRAL,
2026-08-27,PANW,0,339.31,HOLD,321.6,338.01,167.327,80.73,RED,4,16,1,,0,0,0,0,68,STARTER,1,,F:2/3,,owner-request,,YELLOW,
2026-08-27,PEP,0,142.19,BOTTOMING,139.48,146.59,142.322,39.29,WHITE,0,14,0,BREAKOUT,0,0,0,1,27,fails,0,G2 trend;G3 leader;G4 basis,F:2/3,,shadow-screen,,RED,
2026-08-27,PFE,0,28.3,HOLD,24.67,25.92,25.169,98.43,RED,4,2,1,BREAKOUT,0,0,0,0,47,fails,0,G3 leader,F:2/3,,shadow-screen,,RED,
2026-08-27,PG,0,145,BOTTOMING,141.38,148.59,144.267,35,WHITE,0,6,0,BREAKOUT,1,0,1,1,32,fails,0,G2 trend;G3 leader,F:2/3,,shadow-screen,,RED,
2026-08-27,PL,0,21.16,CAUTION,19.84,20.85,22.7495,19.57,WHITE,0,5,0,INSIDE,0,0,0,0,45,fails,0,G2 trend;G4 basis,F:2/2,,owner-request,,YELLOW,
2026-08-27,PLTR,1,177.5,ACCUMULATE,171.26,180,134.44,90.66,RED,4,2,1,BREAKOUT,0,0,0,1,55,fails,0,G1 size;G3 leader,F:2/2,30,holding,27,NEUTRAL,21
2026-08-27,QCOM,0,163.72,CAUTION,160.91,169.12,160.228,34.62,WHITE,1,5,0,INSIDE,0,0,0,1,23,fails,0,G2 trend;G3 leader,F:3/3,,owner-request,,RED,
2026-08-27,QQQ,0,711.37,ACCUMULATE,679.17,713.82,717.751,70.91,RED,3,21,1,BREAKDOWN,0,0,0,0,40,fails,0,G1 size;G3 leader;G4 basis,F:—,23,owner-request,38,YELLOW,32
2026-08-27,QQQM,1,292.9,HOLD,271.29,285.13,295.486,67.83,RED,3,21,1,BREAKDOWN,0,0,0,0,47,fails,0,G3 leader;G4 basis,F:—,,holding,,YELLOW,
2026-08-27,RBLX,0,37.56,CAUTION,36.49,38.35,37.2302,15.64,WHITE,0,38,0,INSIDE,0,0,0,1,27,fails,0,G2 trend;G3 leader,F:2/2,,owner-request,,NEUTRAL,
2026-08-27,RBRK,0,96.13,HOLD,85.54,89.9,71.6537,90.13,RED,4,13,1,BREAKOUT,0,0,0,0,75,fails,0,G3 leader,F:2/2,,owner-request,,YELLOW,
2026-08-27,RDDT,0,155.36,CAUTION,151.93,159.68,169.36,36.7,WHITE,0,5,0,INSIDE,0,0,0,1,27,fails,0,G2 trend;G3 leader;G4 basis,F:2/2,,owner-request,,NEUTRAL,
2026-08-27,RKLB,0,66.18,CAUTION,46.17,48.53,68.0144,18.67,WHITE,0,3,0,INSIDE,0,0,0,0,22,fails,0,G2 trend;G3 leader;G4 basis,F:1/3,,owner-request,,YELLOW,
2026-08-27,RTX,0,211.99,ACCUMULATE,204.89,215.34,176.086,81.74,RED,4,11,1,BREAKDOWN,0,0,0,1,57,fails,0,G3 leader,F:2/3,,shadow-screen,,YELLOW,
2026-08-27,SATL,0,5.13,PULLBACK,4.43,4.66,5.7825,38.13,AMBER,2,1,1,BREAKDOWN,0,0,0,0,45,fails,0,G2 trend;G4 basis,F:1/2,,owner-request,,YELLOW,
2026-08-27,SCHW,0,109.39,ACCUMULATE,105.71,111.1,92.2225,93.37,RED,4,8,1,INSIDE,0,0,0,1,62,fails,0,G3 leader,F:3/3,,shadow-screen,,YELLOW,
2026-08-27,SE,0,119.12,HOLD,112.41,118.15,89.3319,73.06,RED,3,3,1,BREAKOUT,0,0,0,0,57,fails,0,G3 leader,F:2/2,,owner-request,,NEUTRAL,
2026-08-27,SHOP,0,150.29,ACCUMULATE,145.53,152.95,119.427,86.51,RED,4,3,1,INSIDE,0,0,0,1,58,fails,0,G3 leader,F:2/2,32,owner-request,29,NEUTRAL,24
2026-08-27,SMCI,0,37.39,ACCUMULATE,36.03,37.87,30.7939,77.64,RED,4,2,1,BREAKOUT,1,0,1,1,48,fails,0,G3 leader,F:3/3,,shadow-screen,,RED,
2026-08-27,SMH,0,555.77,HOLD,516.65,543.01,571.321,48.5,RED,3,64,1,BREAKDOWN,0,0,0,0,54,fails,0,G4 basis,F:—,,owner-request,,YELLOW,
2026-08-27,SNDK,0,1499.37,ACCUMULATE,1442.81,1516.42,638.592,67.95,RED,3,63,1,BREAKOUT,0,0,0,1,75,fails,0,G1 size,F:3/3,1,owner-request,5,NEUTRAL,2
2026-08-27,SNOW,0,315.37,HOLD,261.89,275.25,237.448,90.69,RED,4,12,1,BREAKDOWN,0,0,1,0,67,STARTER,1,,F:3/3,,owner-request,,YELLOW,
2026-08-27,SOFI,0,18.84,BOTTOMING,18,18.92,18.3663,74.64,WHITE,1,28,1,BREAKOUT,0,0,0,1,47,fails,0,G2 trend;G3 leader,F:3/3,,owner-request,,RED,
2026-08-27,SPCX,1,139.63,CAUTION,133.81,140.64,136.543,50.75,WHITE,0,8,0,,0,0,0,0,15,fails,0,G1 size;G2 trend;G3 leader;G5 data,F:—,,holding,,RED,
2026-08-27,STX,0,846.37,HOLD,794.94,835.5,866.044,62.34,RED,3,67,1,,0,0,1,0,64,fails,0,G4 basis,F:3/3,,shadow-screen,,YELLOW,
2026-08-27,T,0,25.87,PULLBACK,25.39,26.68,23.3142,78.17,AMBER,2,2,1,INSIDE,0,0,0,1,42,fails,0,G2 trend;G3 leader,F:2/3,,shadow-screen,,RED,
2026-08-27,TE,0,4.51,CAUTION,4.49,4.72,5.9194,13.58,WHITE,0,5,0,INSIDE,0,0,0,1,45,fails,0,G2 trend;G4 basis,F:2/3,,owner-request,,NEUTRAL,
2026-08-27,TEAM,0,168.47,ACCUMULATE,161.28,169.51,86.2643,94.63,RED,4,3,1,INSIDE,0,0,0,1,62,fails,0,G3 leader,F:2/2,35,owner-request,32,RED,3
2026-08-27,TER,0,363.1,ACCUMULATE,352.32,370.29,359.509,57.02,RED,3,55,1,INSIDE,0,0,0,1,77,CONVICTION,1,,F:2/3,,shadow-screen,,YELLOW,
2026-08-27,TMC,0,5.01,CAUTION,4.81,5.06,4.5407,45.64,WHITE,1,28,0,BREAKDOWN,0,0,0,1,25,fails,0,G2 trend;G3 leader,F:1/2,,owner-request,,RED,
2026-08-27,TMDX,0,92.22,CAUTION,91.13,95.78,74.8559,63.26,WHITE,1,23,0,INSIDE,0,0,0,1,35,fails,0,G2 trend;G3 leader,F:3/3,,owner-request,,RED,
2026-08-27,TMO,0,633.71,ACCUMULATE,610.86,642.03,472.719,99.18,RED,4,6,1,BREAKOUT,0,0,0,1,67,fails,0,G3 leader,F:2/3,,shadow-screen,,RED,
2026-08-27,TMUS,0,179.61,CAUTION,137.35,144.36,182.438,20.68,WHITE,0,50,0,INSIDE,0,0,0,0,22,fails,0,G2 trend;G3 leader;G4 basis,F:2/3,,shadow-screen,,NEUTRAL,
2026-08-27,TOST,0,36.97,HOLD,34.18,35.92,28.1072,94.22,RED,4,4,1,INSIDE,0,0,0,0,60,fails,0,G3 leader,F:2/2,,owner-request,,RED,
2026-08-27,TSLA,1,345.82,BOTTOMING,334.84,351.93,397.921,24.54,WHITE,0,10,0,BREAKOUT,0,0,0,1,15,fails,0,G1 size;G2 trend;G3 leader;G4 basis,F:1/3,,holding,,RED,
2026-08-27,TSM,1,417.69,ACCUMULATE,409.46,430.35,417.813,64.97,RED,3,65,1,BREAKDOWN,0,0,0,1,59,fails,0,G4 basis,F:3/3,12,holding,14,NEUTRAL,37
2026-08-27,TXN,0,261.77,HOLD,215.34,226.32,279.718,35.02,RED,3,21,1,INSIDE,0,0,0,0,48,fails,0,G3 leader;G4 basis,F:3/3,,shadow-screen,,YELLOW,
2026-08-27,UBER,0,78.49,BOTTOMING,76.82,80.74,73.5988,78.48,WHITE,1,37,1,BREAKOUT,0,0,0,1,47,fails,0,G2 trend;G3 leader,F:3/3,,owner-request,,RED,
2026-08-27,UNH,0,401.01,HOLD,360.93,379.34,424.412,68.34,RED,3,17,1,INSIDE,0,0,0,0,53,fails,0,G3 leader;G4 basis,F:3/3,,shadow-screen,,NEUTRAL,
2026-08-27,V,0,383.9,ACCUMULATE,375.27,394.42,330.19,99.65,RED,4,9,1,BREAKOUT,0,0,0,1,68,fails,0,G3 leader,F:0/1,31,owner-request,28,RED,27
2026-08-27,VRT,0,263.81,PULLBACK,258.36,271.54,263.63,46.27,AMBER,2,2,1,BREAKDOWN,0,0,0,1,47,fails,0,G2 trend,F:3/3,,owner-request,,YELLOW,
2026-08-27,VZ,0,50.19,ACCUMULATE,48.91,51.4,47.3705,94.05,RED,4,4,1,INSIDE,0,0,0,1,57,fails,0,G3 leader,F:2/3,,shadow-screen,,RED,
2026-08-27,WDC,0,468.88,ACCUMULATE,456.91,480.22,440.323,55.43,RED,3,65,1,BREAKOUT,1,1,0,1,69,STARTER,1,,F:3/3,,shadow-screen,,NEUTRAL,
2026-08-27,WFC,0,85.23,ACCUMULATE,82.79,87.01,87.0812,58.52,RED,3,8,1,BREAKDOWN,0,0,0,1,47,fails,0,G3 leader;G4 basis,F:2/3,,shadow-screen,,YELLOW,
2026-08-27,WMT,0,104.34,CAUTION,103.04,108.29,114.745,12.35,WHITE,0,8,0,BREAKDOWN,1,1,0,1,9,fails,0,G2 trend;G3 leader;G4 basis,F:2/3,,shadow-screen,,YELLOW,
2026-08-27,XOM,0,158.19,ACCUMULATE,154.23,162.1,153.263,79.65,RED,4,7,1,BREAKOUT,0,0,0,1,58,fails,1,,F:—,,shadow-screen,,YELLOW,
2026-08-27,ZETA,0,28.23,HOLD,23.09,24.27,18.4446,93.55,RED,4,14,1,INSIDE,0,0,0,0,75,CONVICTION,1,,F:2/2,,owner-request,,NEUTRAL,
2026-08-27,ZS,0,170.31,CAUTION,160.52,168.7,146.806,73.99,WHITE,1,38,0,,0,0,0,0,30,fails,0,G2 trend;G3 leader,F:3/3,,owner-request,,YELLOW,
2026-08-28,0700,0,455.2,CAUTION,433.15,455.25,441.993,35.34,WHITE,0,28,0,INSIDE,0,0,0,1,15,fails,0,G1 size;G2 trend;G3 leader,F:—,,owner-request,,NEUTRAL,
2026-08-28,1810,0,27.82,BOTTOMING,27.46,28.86,28.0161,36.99,WHITE,0,46,0,BREAKOUT,0,0,0,1,19,fails,0,G2 trend;G3 leader;G4 basis,F:—,,owner-request,,RED,
2026-08-28,3690,0,77.5,CAUTION,76.32,80.22,77.8804,15.65,WHITE,0,71,0,,0,0,0,1,9,fails,0,G2 trend;G3 leader;G4 basis,F:—,,owner-request,,YELLOW,
2026-08-28,9992,1,158.7,BOTTOMING,151.17,158.89,154.259,39.4,WHITE,0,26,0,BREAKOUT,1,1,0,1,28,fails,0,G2 trend;G3 leader,F:—,,holding,,RED,
2026-08-28,AAL,0,13.72,CAUTION,13.48,14.16,15.1365,32.75,WHITE,1,2,0,BREAKDOWN,0,0,0,1,17,fails,0,G2 trend;G3 leader;G4 basis,F:2/3,,shadow-screen,,YELLOW,
2026-08-28,AAOI,0,113.28,PULLBACK,110.48,116.12,134.022,34.02,AMBER,2,1,1,BREAKDOWN,0,0,0,1,48,fails,0,G2 trend;G4 basis,F:1/3,,owner-request,,YELLOW,
2026-08-28,AAPL,1,314.58,ACCUMULATE,304.38,319.91,310.592,86.88,RED,3,22,1,BREAKOUT,1,0,1,1,55,fails,0,G1 size;G3 leader,F:2/3,22,holding,2,RED,29
2026-08-28,ABBV,0,258.15,HOLD,244.27,256.73,249.255,90.08,RED,4,12,1,BREAKOUT,0,0,0,0,62,fails,0,G3 leader,F:2/3,,shadow-screen,,NEUTRAL,
2026-08-28,ABCL,0,12.4,HOLD,10.58,11.12,4.0517,99.84,RED,4,18,1,BREAKOUT,0,0,0,0,90,CONVICTION,1,,F:2/3,,owner-request,,RED,
2026-08-28,ABT,0,111.59,ACCUMULATE,109.3,114.87,88.7909,80.12,RED,3,2,1,BREAKDOWN,0,0,0,1,52,fails,0,G3 leader,F:2/2,,shadow-screen,,YELLOW,
2026-08-28,ACN,0,187.38,BOTTOMING,173.21,182.05,126.877,70.75,WHITE,1,31,0,BREAKOUT,0,0,0,0,37,fails,0,G2 trend;G3 leader,F:1/2,,shadow-screen,,RED,
2026-08-28,ADBE,0,289.15,BOTTOMING,263.28,276.72,251.675,85.23,WHITE,1,90,1,BREAKOUT,0,0,0,0,47,fails,0,G2 trend;G3 leader,F:3/3,,owner-request,,RED,
2026-08-28,ADI,0,374.52,ACCUMULATE,369.38,388.22,376.915,46.77,RED,3,42,1,INSIDE,0,0,0,1,62,fails,0,G4 basis,F:3/3,,shadow-screen,,YELLOW,
2026-08-28,AEHR,0,90.46,HOLD,80.48,84.59,97.4165,55,RED,3,61,1,INSIDE,0,0,0,0,75,fails,0,G4 basis,F:1/3,,owner-request,,YELLOW,
2026-08-28,AFRM,0,77.49,ACCUMULATE,75,78.83,76.5321,81.16,RED,4,14,1,INSIDE,0,0,0,1,70,fails,0,G3 leader,F:2/2,32,owner-request,31,RED,13
2026-08-28,ALAB,0,304.09,HOLD,279.51,293.77,123.076,58.24,RED,3,19,1,BREAKOUT,0,0,0,0,77,CONVICTION,1,,F:3/3,,owner-request,,NEUTRAL,
2026-08-28,AMAT,0,482.36,ACCUMULATE,470.99,495.03,541.891,49.7,RED,3,50,1,INSIDE,0,0,0,1,69,fails,0,G4 basis,F:2/3,7,owner-request,8,YELLOW,20
2026-08-28,AMD,1,476.67,HOLD,246.15,258.71,215.827,66.74,RED,3,24,1,BREAKDOWN,0,0,0,0,65,fails,0,G1 size,F:3/3,,holding,,NEUTRAL,
2026-08-28,AMZN,0,256.26,ACCUMULATE,248.69,261.38,229.756,69.19,RED,4,5,1,INSIDE,0,0,0,1,50,fails,0,G1 size;G3 leader,F:3/3,29,owner-request,28,YELLOW,23
2026-08-28,ANET,0,201.09,ACCUMULATE,197.15,207.21,143.099,94.75,RED,4,20,1,INSIDE,0,0,0,1,73,STARTER,1,,F:3/3,20,owner-request,20,NEUTRAL,12
2026-08-28,APH,0,161.38,ACCUMULATE,158.67,166.76,155.752,81.67,RED,4,14,1,INSIDE,0,0,0,1,72,STARTER,1,,F:3/3,,shadow-screen,,NEUTRAL,
2026-08-28,APP,0,312.63,CAUTION,306.68,322.32,312.934,7.28,WHITE,0,7,0,INSIDE,0,0,0,1,18,fails,0,G2 trend;G3 leader;G4 basis,F:2/2,,owner-request,,NEUTRAL,
2026-08-28,ARM,0,255.21,ACCUMULATE,246.27,258.83,210.673,54.47,RED,3,1,1,BREAKOUT,0,0,0,1,82,CONVICTION,1,,F:3/3,13,owner-request,13,RED,7
2026-08-28,ASML,0,1735.01,ACCUMULATE,1659.2,1743.85,1761.26,63.24,RED,3,54,1,INSIDE,0,0,0,0,73,fails,0,G4 basis,F:1/1,9,owner-request,34,YELLOW,25
2026-08-28,ASTS,0,61.44,CAUTION,59.56,62.59,69.5636,16.78,WHITE,0,7,0,BREAKDOWN,0,0,0,1,17,fails,0,G2 trend;G3 leader;G4 basis,F:0/2,,owner-request,,YELLOW,
2026-08-28,AVGO,0,371.54,PULLBACK,361.03,379.45,379.737,43.23,AMBER,2,2,1,BREAKOUT,0,0,0,1,25,fails,0,G1 size;G2 trend;G3 leader;G4 basis,F:3/3,,owner-request,,YELLOW,
2026-08-28,AXON,0,611.2,ACCUMULATE,595.91,626.31,393.819,85.52,RED,4,4,1,,0,0,0,1,52,fails,0,G3 leader,F:3/3,34,owner-request,33,NEUTRAL,34
2026-08-28,AXP,0,334.16,HOLD,307.38,323.06,341.473,47.89,RED,3,5,1,INSIDE,0,0,0,0,42,fails,0,G3 leader;G4 basis,F:2/3,,shadow-screen,,YELLOW,
2026-08-28,AXTI,0,66.92,HOLD,63.16,66.39,64.4517,49.77,RED,3,4,1,BREAKDOWN,0,0,0,0,67,STARTER,1,,F:0/3,,owner-request,,YELLOW,
2026-08-28,AZO,0,2932.33,CAUTION,2710.1,2848.37,3077.93,0.43,WHITE,0,28,0,BREAKDOWN,0,0,0,0,17,fails,0,G2 trend;G3 leader;G4 basis,F:2/3,,shadow-screen,,YELLOW,
2026-08-28,BA,0,209.89,CAUTION,195.94,205.94,216.677,19.29,WHITE,0,2,0,INSIDE,0,0,0,0,22,fails,0,G2 trend;G3 leader;G4 basis,F:2/3,,shadow-screen,,YELLOW,
2026-08-28,BAC,0,61.17,HOLD,57.84,60.79,62.042,76.56,RED,4,13,1,BREAKDOWN,0,0,0,0,43,fails,0,G3 leader;G4 basis,F:2/3,,shadow-screen,,YELLOW,
2026-08-28,BB,0,8.65,HOLD,6.08,6.39,8.9098,48.36,RED,3,19,1,BREAKOUT,0,0,0,0,80,fails,0,G4 basis,F:2/3,,owner-request,,NEUTRAL,
2026-08-28,BE,0,217.83,ACCUMULATE,208.45,219.09,212.704,52.45,RED,3,1,1,INSIDE,0,0,0,1,73,STARTER,1,,F:0/1,,shadow-screen,,RED,
2026-08-28,BKNG,0,202.56,HOLD,189.59,199.27,168.127,76.83,RED,4,4,1,BREAKDOWN,0,0,0,0,47,fails,0,G3 leader,F:2/3,,shadow-screen,,YELLOW,
2026-08-28,BSX,0,46.67,BOTTOMING,43.71,45.94,44.6055,28.86,WHITE,0,39,0,BREAKOUT,0,0,0,0,32,fails,0,G2 trend;G3 leader,F:3/3,,shadow-screen,,YELLOW,
2026-08-28,C,0,132.68,ACCUMULATE,130.21,136.85,132.864,63.47,RED,3,24,1,BREAKDOWN,0,0,0,1,62,fails,0,G4 basis,F:2/3,,shadow-screen,,YELLOW,
2026-08-28,CAT,0,817,ACCUMULATE,802.25,843.18,887.084,38.18,RED,3,62,1,INSIDE,0,0,0,1,63,fails,0,G4 basis,F:2/3,,shadow-screen,,YELLOW,
2026-08-28,CAVA,0,66.95,CAUTION,66.52,69.92,63.1027,33.07,WHITE,1,6,0,INSIDE,0,0,0,1,35,fails,0,G2 trend;G3 leader,F:3/3,,owner-request,,NEUTRAL,
2026-08-28,CBRS,0,186.67,CAUTION,180.62,189.83,223.77,17.18,WHITE,0,16,0,INSIDE,0,0,0,0,23,fails,0,G2 trend;G3 leader;G4 basis;G5 data,F:—,,shadow-screen,,YELLOW,
2026-08-28,CDE,0,22.21,HOLD,20.8,21.86,16.2809,94.67,RED,3,1,1,BREAKOUT,0,0,0,0,72,STARTER,1,,F:2/3,,owner-request,,RED,
2026-08-28,CEG,0,282.41,CAUTION,265.21,278.75,270.626,60.6,WHITE,0,31,0,INSIDE,0,0,0,0,32,fails,0,G2 trend;G3 leader,F:2/3,,shadow-screen,,RED,
2026-08-28,CIEN,0,399.85,PULLBACK,333.61,350.63,440.28,43.67,AMBER,2,2,1,INSIDE,0,0,0,0,52,fails,0,G2 trend;G4 basis,F:3/3,,shadow-screen,,RED,
2026-08-28,CIFR,0,16.77,CAUTION,16.54,17.38,16.8729,33.11,WHITE,1,1,0,INSIDE,1,1,0,1,42,fails,0,G2 trend;G4 basis,F:2/3,,owner-request,,RED,
2026-08-28,COHR,0,295.39,PULLBACK,280.85,295.18,324.506,44.61,AMBER,2,2,1,BREAKOUT,0,0,1,0,53,fails,0,G2 trend;G4 basis,F:2/3,,shadow-screen,,YELLOW,
2026-08-28,COIN,0,190.72,BOTTOMING,181.05,190.28,150.316,63.47,WHITE,1,39,0,BREAKOUT,0,0,0,0,33,fails,0,G2 trend;G3 leader,F:1/2,,owner-request,,RED,
2026-08-28,COST,0,934.66,CAUTION,863.26,907.3,955.627,22.97,WHITE,0,8,0,BREAKDOWN,0,0,0,0,13,fails,0,G2 trend;G3 leader;G4 basis,F:2/3,,owner-request,,YELLOW,
2026-08-28,CRCL,0,94.24,PULLBACK,86.54,90.95,63.3924,63.81,AMBER,2,1,1,INSIDE,0,0,0,0,47,fails,0,G2 trend;G3 leader,F:2/2,,shadow-screen,,RED,
2026-08-28,CRDO,0,240.24,ACCUMULATE,237.25,249.36,242.094,74.01,RED,3,19,1,BREAKOUT,0,0,0,1,82,fails,0,G4 basis,F:3/3,11,owner-request,11,NEUTRAL,4
2026-08-28,CRM,0,252.05,HOLD,237.76,249.89,185.994,94.45,RED,3,1,1,BREAKOUT,0,0,0,0,58,fails,0,G3 leader,F:2/3,,owner-request,,RED,
2026-08-28,CRWD,0,227.96,HOLD,184.96,194.4,102.894,99.93,RED,4,16,1,BREAKOUT,0,1,0,0,78,CONVICTION,1,,F:1/2,,owner-request,,NEUTRAL,
2026-08-28,CRWV,0,86.8,CAUTION,81.1,85.24,89.1533,32.21,WHITE,1,2,0,INSIDE,0,0,0,0,23,fails,0,G2 trend;G3 leader;G4 basis,F:2/2,,owner-request,,YELLOW,
2026-08-28,CSCO,0,112.15,ACCUMULATE,110.15,115.77,112.398,49.96,RED,3,70,1,INSIDE,0,0,0,1,63,fails,0,G4 basis,F:2/3,,shadow-screen,,YELLOW,
2026-08-28,CSPX,1,833.41,ACCUMULATE,817.47,859.17,805.023,91.88,RED,4,21,1,INSIDE,0,0,0,1,65,fails,0,G3 leader,F:—,27,holding,26,NEUTRAL,33
2026-08-28,CVX,0,199.77,ACCUMULATE,192.07,201.87,189.924,85.64,RED,4,7,1,BREAKDOWN,0,0,0,0,48,fails,0,G3 leader,F:1/3,,shadow-screen,,YELLOW,
2026-08-28,D05,0,76.15,ACCUMULATE,74.52,78.32,57.6073,95.8,RED,4,71,1,,0,0,0,1,75,CONVICTION,1,,F:—,18,owner-request,18,NEUTRAL,17
2026-08-28,DDOG,1,242.93,HOLD,227.34,238.94,125.934,70.38,RED,3,17,1,BREAKOUT,0,1,0,0,72,STARTER,1,,F:2/2,,holding,,NEUTRAL,
2026-08-28,DELL,0,472.26,HOLD,431.03,453.03,119.097,96.61,RED,4,26,1,INSIDE,0,0,0,0,78,CONVICTION,1,,F:2/2,,owner-request,,NEUTRAL,
2026-08-28,DRAM,1,56.83,CAUTION,55.14,57.96,54.43,52.85,AMBER,2,6,0,INSIDE,1,0,1,1,48,fails,0,G2 trend;G5 data,F:—,,holding,,RED,
2026-08-28,DUOL,0,142.86,CAUTION,128.52,135.08,98.8507,75.61,WHITE,1,55,0,INSIDE,0,0,0,0,35,fails,0,G2 trend;G3 leader,F:2/2,,owner-request,,RED,
2026-08-28,ETHA,0,18.87,BOTTOMING,18.46,19.41,14.3238,77.65,WHITE,1,39,1,BREAKOUT,0,0,0,1,57,fails,0,G2 trend;G3 leader,F:1/2,,owner-request,,RED,
2026-08-28,ETN,0,416.04,ACCUMULATE,397.31,417.58,405.419,78.69,RED,4,25,1,INSIDE,0,0,0,0,62,fails,0,G3 leader,F:3/3,,shadow-screen,,YELLOW,
2026-08-28,FCX,0,78.42,HOLD,68.45,71.94,61.991,97,RED,4,6,1,BREAKOUT,0,0,0,0,72,STARTER,1,,F:2/3,,shadow-screen,,RED,
2026-08-28,GE,0,342.73,HOLD,313.6,329.6,284.854,61.82,RED,3,14,1,BREAKDOWN,0,0,0,0,52,fails,0,G3 leader,F:3/3,,shadow-screen,,YELLOW,
2026-08-28,GEV,0,953.83,ACCUMULATE,938.09,985.95,1065.33,45.41,RED,3,73,1,BREAKDOWN,0,0,0,1,58,fails,0,G4 basis,F:2/3,,shadow-screen,,YELLOW,
2026-08-28,GLW,0,152.8,PULLBACK,148.57,156.15,157.764,38.4,AMBER,2,2,1,INSIDE,0,0,0,1,48,fails,0,G2 trend;G4 basis,F:1/1,,shadow-screen,,NEUTRAL,
2026-08-28,GOOG,1,337.71,HOLD,313.8,329.81,341.604,44.32,RED,3,5,1,INSIDE,0,0,0,0,40,fails,0,G1 size;G4 basis,F:2/2,,holding,,YELLOW,
2026-08-28,GOOGL,0,340.65,HOLD,311.45,327.34,344.911,47.71,RED,3,5,1,INSIDE,0,0,0,0,40,fails,0,G1 size;G4 basis,F:2/2,,owner-request,,YELLOW,
2026-08-28,GRAB,0,3.59,CAUTION,3.55,3.73,3.6237,31.24,WHITE,0,34,0,INSIDE,1,0,1,1,25,fails,0,G2 trend;G3 leader;G4 basis,F:2/2,,owner-request,,RED,
2026-08-28,GS,0,1040.87,ACCUMULATE,1020,1072.05,1040.82,73.56,RED,3,22,1,INSIDE,0,0,0,1,68,STARTER,1,,F:2/2,,shadow-screen,,RED,
2026-08-28,HD,0,328.61,CAUTION,314.2,330.23,336.64,25.98,WHITE,0,26,0,BREAKDOWN,0,0,0,0,17,fails,0,G2 trend;G3 leader;G4 basis,F:2/3,,shadow-screen,,YELLOW,
2026-08-28,HIMS,0,31.66,HOLD,28.77,30.24,29.3603,65.59,RED,4,2,1,BREAKDOWN,0,0,0,0,55,fails,0,G3 leader,F:2/2,,owner-request,,RED,
2026-08-28,HON,0,220.39,CAUTION,211.76,222.56,224.045,20.3,WHITE,0,1,0,INSIDE,0,0,0,1,22,fails,0,G2 trend;G3 leader;G4 basis,F:2/3,,shadow-screen,,YELLOW,
2026-08-28,HOOD,0,109.76,HOLD,103.35,108.62,76.046,80.78,RED,3,4,1,BREAKOUT,0,0,0,0,58,fails,0,G3 leader,F:2/2,,owner-request,,RED,
2026-08-28,IBIT,0,45.29,BOTTOMING,43.74,45.98,36.3375,76.43,WHITE,1,41,1,BREAKOUT,0,0,0,1,48,fails,0,G2 trend;G3 leader,F:1/2,,owner-request,,RED,
2026-08-28,IBM,0,238.79,BOTTOMING,230.61,242.37,235.313,48.67,WHITE,0,7,0,BREAKOUT,0,0,0,1,32,fails,0,G2 trend;G3 leader,F:2/3,,shadow-screen,,RED,
2026-08-28,ICE,0,161.24,BOTTOMING,158.82,166.93,155.347,82.55,WHITE,1,29,1,BREAKOUT,0,0,0,1,47,fails,0,G2 trend;G3 leader,F:2/3,,owner-request,,RED,
2026-08-28,IGV,0,110.32,HOLD,100.28,105.4,92.8767,98.6,RED,4,4,1,BREAKOUT,0,0,0,0,62,fails,0,G3 leader,F:—,,owner-request,,RED,
2026-08-28,INTC,0,92.09,ACCUMULATE,89.1,93.65,97.1535,45.97,RED,3,54,1,BREAKOUT,0,0,0,1,70,fails,0,G1 size;G4 basis,F:1/3,3,owner-request,5,YELLOW,6
2026-08-28,INTU,0,348,CAUTION,305.04,320.6,311.263,58,WHITE,0,47,0,BREAKDOWN,0,0,1,0,22,fails,0,G2 trend;G3 leader,F:3/3,,shadow-screen,,YELLOW,
2026-08-28,IONQ,0,42.46,BOTTOMING,41.3,43.4,42.14,38.77,WHITE,0,7,0,BREAKOUT,0,0,0,1,32,fails,0,G2 trend;G3 leader,F:1/3,,shadow-screen,,NEUTRAL,
2026-08-28,IOT,0,41.87,HOLD,38.61,40.58,37.1655,97.22,RED,4,5,1,BREAKOUT,0,0,0,0,65,fails,0,G3 leader,F:2/2,,owner-request,,NEUTRAL,
2026-08-28,IREN,0,40.53,CAUTION,40.33,42.39,41.1573,31.78,WHITE,0,7,0,BREAKDOWN,0,0,0,1,28,fails,0,G2 trend;G4 basis,F:2/2,,owner-request,,NEUTRAL,
2026-08-28,ISRG,0,367.07,CAUTION,345.57,363.2,403.484,16.85,WHITE,0,30,0,BREAKDOWN,0,0,0,0,17,fails,0,G2 trend;G3 leader;G4 basis,F:3/3,,shadow-screen,,YELLOW,
2026-08-28,IWM,0,299.81,ACCUMULATE,292.63,307.56,298.603,94.33,RED,3,22,1,BREAKDOWN,0,0,0,1,45,fails,0,G1 size;G3 leader,F:—,23,owner-request,22,NEUTRAL,32
2026-08-28,JNJ,0,265.77,HOLD,252.64,265.53,229.509,90.62,RED,4,59,1,,0,0,0,0,58,fails,1,,F:2/3,,shadow-screen,,NEUTRAL,
2026-08-28,JPM,0,354.22,ACCUMULATE,340.76,358.14,310.141,86.9,RED,4,13,1,BREAKDOWN,0,0,0,1,53,fails,0,G3 leader,F:2/3,26,owner-request,25,YELLOW,28
2026-08-28,KLAC,0,183.77,PULLBACK,177.86,186.93,181.489,43.28,AMBER,2,2,1,INSIDE,0,0,0,1,48,fails,0,G2 trend,F:2/3,,owner-request,,YELLOW,
2026-08-28,KO,0,89.06,ACCUMULATE,85.46,89.82,81.4021,92.01,RED,4,34,1,BREAKOUT,0,0,0,1,67,fails,0,G3 leader,F:—,,shadow-screen,,NEUTRAL,
2026-08-28,LIN,0,485.35,PULLBACK,470.73,494.75,480.339,37.69,AMBER,2,5,1,,0,0,0,1,32,fails,0,G2 trend;G3 leader,F:2/3,,shadow-screen,,NEUTRAL,
2026-08-28,LITE,0,956.14,HOLD,853.81,897.37,871.238,92.29,RED,3,65,1,BREAKOUT,0,0,0,0,69,STARTER,1,,F:2/3,,owner-request,,RED,
2026-08-28,LLY,0,1176.1,ACCUMULATE,1157.32,1216.36,1180.94,75.52,RED,4,16,1,BREAKDOWN,0,0,0,1,54,fails,0,G4 basis,F:3/3,17,owner-request,17,YELLOW,30
2026-08-28,LMND,0,53.93,CAUTION,52.15,54.81,53.2151,31.75,WHITE,0,5,0,INSIDE,0,0,0,1,30,fails,0,G2 trend;G3 leader,F:2/3,,owner-request,,RED,
2026-08-28,LRCX,0,318.58,ACCUMULATE,307.95,323.66,314.235,68.4,RED,3,65,1,BREAKOUT,0,0,0,1,88,CONVICTION,1,,F:3/3,6,owner-request,7,RED,18
2026-08-28,MA,0,591.73,HOLD,556.57,584.96,494.824,96.21,RED,4,5,1,BREAKOUT,0,0,0,0,53,fails,0,G3 leader,F:3/3,,owner-request,,RED,
2026-08-28,MCD,0,260.06,CAUTION,,,268.859,0.19,WHITE,0,22,0,BREAKDOWN,0,0,0,0,17,fails,0,G2 trend;G3 leader;G4 basis,F:2/3,,shadow-screen,,YELLOW,
2026-08-28,MCHP,0,75.49,CAUTION,73.02,76.74,74.5063,31.54,AMBER,2,3,0,INSIDE,0,0,0,1,27,fails,0,G2 trend;G3 leader,F:2/3,,shadow-screen,,YELLOW,
2026-08-28,MDB,0,440.58,ACCUMULATE,420.33,441.77,322.776,96.77,RED,4,5,1,BREAKOUT,0,0,0,1,72,STARTER,1,,F:3/3,10,owner-request,10,NEUTRAL,19
2026-08-28,META,0,571.1,BOTTOMING,557.67,586.12,604.457,20.53,WHITE,0,42,0,BREAKOUT,0,0,0,1,15,fails,0,G1 size;G2 trend;G3 leader;G4 basis,F:2/2,,owner-request,,RED,
2026-08-28,MPWR,0,1311.08,PULLBACK,1293.4,1359.39,1319.8,39.79,AMBER,2,2,1,INSIDE,0,0,0,1,42,fails,0,G2 trend;G4 basis,F:3/3,,shadow-screen,,YELLOW,
2026-08-28,MRK,0,149.54,HOLD,131.65,138.37,120.716,91.79,RED,4,43,1,,0,0,0,0,68,STARTER,1,,F:2/3,,shadow-screen,,RED,
2026-08-28,MRVL,0,241.45,ACCUMULATE,237.43,249.54,89.2744,62.55,RED,3,27,1,BREAKOUT,1,0,1,1,80,fails,0,G1 size,F:3/3,4,owner-request,1,RED,1
2026-08-28,MS,0,214.86,ACCUMULATE,210.98,221.75,215.288,71.51,RED,3,22,1,INSIDE,0,0,0,1,67,fails,0,G4 basis,F:2/3,,shadow-screen,,NEUTRAL,
2026-08-28,MSFT,0,505.06,ACCUMULATE,487.08,511.93,394.416,95.24,RED,4,4,1,BREAKOUT,0,0,0,1,55,fails,0,G1 size;G3 leader,F:3/3,31,owner-request,30,NEUTRAL,22
2026-08-28,MSTR,0,137.4,CAUTION,123.31,129.6,94.9249,66.27,WHITE,1,47,0,BREAKDOWN,0,0,0,0,23,fails,0,G2 trend;G3 leader,F:0/2,,shadow-screen,,RED,
2026-08-28,MU,1,935.39,ACCUMULATE,919.51,966.42,938.275,68.23,RED,3,64,1,INSIDE,0,0,0,1,70,fails,0,G1 size;G4 basis,F:3/3,2,holding,4,NEUTRAL,3
2026-08-28,NAK,0,1.75,CAUTION,1.62,1.7,1.9759,41.57,WHITE,0,8,1,INSIDE,0,0,0,0,50,fails,0,G2 trend;G4 basis,F:1/1,,owner-request,,RED,
2026-08-28,NBIS,1,218.48,ACCUMULATE,213.35,224.23,217.701,67.1,RED,3,30,1,INSIDE,0,0,0,1,80,fails,0,G1 size,F:2/2,5,holding,6,YELLOW,5
2026-08-28,NEE,0,83.47,CAUTION,78.87,82.89,86.065,13.41,WHITE,1,3,0,BREAKDOWN,0,0,0,0,17,fails,0,G2 trend;G3 leader;G4 basis,F:2/3,,shadow-screen,,YELLOW,
2026-08-28,NET,0,308.23,ACCUMULATE,295.48,310.55,198.309,93.9,RED,4,20,1,BREAKOUT,0,0,0,1,82,CONVICTION,1,,F:2/2,19,owner-request,19,NEUTRAL,10
2026-08-28,NFLX,0,79.84,CAUTION,76.1,79.98,73.72,44.53,WHITE,0,41,0,BREAKDOWN,0,0,0,1,18,fails,0,G2 trend;G3 leader,F:2/3,,owner-request,,RED,
2026-08-28,NKE,0,38.44,CAUTION,,,41.106,0,WHITE,0,47,0,BREAKDOWN,0,1,0,0,17,fails,0,G2 trend;G3 leader;G4 basis,F:2/3,,shadow-screen,,YELLOW,
2026-08-28,NOK,0,10.59,ACCUMULATE,10.17,10.69,10.3764,48.71,RED,3,1,1,INSIDE,0,0,0,1,77,CONVICTION,1,,F:1/1,8,owner-request,9,RED,15
2026-08-28,NOW,0,138.43,HOLD,124.42,130.77,102.561,93.16,RED,3,1,1,BREAKOUT,0,0,0,0,58,fails,0,G3 leader,F:2/3,,owner-request,,RED,
2026-08-28,NTDOY,0,13.72,BOTTOMING,13.49,14.18,11.0218,72.55,WHITE,1,38,0,BREAKOUT,0,0,0,1,30,fails,0,G2 trend;G3 leader,F:—,,owner-request,,NEUTRAL,
2026-08-28,NVDA,1,227.98,HOLD,216.14,227.17,211.146,97.65,RED,4,9,1,BREAKOUT,0,0,0,0,55,fails,0,G1 size;G3 leader,F:3/3,,holding,,NEUTRAL,
2026-08-28,NVO,0,46.26,CAUTION,45.96,48.3,46.894,49.54,WHITE,0,5,0,BREAKDOWN,0,0,0,1,22,fails,0,G2 trend;G3 leader;G4 basis,F:—,,owner-request,,NEUTRAL,
2026-08-28,NXPI,0,225.86,CAUTION,220.26,231.5,233.417,23.96,WHITE,0,2,0,INSIDE,0,0,0,1,22,fails,0,G2 trend;G3 leader;G4 basis,F:1/2,,shadow-screen,,NEUTRAL,
2026-08-28,ON,0,74.8,CAUTION,70.72,74.32,81.6815,31.54,AMBER,2,5,0,INSIDE,0,0,0,0,32,fails,0,G2 trend;G4 basis,F:2/3,,shadow-screen,,NEUTRAL,
2026-08-28,ONDS,0,8.75,CAUTION,8.68,9.12,8.8575,45.15,WHITE,0,8,1,INSIDE,1,0,1,1,47,fails,0,G2 trend;G4 basis,F:1/3,,owner-request,,NEUTRAL,
2026-08-28,ONON,0,28.95,CAUTION,28.43,29.88,31.0357,1.19,WHITE,0,26,0,INSIDE,1,1,0,1,25,fails,0,G2 trend;G3 leader;G4 basis,F:1/1,,owner-request,,YELLOW,
2026-08-28,ORCL,0,151.94,BOTTOMING,146.83,154.32,145.075,48.45,WHITE,0,10,0,BREAKOUT,0,0,0,1,24,fails,0,G2 trend;G3 leader,F:3/3,,owner-request,,RED,
2026-08-28,OSCR,0,30.05,HOLD,28.38,29.82,13.468,84.3,RED,4,17,1,,0,1,0,0,75,CONVICTION,1,,F:2/2,,owner-request,,YELLOW,
2026-08-28,OUST,0,36.54,ACCUMULATE,35.56,37.37,45.2036,45.2,RED,3,18,1,INSIDE,0,0,0,1,60,fails,0,G3 leader;G4 basis,F:1/3,28,owner-request,27,YELLOW,9
2026-08-28,P,0,99.24,ACCUMULATE,95.68,100.56,74.1427,82.91,RED,4,6,1,,0,0,0,1,70,STARTER,1,,F:3/3,15,owner-request,15,YELLOW,14
2026-08-28,PANW,0,382.85,HOLD,346.06,363.72,167.327,97.83,RED,4,16,1,,0,0,0,0,68,STARTER,1,,F:2/3,,owner-request,,NEUTRAL,
2026-08-28,PEP,0,139.72,CAUTION,136.08,143.02,142.322,25.3,WHITE,0,14,0,INSIDE,0,0,0,1,22,fails,0,G2 trend;G3 leader;G4 basis,F:2/3,,shadow-screen,,NEUTRAL,
2026-08-28,PFE,0,28.02,HOLD,24.67,25.92,25.169,95.17,RED,4,2,1,BREAKOUT,0,0,0,0,47,fails,0,G3 leader,F:2/3,,shadow-screen,,RED,
2026-08-28,PG,0,143.14,CAUTION,140.91,148.09,143.781,11.88,WHITE,0,6,0,INSIDE,0,0,0,1,22,fails,0,G2 trend;G3 leader;G4 basis,F:2/3,,shadow-screen,,NEUTRAL,
2026-08-28,PL,0,21.16,CAUTION,19.84,20.85,22.7495,19.71,WHITE,0,5,0,INSIDE,0,0,0,0,45,fails,0,G2 trend;G4 basis,F:2/2,,owner-request,,YELLOW,
2026-08-28,PLTR,1,185.93,HOLD,171.26,180,134.44,97.24,RED,4,2,1,BREAKOUT,0,0,0,0,50,fails,0,G1 size;G3 leader,F:2/2,,holding,,RED,
2026-08-28,QCOM,0,164.78,CAUTION,160.91,169.12,164.19,37.25,WHITE,1,5,0,INSIDE,0,0,0,1,23,fails,0,G2 trend;G3 leader,F:3/3,,owner-request,,RED,
2026-08-28,QQQ,0,721.11,ACCUMULATE,703.4,739.28,717.751,83.11,RED,3,21,1,BREAKDOWN,0,0,0,1,45,fails,0,G1 size;G3 leader,F:—,25,owner-request,24,NEUTRAL,27
2026-08-28,QQQM,1,296.92,ACCUMULATE,289.58,304.35,295.486,80.79,RED,3,21,1,BREAKDOWN,0,0,0,1,57,fails,0,G3 leader,F:—,24,holding,23,NEUTRAL,26
2026-08-28,RBLX,0,38.15,CAUTION,36.49,38.35,37.2302,16.03,WHITE,0,38,0,INSIDE,0,0,0,1,27,fails,0,G2 trend;G3 leader,F:2/2,,owner-request,,NEUTRAL,
2026-08-28,RBRK,0,107.02,HOLD,96.98,101.93,71.1089,99.91,RED,4,13,1,BREAKOUT,0,0,0,0,75,fails,0,G3 leader,F:2/2,,owner-request,,NEUTRAL,
2026-08-28,RDDT,0,153.95,CAUTION,143.91,151.25,169.36,32.72,WHITE,0,5,0,INSIDE,0,0,0,0,27,fails,0,G2 trend;G3 leader;G4 basis,F:2/2,,owner-request,,NEUTRAL,
2026-08-28,RKLB,0,67.53,CAUTION,66.65,70.05,68.0144,22.61,WHITE,0,3,0,INSIDE,0,0,0,1,22,fails,0,G2 trend;G3 leader;G4 basis,F:1/3,,owner-request,,YELLOW,
2026-08-28,RTX,0,212.08,ACCUMULATE,207.47,218.06,176.086,81.71,RED,4,11,1,INSIDE,0,0,0,1,62,fails,0,G3 leader,F:2/3,,shadow-screen,,YELLOW,
2026-08-28,SATL,0,5.31,ACCUMULATE,5.29,5.56,5.7825,42.86,RED,3,2,1,BREAKDOWN,0,0,0,1,60,fails,0,G4 basis,F:1/2,21,owner-request,21,YELLOW,11
2026-08-28,SCHW,0,108.05,ACCUMULATE,105.71,111.1,92.2225,90.78,RED,4,8,1,BREAKDOWN,0,0,0,1,57,fails,0,G3 leader,F:3/3,,shadow-screen,,YELLOW,
2026-08-28,SE,0,118.32,HOLD,112.41,118.15,89.3319,72.9,RED,3,3,1,BREAKOUT,0,0,0,0,57,fails,0,G3 leader,F:2/2,,owner-request,,YELLOW,
2026-08-28,SHOP,0,154.33,HOLD,145.53,152.95,119.427,92.71,RED,4,3,1,BREAKOUT,0,0,0,0,58,fails,0,G3 leader,F:2/2,,owner-request,,NEUTRAL,
2026-08-28,SMCI,0,38.46,HOLD,36.03,37.87,30.7939,80.59,RED,4,2,1,BREAKOUT,0,0,1,0,43,fails,0,G3 leader,F:3/3,,shadow-screen,,RED,
2026-08-28,SMH,0,573,ACCUMULATE,555.09,583.41,566.418,65.01,RED,3,64,1,INSIDE,0,0,0,1,74,STARTER,1,,F:—,12,owner-request,12,NEUTRAL,16
2026-08-28,SNDK,0,1484.95,ACCUMULATE,1461.81,1536.39,638.592,65.95,RED,3,63,1,BREAKOUT,0,0,0,1,75,fails,0,G1 size,F:3/3,1,owner-request,3,NEUTRAL,2
2026-08-28,SNOW,0,329.11,ACCUMULATE,320.27,336.61,237.448,95.56,RED,4,12,1,INSIDE,0,0,0,1,77,CONVICTION,1,,F:3/3,16,owner-request,16,NEUTRAL,8
2026-08-28,SOFI,0,19.18,BOTTOMING,18,18.92,18.3663,80.48,WHITE,1,28,1,BREAKOUT,0,0,0,0,47,fails,0,G2 trend;G3 leader,F:3/3,,owner-request,,RED,
2026-08-28,SPCX,1,140.87,CAUTION,136.77,143.75,136.543,53.31,WHITE,0,8,0,,0,0,0,0,15,fails,0,G1 size;G2 trend;G3 leader;G5 data,F:—,,holding,,RED,
2026-08-28,STX,0,847.2,HOLD,794.94,835.5,866.044,62.19,RED,3,67,1,,0,0,1,0,64,fails,0,G4 basis,F:3/3,,shadow-screen,,YELLOW,
2026-08-28,T,0,25.43,PULLBACK,24.32,25.56,23.3142,73.74,AMBER,2,2,1,BREAKDOWN,0,0,0,1,37,fails,0,G2 trend;G3 leader,F:2/3,,shadow-screen,,RED,
2026-08-28,TE,0,4.96,BOTTOMING,4.88,5.13,5.9194,21.47,WHITE,0,5,0,BREAKOUT,0,0,0,1,50,fails,0,G2 trend;G4 basis,F:2/3,,owner-request,,RED,
2026-08-28,TEAM,0,185.62,HOLD,161.28,169.51,86.2643,98.12,RED,4,3,1,BREAKOUT,0,0,0,0,62,fails,0,G3 leader,F:2/2,,owner-request,,RED,
2026-08-28,TER,0,372.06,ACCUMULATE,359.21,377.54,366.545,63.12,RED,3,55,1,INSIDE,0,0,0,1,82,CONVICTION,1,,F:2/3,,shadow-screen,,YELLOW,
2026-08-28,TMC,0,5.09,CAUTION,4.94,5.19,4.5407,49.86,WHITE,1,28,1,BREAKDOWN,0,0,0,1,35,fails,0,G2 trend;G3 leader,F:1/2,,owner-request,,RED,
2026-08-28,TMDX,0,91.75,CAUTION,91.13,95.78,74.8559,63.07,WHITE,1,23,0,INSIDE,0,0,0,1,35,fails,0,G2 trend;G3 leader,F:3/3,,owner-request,,RED,
2026-08-28,TMO,0,630.7,ACCUMULATE,613.21,644.49,472.719,98.35,RED,4,6,1,BREAKOUT,0,0,0,1,62,fails,0,G3 leader,F:2/3,,shadow-screen,,RED,
2026-08-28,TMUS,0,177.75,CAUTION,137.35,144.36,182.438,11.85,WHITE,0,50,0,BREAKDOWN,0,0,0,0,17,fails,0,G2 trend;G3 leader;G4 basis,F:2/3,,shadow-screen,,NEUTRAL,
2026-08-28,TOST,0,35.17,ACCUMULATE,34.18,35.92,28.1072,81.88,RED,4,4,1,INSIDE,0,0,0,1,65,fails,0,G3 leader,F:2/2,33,owner-request,32,YELLOW,21
2026-08-28,TSLA,1,354.81,BOTTOMING,334.84,351.93,397.921,28.17,WHITE,0,10,0,BREAKOUT,0,0,0,0,15,fails,0,G1 size;G2 trend;G3 leader;G4 basis,F:1/3,,holding,,RED,
2026-08-28,TSM,1,427.3,ACCUMULATE,409.46,430.35,417.813,79.55,RED,3,65,1,INSIDE,0,0,0,1,69,STARTER,1,,F:3/3,14,holding,14,RED,31
2026-08-28,TXN,0,266.54,HOLD,215.34,226.32,279.718,37.22,RED,3,21,1,BREAKOUT,0,0,0,0,53,fails,0,G3 leader;G4 basis,F:3/3,,shadow-screen,,YELLOW,
2026-08-28,UBER,0,76.95,BOTTOMING,72.13,75.81,73.5988,69.96,WHITE,1,37,1,BREAKOUT,0,0,0,0,47,fails,0,G2 trend;G3 leader,F:3/3,,owner-request,,NEUTRAL,
2026-08-28,UNH,0,395.05,HOLD,360.93,379.34,401.305,65.11,RED,3,17,1,BREAKDOWN,0,0,0,0,48,fails,0,G3 leader;G4 basis,F:3/3,,shadow-screen,,NEUTRAL,
2026-08-28,V,0,379.66,ACCUMULATE,371.83,390.8,330.19,97.78,RED,4,9,1,BREAKOUT,0,0,0,1,63,fails,0,G3 leader,F:0/1,30,owner-request,29,RED,24
2026-08-28,VRT,0,269.28,PULLBACK,258.36,271.54,263.63,48.94,AMBER,2,2,1,BREAKDOWN,0,0,0,1,47,fails,0,G2 trend,F:3/3,,owner-request,,NEUTRAL,
2026-08-28,VZ,0,49.43,ACCUMULATE,48.49,50.97,47.3705,86.83,RED,4,4,1,INSIDE,0,0,0,1,57,fails,0,G3 leader,F:2/3,,shadow-screen,,RED,
2026-08-28,WDC,0,462,ACCUMULATE,456.91,480.22,466.236,52.98,RED,3,65,1,BREAKOUT,0,0,0,1,64,fails,0,G4 basis,F:3/3,,shadow-screen,,NEUTRAL,
2026-08-28,WFC,0,84.97,ACCUMULATE,82.79,87.01,87.0812,54.69,RED,3,8,1,BREAKDOWN,0,0,0,1,47,fails,0,G3 leader;G4 basis,F:2/3,,shadow-screen,,YELLOW,
2026-08-28,WMT,0,102.63,CAUTION,100.68,105.82,114.745,6.17,WHITE,0,8,0,BREAKDOWN,1,1,0,1,9,fails,0,G2 trend;G3 leader;G4 basis,F:2/3,,shadow-screen,,YELLOW,
2026-08-28,XOM,0,156.44,ACCUMULATE,154.23,162.1,153.263,76.24,RED,4,7,1,BREAKOUT,0,0,0,1,58,fails,1,,F:—,,shadow-screen,,YELLOW,
2026-08-28,ZETA,0,30.22,HOLD,28.38,29.83,18.4446,99.87,RED,4,14,1,BREAKOUT,0,0,0,0,80,CONVICTION,1,,F:2/2,,owner-request,,NEUTRAL,
2026-08-28,ZS,0,187.3,CAUTION,181.92,191.2,146.806,86.53,WHITE,1,38,1,,0,0,0,1,40,fails,0,G2 trend;G3 leader,F:3/3,,owner-request,,NEUTRAL,
2026-08-31,0700,0,451.8,CAUTION,437.19,459.5,446.113,31.22,WHITE,0,29,0,INSIDE,0,0,0,1,15,fails,0,G1 size;G2 trend;G3 leader,F:—,,owner-request,,NEUTRAL,
2026-08-31,1810,0,27.58,BOTTOMING,27.46,28.86,28.0161,37.03,WHITE,0,47,0,BREAKOUT,0,0,0,1,19,fails,0,G2 trend;G3 leader;G4 basis,F:—,,owner-request,,NEUTRAL,
2026-08-31,3690,0,78.65,CAUTION,76.32,80.22,77.8804,25.41,WHITE,0,72,0,,0,0,0,1,14,fails,0,G2 trend;G3 leader,F:—,,owner-request,,YELLOW,
2026-08-31,9992,1,156.1,CAUTION,151.17,158.89,154.259,29.66,WHITE,0,27,0,INSIDE,1,1,0,1,23,fails,0,G2 trend;G3 leader,F:—,,holding,,RED,
2026-08-31,AAL,0,13.64,CAUTION,13.48,14.16,15.1365,32.58,WHITE,1,2,0,BREAKDOWN,0,0,0,1,17,fails,0,G2 trend;G3 leader;G4 basis,F:2/3,,shadow-screen,,YELLOW,
2026-08-31,AAOI,0,106.23,PULLBACK,104.79,110.14,134.022,27.44,AMBER,2,1,1,INSIDE,0,0,0,1,53,fails,0,G2 trend;G4 basis,F:1/3,,owner-request,,YELLOW,
2026-08-31,AAPL,1,319.7,ACCUMULATE,304.38,319.91,310.592,88.34,RED,3,22,1,BREAKOUT,1,0,1,1,55,fails,0,G1 size;G3 leader,F:2/3,19,holding,3,RED,22
2026-08-31,ABBV,0,255.48,ACCUMULATE,249.56,262.29,249.255,85.65,RED,4,12,1,BREAKOUT,0,0,0,1,67,fails,0,G3 leader,F:2/3,,shadow-screen,,YELLOW,
2026-08-31,ABCL,0,11.35,HOLD,10.58,11.12,4.0517,92.6,RED,4,18,1,BREAKOUT,0,0,0,0,90,CONVICTION,1,,F:2/3,,owner-request,,NEUTRAL,
2026-08-31,ABT,0,112.47,ACCUMULATE,109.3,114.87,88.7909,81.42,RED,3,2,1,BREAKDOWN,0,0,0,1,52,fails,0,G3 leader,F:2/2,,shadow-screen,,YELLOW,
2026-08-31,ACN,0,189.61,CAUTION,173.21,182.05,126.877,71.87,WHITE,1,31,0,INSIDE,0,0,0,0,32,fails,0,G2 trend;G3 leader,F:1/2,,shadow-screen,,RED,
2026-08-31,ADBE,0,291.52,BOTTOMING,284.08,298.58,251.675,85.91,WHITE,1,90,1,BREAKOUT,0,0,0,1,47,fails,0,G2 trend;G3 leader,F:3/3,,owner-request,,RED,
2026-08-31,ADI,0,361.78,PULLBACK,343.86,361.41,376.915,32.79,AMBER,2,1,1,BREAKDOWN,0,0,0,0,37,fails,0,G2 trend;G4 basis,F:3/3,,shadow-screen,,YELLOW,
2026-08-31,AEHR,0,80.81,HOLD,74.72,78.53,97.4165,38.78,RED,3,61,1,BREAKDOWN,0,0,0,0,70,fails,0,G4 basis,F:1/3,,owner-request,,YELLOW,
2026-08-31,AFRM,0,77.76,ACCUMULATE,75,78.83,76.5321,75.87,RED,4,14,1,INSIDE,0,0,0,1,70,fails,0,G3 leader,F:2/2,33,owner-request,30,RED,11
2026-08-31,ALAB,0,289.47,ACCUMULATE,283.3,297.75,123.076,54.69,RED,3,19,1,INSIDE,0,0,0,1,77,CONVICTION,1,,F:3/3,14,owner-request,13,YELLOW,3
2026-08-31,AMAT,0,461.67,HOLD,432.78,454.86,541.891,43.93,RED,3,50,1,BREAKDOWN,0,0,0,0,59,fails,0,G4 basis,F:2/3,,owner-request,,YELLOW,
2026-08-31,AMD,1,465.58,HOLD,246.15,258.71,215.827,60.34,RED,3,24,1,BREAKDOWN,0,0,0,0,65,fails,0,G1 size,F:3/3,,holding,,YELLOW,
2026-08-31,AMZN,1,266.43,ACCUMULATE,257.09,270.21,229.756,84.62,RED,4,5,1,BREAKOUT,0,0,0,1,55,fails,0,G1 size;G3 leader,F:3/3,24,holding,22,NEUTRAL,20
2026-08-31,ANET,0,195.38,ACCUMULATE,189.25,198.9,143.099,91.93,RED,4,20,1,INSIDE,0,0,0,1,77,CONVICTION,1,,F:3/3,17,owner-request,16,NEUTRAL,12
2026-08-31,APH,0,157.74,ACCUMULATE,155.05,162.96,158.213,73.34,RED,4,14,1,INSIDE,0,0,0,1,67,fails,0,G4 basis,F:3/3,,shadow-screen,,YELLOW,
2026-08-31,APP,1,317.76,CAUTION,306.68,322.32,312.934,11.57,WHITE,0,7,0,INSIDE,0,0,0,1,23,fails,0,G2 trend;G3 leader,F:2/2,,holding,,RED,
2026-08-31,ARM,1,239.05,PULLBACK,223.05,234.43,210.673,46.19,AMBER,2,2,1,INSIDE,0,0,0,0,57,fails,0,G2 trend,F:3/3,,holding,,YELLOW,
2026-08-31,ASML,0,1696.16,ACCUMULATE,1619.1,1701.7,1761.26,57.04,RED,3,54,1,BREAKDOWN,0,0,0,0,63,fails,0,G4 basis,F:1/1,6,owner-request,33,YELLOW,27
2026-08-31,ASTS,0,58.05,CAUTION,56.32,59.2,69.5636,11.32,WHITE,0,7,0,BREAKDOWN,0,0,0,0,17,fails,0,G2 trend;G3 leader;G4 basis,F:0/2,,owner-request,,YELLOW,
2026-08-31,AVGO,0,368.79,PULLBACK,361.03,379.45,379.737,43.29,AMBER,2,2,1,BREAKOUT,0,0,0,1,25,fails,0,G1 size;G2 trend;G3 leader;G4 basis,F:3/3,,owner-request,,YELLOW,
2026-08-31,AXON,0,600.73,HOLD,569.66,598.72,608.067,78.1,RED,4,4,1,INSIDE,0,0,0,0,47,fails,0,G3 leader;G4 basis,F:3/3,,owner-request,,YELLOW,
2026-08-31,AXP,0,333.2,HOLD,307.38,323.06,341.473,47.69,RED,3,5,1,INSIDE,0,0,0,0,42,fails,0,G3 leader;G4 basis,F:2/3,,shadow-screen,,YELLOW,
2026-08-31,AXTI,0,58.63,PULLBACK,52.72,55.41,64.4517,33,AMBER,2,1,1,BREAKDOWN,0,0,0,0,52,fails,0,G2 trend;G4 basis,F:0/3,,owner-request,,YELLOW,
2026-08-31,AZO,0,2961.96,CAUTION,2710.1,2848.37,3077.93,6.83,WHITE,0,28,0,INSIDE,0,0,0,0,22,fails,0,G2 trend;G3 leader;G4 basis,F:2/3,,shadow-screen,,YELLOW,
2026-08-31,BA,0,209.82,CAUTION,195.94,205.94,216.677,19.75,WHITE,0,2,0,INSIDE,0,0,0,0,22,fails,0,G2 trend;G3 leader;G4 basis,F:2/3,,shadow-screen,,YELLOW,
2026-08-31,BAC,0,62.32,ACCUMULATE,60.8,63.9,62.042,87.01,RED,4,13,1,BREAKDOWN,0,0,0,1,58,fails,0,G3 leader,F:2/3,,shadow-screen,,YELLOW,
2026-08-31,BB,0,8.16,HOLD,6.08,6.39,8.9098,38.36,RED,3,19,1,BREAKOUT,0,0,0,0,75,fails,0,G4 basis,F:2/3,,owner-request,,YELLOW,
2026-08-31,BE,0,210.77,HOLD,163.65,172,215.561,46.68,RED,3,1,1,INSIDE,0,0,0,0,63,fails,0,G4 basis,F:0/1,,shadow-screen,,NEUTRAL,
2026-08-31,BKNG,0,205.63,HOLD,189.59,199.27,168.127,79.55,RED,4,4,1,BREAKDOWN,0,0,0,0,47,fails,0,G3 leader,F:2/3,,shadow-screen,,YELLOW,
2026-08-31,BSX,0,46.84,BOTTOMING,43.71,45.94,44.6055,29.1,WHITE,0,39,0,BREAKOUT,0,0,0,0,32,fails,0,G2 trend;G3 leader,F:3/3,,shadow-screen,,YELLOW,
2026-08-31,C,0,132.9,ACCUMULATE,130.21,136.85,132.864,68.96,RED,3,24,1,INSIDE,0,0,0,1,62,fails,0,G3 leader,F:2/3,,shadow-screen,,YELLOW,
2026-08-31,CAT,0,800.25,PULLBACK,750.06,788.33,887.084,33.49,AMBER,2,1,1,BREAKDOWN,0,0,0,0,38,fails,0,G2 trend;G4 basis,F:2/3,,shadow-screen,,YELLOW,
2026-08-31,CAVA,0,66.94,CAUTION,66.52,69.92,63.1027,33.02,WHITE,1,6,0,INSIDE,0,0,0,1,35,fails,0,G2 trend;G3 leader,F:3/3,,owner-request,,YELLOW,
2026-08-31,CBRS,0,179.08,CAUTION,176.93,185.96,223.77,8.32,WHITE,0,16,0,INSIDE,0,0,0,0,23,fails,0,G2 trend;G3 leader;G4 basis;G5 data,F:—,,shadow-screen,,YELLOW,
2026-08-31,CDE,0,21.13,ACCUMULATE,20.8,21.86,16.2809,86.12,RED,3,1,1,BREAKOUT,0,0,0,1,72,STARTER,1,,F:2/3,10,owner-request,9,RED,34
2026-08-31,CEG,0,276.75,CAUTION,265.21,278.75,270.626,50.16,WHITE,0,31,0,INSIDE,0,0,0,1,27,fails,0,G2 trend;G3 leader,F:2/3,,shadow-screen,,RED,
2026-08-31,CIEN,0,378.44,PULLBACK,333.61,350.63,440.28,36.13,AMBER,2,2,1,BREAKDOWN,0,0,0,0,47,fails,0,G2 trend;G4 basis,F:3/3,,shadow-screen,,YELLOW,
2026-08-31,CIFR,0,15.17,CAUTION,6.09,6.4,16.8729,17.34,WHITE,1,1,0,INSIDE,0,1,0,0,37,fails,0,G2 trend;G4 basis,F:2/3,,owner-request,,NEUTRAL,
2026-08-31,COHR,0,279.2,PULLBACK,260.58,273.87,286.582,36.22,AMBER,2,2,1,BREAKDOWN,0,0,1,0,43,fails,0,G2 trend;G4 basis,F:2/3,,shadow-screen,,YELLOW,
2026-08-31,COIN,0,178.64,BOTTOMING,167.55,176.1,150.316,51.25,WHITE,0,39,0,BREAKOUT,0,0,0,0,28,fails,0,G2 trend;G3 leader,F:1/2,,owner-request,,RED,
2026-08-31,COST,0,945.47,CAUTION,930.88,978.37,949.877,35.9,WHITE,0,8,0,BREAKDOWN,0,0,0,1,13,fails,0,G2 trend;G3 leader;G4 basis,F:2/3,,owner-request,,YELLOW,
2026-08-31,CRCL,0,87.14,CAUTION,86.54,90.95,63.3924,53.51,AMBER,2,1,0,BREAKDOWN,0,0,0,1,27,fails,0,G2 trend;G3 leader,F:2/2,,shadow-screen,,RED,
2026-08-31,CRDO,0,232.75,ACCUMULATE,229.87,241.59,234.557,67.38,RED,3,19,1,BREAKOUT,0,0,0,1,82,fails,0,G4 basis,F:3/3,7,owner-request,7,YELLOW,7
2026-08-31,CRM,0,256,ACCUMULATE,251.63,264.47,185.994,94.26,RED,3,1,1,BREAKOUT,0,0,0,1,59,fails,0,G3 leader,F:2/3,29,owner-request,26,RED,15
2026-08-31,CRWD,0,218.4,HOLD,184.96,194.4,102.894,95.74,RED,4,16,1,INSIDE,0,1,0,0,73,STARTER,1,,F:1/2,,owner-request,,NEUTRAL,
2026-08-31,CRWV,0,84.23,CAUTION,81.1,85.24,89.1533,27.67,WHITE,1,2,0,BREAKDOWN,0,0,0,0,18,fails,0,G2 trend;G3 leader;G4 basis,F:2/2,,owner-request,,YELLOW,
2026-08-31,CSCO,0,109.93,HOLD,89.92,94.5,112.398,42.08,RED,3,70,1,INSIDE,0,0,0,0,58,fails,0,G4 basis,F:2/3,,shadow-screen,,YELLOW,
2026-08-31,CSPX,1,832.38,ACCUMULATE,817.47,859.17,805.023,91.69,RED,4,21,1,BREAKDOWN,0,0,0,1,60,fails,0,G3 leader,F:—,23,holding,21,NEUTRAL,31
2026-08-31,CVX,0,201.86,ACCUMULATE,197.03,207.08,189.924,89.71,RED,4,7,1,INSIDE,0,0,0,1,53,fails,0,G3 leader,F:1/3,,shadow-screen,,NEUTRAL,
2026-08-31,CYPH,0,1.71,ACCUMULATE,1.74,1.83,0.7405,68.67,RED,4,1,1,BREAKOUT,0,0,0,1,80,CONVICTION,1,,F:1/3,4,owner-request,6,RED,1
2026-08-31,D05,0,76.86,ACCUMULATE,74.52,78.32,57.6073,98.18,RED,4,72,1,,0,0,0,1,75,CONVICTION,1,,F:—,16,owner-request,15,NEUTRAL,13
2026-08-31,DDOG,1,236.98,ACCUMULATE,227.34,238.94,125.934,65.25,RED,3,17,1,BREAKOUT,1,1,0,1,77,CONVICTION,1,,F:2/2,8,holding,2,NEUTRAL,6
2026-08-31,DELL,0,456.24,HOLD,431.03,453.03,119.097,91.57,RED,4,26,1,INSIDE,0,0,0,0,78,CONVICTION,1,,F:2/2,,owner-request,,NEUTRAL,
2026-08-31,DRAM,1,55.83,CAUTION,55.14,57.96,54.43,46.99,AMBER,2,6,0,INSIDE,1,0,1,1,48,fails,0,G2 trend;G5 data,F:—,,holding,,NEUTRAL,
2026-08-31,DUOL,0,146.98,CAUTION,128.52,135.08,98.8507,79.08,WHITE,1,55,0,INSIDE,0,0,0,0,40,fails,0,G2 trend;G3 leader,F:2/2,,owner-request,,RED,
2026-08-31,ETHA,0,18.37,BOTTOMING,16.99,17.86,14.3238,70.58,WHITE,1,39,1,BREAKOUT,0,0,0,0,57,fails,0,G2 trend;G3 leader,F:1/2,,owner-request,,RED,
2026-08-31,ETN,0,402.78,ACCUMULATE,397.31,417.58,405.419,58.66,RED,3,25,1,BREAKDOWN,0,0,0,0,47,fails,0,G3 leader;G4 basis,F:3/3,,shadow-screen,,YELLOW,
2026-08-31,FCX,0,76.45,HOLD,68.45,71.94,61.991,93.7,RED,4,6,1,BREAKOUT,0,0,0,0,72,STARTER,1,,F:2/3,,shadow-screen,,RED,
2026-08-31,GE,0,342.58,HOLD,313.6,329.6,284.854,61.58,RED,3,14,1,BREAKDOWN,0,0,0,0,52,fails,0,G3 leader,F:3/3,,shadow-screen,,YELLOW,
2026-08-31,GEV,0,911.93,PULLBACK,876.29,921,1065.33,35.91,AMBER,2,1,1,BREAKDOWN,0,0,0,0,38,fails,0,G2 trend;G4 basis,F:2/3,,shadow-screen,,YELLOW,
2026-08-31,GLW,0,148.98,PULLBACK,140.52,147.69,157.764,33.75,AMBER,2,2,1,INSIDE,0,0,0,0,48,fails,0,G2 trend;G4 basis,F:1/1,,shadow-screen,,NEUTRAL,
2026-08-31,GOOG,1,342.88,ACCUMULATE,334.77,351.85,341.604,55.05,RED,3,5,1,INSIDE,0,0,0,1,50,fails,0,G1 size,F:2/2,12,holding,11,NEUTRAL,33
2026-08-31,GOOGL,0,346.59,ACCUMULATE,338.01,355.26,344.911,58.16,RED,3,5,1,BREAKOUT,0,0,0,1,55,fails,0,G1 size,F:2/2,11,owner-request,10,NEUTRAL,32
2026-08-31,GRAB,0,3.61,CAUTION,3.55,3.73,3.6237,31.04,WHITE,0,34,0,INSIDE,1,0,1,1,25,fails,0,G2 trend;G3 leader;G4 basis,F:2/2,,owner-request,,RED,
2026-08-31,GS,0,1033.99,ACCUMULATE,1020,1072.05,1040.82,67.34,RED,3,22,1,INSIDE,0,0,0,1,63,fails,0,G4 basis,F:2/2,,shadow-screen,,NEUTRAL,
2026-08-31,HD,0,330.19,CAUTION,314.2,330.23,336.64,28.4,WHITE,0,26,0,BREAKDOWN,0,0,0,0,17,fails,0,G2 trend;G3 leader;G4 basis,F:2/3,,shadow-screen,,YELLOW,
2026-08-31,HIMS,0,28.84,CAUTION,28.77,30.24,29.3603,50.05,RED,3,2,0,BREAKDOWN,0,0,0,0,35,fails,0,G2 trend;G3 leader;G4 basis,F:2/2,,owner-request,,NEUTRAL,
2026-08-31,HON,0,217.43,CAUTION,202.39,212.72,224.045,15.26,WHITE,0,1,0,INSIDE,0,0,0,0,22,fails,0,G2 trend;G3 leader;G4 basis,F:2/3,,shadow-screen,,YELLOW,
2026-08-31,HOOD,1,104.26,ACCUMULATE,103.35,108.62,76.046,72.16,RED,3,4,1,BREAKOUT,0,0,0,1,63,fails,0,G3 leader,F:2/2,32,holding,29,RED,14
2026-08-31,IBIT,0,43.9,BOTTOMING,41.3,43.41,36.3375,67.16,WHITE,1,41,1,BREAKOUT,0,0,0,0,48,fails,0,G2 trend;G3 leader,F:1/2,,owner-request,,RED,
2026-08-31,IBM,0,235.59,BOTTOMING,230.61,242.37,235.313,45.58,WHITE,0,7,0,BREAKOUT,0,0,0,1,32,fails,0,G2 trend;G3 leader,F:2/3,,shadow-screen,,RED,
2026-08-31,ICE,0,162.33,CAUTION,158.82,166.93,155.347,85.24,WHITE,1,29,1,INSIDE,0,0,0,1,42,fails,0,G2 trend;G3 leader,F:2/3,,owner-request,,RED,
2026-08-31,IGV,0,109.5,HOLD,100.28,105.4,92.8767,97.93,RED,4,4,1,BREAKOUT,0,0,0,0,62,fails,0,G3 leader,F:—,,owner-request,,RED,
2026-08-31,INTC,0,89.47,HOLD,85.03,89.37,97.1535,40.8,RED,3,54,1,INSIDE,0,0,0,0,60,fails,0,G1 size;G4 basis,F:1/3,,owner-request,,YELLOW,
2026-08-31,INTU,0,358.06,CAUTION,355.42,373.56,311.263,64.57,WHITE,0,47,0,INSIDE,0,0,0,1,32,fails,0,G2 trend;G3 leader,F:3/3,,shadow-screen,,NEUTRAL,
2026-08-31,IONQ,0,39.2,BOTTOMING,34.63,36.4,40.78,24.91,WHITE,0,7,0,BREAKOUT,0,0,0,0,27,fails,0,G2 trend;G3 leader;G4 basis,F:1/3,,shadow-screen,,YELLOW,
2026-08-31,IOT,0,41.16,HOLD,38.61,40.58,37.1655,94.74,RED,4,5,1,INSIDE,0,0,0,0,60,fails,0,G3 leader,F:2/2,,owner-request,,RED,
2026-08-31,IREN,0,35.45,CAUTION,32.9,34.58,41.1573,9.14,WHITE,0,7,0,BREAKDOWN,0,0,0,0,23,fails,0,G2 trend;G4 basis,F:2/2,,owner-request,,YELLOW,
2026-08-31,ISRG,0,372.6,CAUTION,363.37,381.91,403.484,22.63,WHITE,0,30,0,BREAKDOWN,0,0,0,1,17,fails,0,G2 trend;G3 leader;G4 basis,F:3/3,,shadow-screen,,YELLOW,
2026-08-31,IWM,0,295.75,HOLD,279.74,294.01,298.603,80.58,RED,3,22,1,BREAKDOWN,0,0,0,0,35,fails,0,G1 size;G3 leader;G4 basis,F:—,,owner-request,,YELLOW,
2026-08-31,JNJ,0,268.04,ACCUMULATE,261.51,274.86,229.509,93.38,RED,4,59,1,,0,0,0,1,63,STARTER,1,,F:2/3,,shadow-screen,,YELLOW,
2026-08-31,JPM,0,357.62,ACCUMULATE,349.42,367.25,310.141,92.86,RED,4,13,1,BREAKDOWN,0,0,0,1,53,fails,0,G3 leader,F:2/3,22,owner-request,20,NEUTRAL,23
2026-08-31,KLAC,0,175.54,PULLBACK,143.27,150.58,181.489,33.58,AMBER,2,2,1,BREAKDOWN,0,0,0,0,38,fails,0,G2 trend;G4 basis,F:2/3,,owner-request,,YELLOW,
2026-08-31,KO,0,89.66,ACCUMULATE,87.8,92.28,81.4021,93.8,RED,4,34,1,BREAKOUT,0,0,0,1,67,fails,0,G3 leader,F:—,,shadow-screen,,YELLOW,
2026-08-31,LIN,0,489.51,PULLBACK,470.73,494.75,480.339,41.2,AMBER,2,5,1,INSIDE,0,0,0,1,37,fails,0,G2 trend;G3 leader,F:2/3,,shadow-screen,,RED,
2026-08-31,LITE,0,895,ACCUMULATE,853.81,897.37,871.238,76.08,RED,3,65,1,BREAKOUT,1,0,1,1,74,STARTER,1,,F:2/3,3,owner-request,1,RED,19
2026-08-31,LLY,0,1174.61,ACCUMULATE,1157.32,1216.36,1180.94,75.54,RED,4,16,1,BREAKDOWN,0,0,0,1,54,fails,0,G4 basis,F:3/3,15,owner-request,14,YELLOW,30
2026-08-31,LMND,0,52.96,CAUTION,52.15,54.81,53.2151,26.81,WHITE,0,5,0,BREAKDOWN,0,0,0,1,20,fails,0,G2 trend;G3 leader;G4 basis,F:2/3,,owner-request,,NEUTRAL,
2026-08-31,LRCX,1,301.9,ACCUMULATE,291.27,306.13,314.235,51.1,RED,3,65,1,BREAKDOWN,0,0,0,0,68,fails,0,G4 basis,F:3/3,5,holding,32,YELLOW,17
2026-08-31,MA,0,595.3,ACCUMULATE,585.75,615.64,494.824,97.94,RED,4,5,1,BREAKOUT,0,0,0,1,58,fails,0,G3 leader,F:3/3,31,owner-request,28,RED,28
2026-08-31,MCD,0,265,CAUTION,257.4,270.54,268.859,6.14,WHITE,0,22,0,BREAKDOWN,0,0,0,1,17,fails,0,G2 trend;G3 leader;G4 basis,F:2/3,,shadow-screen,,YELLOW,
2026-08-31,MCHP,0,72.93,CAUTION,63.64,66.88,74.5063,21.26,AMBER,2,3,0,INSIDE,0,0,0,0,22,fails,0,G2 trend;G3 leader;G4 basis,F:2/3,,shadow-screen,,YELLOW,
2026-08-31,MDB,0,446.62,HOLD,420.33,441.77,322.776,96.66,RED,4,5,1,BREAKOUT,0,0,1,0,62,STARTER,1,,F:3/3,,owner-request,,NEUTRAL,
2026-08-31,META,0,578.02,BOTTOMING,557.67,586.12,604.457,23.94,WHITE,0,42,0,BREAKOUT,0,0,0,1,15,fails,0,G1 size;G2 trend;G3 leader;G4 basis,F:2/2,,owner-request,,RED,
2026-08-31,MPWR,0,1256.26,PULLBACK,1143.45,1201.79,1319.8,26.75,AMBER,2,2,1,BREAKDOWN,0,0,0,0,37,fails,0,G2 trend;G4 basis,F:3/3,,shadow-screen,,YELLOW,
2026-08-31,MRK,0,148.35,HOLD,131.65,138.37,120.716,89.97,RED,4,43,1,,0,0,0,0,63,STARTER,1,,F:2/3,,shadow-screen,,RED,
2026-08-31,MRVL,0,216.62,HOLD,203.57,213.96,89.2744,49.74,RED,3,27,1,BREAKDOWN,0,0,1,0,60,fails,0,G1 size,F:3/3,,owner-request,,NEUTRAL,
2026-08-31,MS,0,214.77,ACCUMULATE,210.98,221.75,215.288,71.14,RED,3,22,1,INSIDE,0,0,0,1,72,fails,0,G4 basis,F:2/3,,shadow-screen,,NEUTRAL,
2026-08-31,MSFT,0,513.53,ACCUMULATE,501.05,526.61,394.416,97.52,RED,4,4,1,BREAKOUT,0,0,0,1,55,fails,0,G1 size;G3 leader,F:3/3,30,owner-request,27,NEUTRAL,16
2026-08-31,MSTR,0,127.31,CAUTION,123.31,129.6,94.9249,56.25,WHITE,0,47,0,BREAKDOWN,0,0,0,1,18,fails,0,G2 trend;G3 leader,F:0/2,,shadow-screen,,RED,
2026-08-31,MU,1,932.86,ACCUMULATE,919.51,966.42,938.275,68.22,RED,3,64,1,INSIDE,0,0,0,1,70,fails,0,G1 size;G4 basis,F:3/3,2,holding,5,NEUTRAL,5
2026-08-31,NAK,0,1.68,CAUTION,1.66,1.75,1.9759,35.43,WHITE,0,8,0,BREAKDOWN,0,0,0,1,35,fails,0,G2 trend;G4 basis,F:1/1,,owner-request,,NEUTRAL,
2026-08-31,NBIS,1,209.18,HOLD,187.68,197.25,217.701,57.62,RED,3,30,1,BREAKDOWN,0,0,0,0,60,fails,0,G1 size;G4 basis,F:2/2,,holding,,YELLOW,
2026-08-31,NEE,0,81.84,CAUTION,80.55,84.66,86.065,11.92,WHITE,1,3,0,BREAKDOWN,0,0,0,1,17,fails,0,G2 trend;G3 leader;G4 basis,F:2/3,,shadow-screen,,YELLOW,
2026-08-31,NET,0,299.84,ACCUMULATE,295.48,310.55,198.309,89.36,RED,4,20,1,BREAKOUT,0,0,0,1,82,CONVICTION,1,,F:2/2,18,owner-request,17,NEUTRAL,10
2026-08-31,NFLX,0,81.72,CAUTION,79.94,84.02,73.72,51.9,WHITE,0,41,0,BREAKDOWN,0,0,0,1,18,fails,0,G2 trend;G3 leader,F:2/3,,owner-request,,RED,
2026-08-31,NKE,0,39.6,CAUTION,,,41.106,5.58,WHITE,0,47,0,BREAKDOWN,0,1,0,0,17,fails,0,G2 trend;G3 leader;G4 basis,F:2/3,,shadow-screen,,YELLOW,
2026-08-31,NOK,0,10.21,PULLBACK,9.22,9.69,10.3764,36.48,AMBER,2,2,1,INSIDE,0,0,0,0,57,fails,0,G2 trend;G4 basis,F:1/1,,owner-request,,NEUTRAL,
2026-08-31,NOW,0,144.71,HOLD,124.42,130.77,102.561,93.98,RED,4,1,1,BREAKOUT,0,0,0,0,58,fails,0,G3 leader,F:2/3,,owner-request,,RED,
2026-08-31,NTDOY,0,13.92,BOTTOMING,13.49,14.18,11.0218,78.97,WHITE,1,38,0,BREAKOUT,0,0,0,1,30,fails,0,G2 trend;G3 leader,F:—,,owner-request,,NEUTRAL,
2026-08-31,NVDA,1,217.55,HOLD,206.92,217.48,211.146,82.29,RED,4,9,1,INSIDE,0,0,0,0,50,fails,0,G1 size;G3 leader,F:3/3,,holding,,NEUTRAL,
2026-08-31,NVO,0,45.61,CAUTION,40.42,42.48,46.894,41.13,WHITE,0,5,0,BREAKDOWN,0,0,0,0,22,fails,0,G2 trend;G3 leader;G4 basis,F:—,,owner-request,,NEUTRAL,
2026-08-31,NXPI,0,223.58,CAUTION,220.26,231.5,224.755,20.93,WHITE,0,2,0,INSIDE,0,0,0,1,22,fails,0,G2 trend;G3 leader;G4 basis,F:1/2,,shadow-screen,,NEUTRAL,
2026-08-31,ON,0,72.61,CAUTION,70.72,74.32,81.6815,28.89,AMBER,2,5,0,INSIDE,0,0,0,1,32,fails,0,G2 trend;G4 basis,F:2/3,,shadow-screen,,NEUTRAL,
2026-08-31,ONDS,0,7.9,CAUTION,7.46,7.84,8.8575,28.43,WHITE,0,8,0,BREAKDOWN,0,0,0,0,27,fails,0,G2 trend;G4 basis,F:1/3,,owner-request,,YELLOW,
2026-08-31,ONON,0,28.85,CAUTION,28.43,29.88,31.0357,1.17,WHITE,0,26,0,INSIDE,1,1,0,1,25,fails,0,G2 trend;G3 leader;G4 basis,F:1/1,,owner-request,,YELLOW,
2026-08-31,ORCL,0,150.85,CAUTION,146.83,154.32,145.075,48.25,WHITE,0,10,0,INSIDE,0,0,0,1,19,fails,0,G2 trend;G3 leader,F:3/3,,owner-request,,RED,
2026-08-31,OSCR,0,30.47,HOLD,28.38,29.82,13.468,85.55,RED,4,17,1,,0,0,0,0,75,CONVICTION,1,,F:2/2,,owner-request,,YELLOW,
2026-08-31,OUST,0,34.62,ACCUMULATE,33.37,35.08,45.2036,38.17,RED,3,18,1,BREAKDOWN,0,0,0,0,55,fails,0,G3 leader;G4 basis,F:1/3,25,owner-request,34,YELLOW,9
2026-08-31,P,0,93.4,HOLD,82.19,86.38,74.1427,79.57,RED,4,6,1,,0,0,0,0,65,STARTER,1,,F:3/3,,owner-request,,YELLOW,
2026-08-31,PANW,0,371.59,HOLD,348.78,366.57,167.327,94.38,RED,4,16,1,,0,0,1,0,68,STARTER,1,,F:2/3,,owner-request,,NEUTRAL,
2026-08-31,PEP,0,141.07,CAUTION,136.08,143.02,142.322,32.33,WHITE,0,14,0,INSIDE,0,0,0,1,22,fails,0,G2 trend;G3 leader;G4 basis,F:2/3,,shadow-screen,,NEUTRAL,
2026-08-31,PFE,0,27.96,HOLD,24.67,25.92,25.169,95.2,RED,4,2,1,INSIDE,0,0,0,0,52,fails,0,G3 leader,F:2/3,,shadow-screen,,RED,
2026-08-31,PG,0,143.78,CAUTION,140.91,148.09,143.781,17.66,WHITE,0,6,0,INSIDE,1,0,1,1,22,fails,0,G2 trend;G3 leader;G4 basis,F:2/3,,shadow-screen,,NEUTRAL,
2026-08-31,PL,0,19.98,CAUTION,19.84,20.85,22.7495,15.19,WHITE,0,5,0,BREAKDOWN,0,0,0,1,40,fails,0,G2 trend;G4 basis,F:2/2,,owner-request,,YELLOW,
2026-08-31,PLTR,1,186.29,HOLD,171.26,180,134.44,96.77,RED,4,2,1,BREAKOUT,0,0,0,0,50,fails,0,G1 size;G3 leader,F:2/2,,holding,,RED,
2026-08-31,QCOM,0,164.19,CAUTION,160.91,169.12,164.19,37.54,WHITE,1,5,0,INSIDE,0,0,0,1,23,fails,0,G2 trend;G3 leader,F:3/3,,owner-request,,RED,
2026-08-31,QQQ,0,716.43,ACCUMULATE,703.4,739.28,717.751,75.93,RED,3,21,1,BREAKDOWN,0,0,0,1,40,fails,0,G1 size;G3 leader;G4 basis,F:—,21,owner-request,19,NEUTRAL,26
2026-08-31,QQQM,1,295,ACCUMULATE,289.58,304.35,295.486,73.31,RED,3,21,1,BREAKDOWN,0,0,0,1,52,fails,0,G3 leader;G4 basis,F:—,20,holding,18,NEUTRAL,25
2026-08-31,RBLX,0,38.53,CAUTION,36.49,38.35,37.2302,23.41,WHITE,0,38,0,INSIDE,0,0,0,0,30,fails,0,G2 trend;G3 leader,F:2/2,,owner-request,,RED,
2026-08-31,RBRK,0,93.05,HOLD,85.28,89.63,71.1089,82.55,RED,4,13,1,BREAKOUT,0,0,0,0,75,fails,0,G3 leader,F:2/2,,owner-request,,YELLOW,
2026-08-31,RDDT,0,153,CAUTION,143.91,151.25,157.08,32.62,WHITE,0,5,0,INSIDE,0,0,0,0,27,fails,0,G2 trend;G3 leader;G4 basis,F:2/2,,owner-request,,NEUTRAL,
2026-08-31,RKLB,0,64.39,CAUTION,46.17,48.53,68.0144,16.4,WHITE,0,3,0,BREAKDOWN,0,0,0,0,17,fails,0,G2 trend;G3 leader;G4 basis,F:1/3,,owner-request,,YELLOW,
2026-08-31,RTX,0,211.71,ACCUMULATE,207.47,218.06,176.086,81.69,RED,4,11,1,INSIDE,0,0,0,1,62,fails,0,G3 leader,F:2/3,,shadow-screen,,YELLOW,
2026-08-31,SATL,0,4.85,CAUTION,4.43,4.66,5.7825,33.55,WHITE,1,1,1,BREAKDOWN,0,0,0,0,35,fails,0,G2 trend;G3 leader;G4 basis,F:1/2,,owner-request,,YELLOW,
2026-08-31,SCHW,0,110.16,ACCUMULATE,105.71,111.1,92.2225,93.96,RED,4,8,1,INSIDE,0,1,0,1,62,fails,0,G3 leader,F:3/3,,shadow-screen,,YELLOW,
2026-08-31,SE,0,119.36,HOLD,112.41,118.15,89.3319,72.61,RED,3,3,1,BREAKOUT,0,0,0,0,57,fails,0,G3 leader,F:2/2,,owner-request,,NEUTRAL,
2026-08-31,SHOP,0,152.9,ACCUMULATE,145.53,152.95,119.427,90.59,RED,4,3,1,BREAKOUT,0,0,0,1,67,fails,0,G3 leader,F:2/2,28,owner-request,25,NEUTRAL,21
2026-08-31,SMCI,0,37.08,ACCUMULATE,36.03,37.87,30.7939,76.46,RED,4,2,1,BREAKOUT,1,0,1,1,48,fails,0,G3 leader,F:3/3,,shadow-screen,,RED,
2026-08-31,SMH,0,553.11,HOLD,516.65,543.01,566.418,47.83,RED,3,64,1,BREAKDOWN,0,0,0,0,54,fails,0,G4 basis,F:—,,owner-request,,YELLOW,
2026-08-31,SNDK,1,1484.98,ACCUMULATE,1442.81,1516.42,638.592,65.96,RED,3,63,1,BREAKOUT,0,0,0,1,75,fails,0,G1 size,F:3/3,1,holding,4,NEUTRAL,4
2026-08-31,SNOW,0,328,ACCUMULATE,320.27,336.61,237.448,95.21,RED,4,12,1,INSIDE,0,0,0,1,77,CONVICTION,1,,F:3/3,13,owner-request,12,NEUTRAL,8
2026-08-31,SOFI,0,18.06,CAUTION,17.07,17.94,18.3663,53.22,WHITE,0,28,0,INSIDE,0,0,0,0,22,fails,0,G2 trend;G3 leader;G4 basis,F:3/3,,owner-request,,NEUTRAL,
2026-08-31,SPCX,0,141.5,CAUTION,136.77,143.75,139.563,53.43,WHITE,0,8,0,,0,0,0,0,15,fails,0,G1 size;G2 trend;G3 leader;G5 data,F:—,,owner-request,,RED,
2026-08-31,STX,0,829.76,ACCUMULATE,794.94,835.5,856.898,59.24,RED,3,67,1,,1,0,1,1,64,fails,0,G4 basis,F:3/3,,shadow-screen,,YELLOW,
2026-08-31,T,0,26.01,PULLBACK,25.39,26.68,23.3142,79.89,AMBER,2,2,1,INSIDE,0,0,0,1,42,fails,0,G2 trend;G3 leader,F:2/3,,shadow-screen,,RED,
2026-08-31,TE,0,4.79,BOTTOMING,4.49,4.72,5.9194,18.73,WHITE,0,5,0,BREAKOUT,0,0,0,0,50,fails,0,G2 trend;G4 basis,F:2/3,,owner-request,,RED,
2026-08-31,TEAM,0,190.415,ACCUMULATE,185.7,195.17,86.2643,97.89,RED,4,3,1,BREAKOUT,0,0,0,1,67,fails,0,G3 leader,F:2/2,26,owner-request,23,RED,2
2026-08-31,TER,0,354.97,ACCUMULATE,338.53,355.8,359.509,47.03,RED,3,55,1,BREAKDOWN,0,0,0,0,67,fails,0,G4 basis,F:2/3,,shadow-screen,,YELLOW,
2026-08-31,TMC,0,4.81,CAUTION,4.45,4.68,4.5407,40.5,WHITE,0,28,0,BREAKDOWN,0,0,0,0,25,fails,0,G2 trend;G3 leader,F:1/2,,owner-request,,RED,
2026-08-31,TMDX,0,88.43,CAUTION,87.03,91.47,74.8559,58.34,WHITE,0,23,0,INSIDE,0,0,0,1,30,fails,0,G2 trend;G3 leader,F:3/3,,owner-request,,YELLOW,
2026-08-31,TMO,0,622.18,HOLD,566.35,595.25,472.719,93.86,RED,3,6,1,BREAKOUT,0,0,0,0,57,fails,0,G3 leader,F:2/3,,shadow-screen,,NEUTRAL,
2026-08-31,TMUS,0,181.37,CAUTION,178.79,187.91,182.438,28.21,WHITE,0,50,0,INSIDE,0,0,0,1,22,fails,0,G2 trend;G3 leader;G4 basis,F:2/3,,shadow-screen,,RED,
2026-08-31,TOST,0,35.15,ACCUMULATE,34.18,35.92,28.1072,81.55,RED,4,4,1,INSIDE,0,0,0,1,65,fails,0,G3 leader,F:2/2,34,owner-request,31,YELLOW,18
2026-08-31,TSLA,1,348.75,BOTTOMING,341.33,358.74,397.921,26.45,WHITE,0,10,0,BREAKOUT,0,0,0,1,15,fails,0,G1 size;G2 trend;G3 leader;G4 basis,F:1/3,,holding,,RED,
2026-08-31,TSM,1,417.52,ACCUMULATE,409.46,430.35,417.813,63.75,RED,3,65,1,BREAKDOWN,0,0,0,1,59,fails,0,G4 basis,F:3/3,9,holding,8,NEUTRAL,29
2026-08-31,TXN,0,258.64,PULLBACK,215.34,226.32,279.718,33.53,AMBER,2,1,1,BREAKDOWN,0,0,0,0,28,fails,0,G2 trend;G3 leader;G4 basis,F:3/3,,shadow-screen,,YELLOW,
2026-08-31,UBER,0,78.82,BOTTOMING,72.13,75.81,73.5988,78.71,WHITE,1,37,1,BREAKOUT,0,0,0,0,47,fails,0,G2 trend;G3 leader,F:3/3,,owner-request,,RED,
2026-08-31,UNH,0,392.95,HOLD,360.93,379.34,401.305,61.9,RED,3,17,1,INSIDE,0,0,0,0,53,fails,0,G3 leader;G4 basis,F:3/3,,shadow-screen,,NEUTRAL,
2026-08-31,V,0,381.6,ACCUMULATE,373.55,392.61,330.19,98.57,RED,4,9,1,BREAKOUT,0,0,0,1,63,fails,0,G3 leader,F:0/1,27,owner-request,24,RED,24
2026-08-31,VRT,0,257.08,PULLBACK,237.08,249.18,263.63,36.61,AMBER,2,2,1,BREAKDOWN,0,0,0,0,42,fails,0,G2 trend;G4 basis,F:3/3,,owner-request,,YELLOW,
2026-08-31,VZ,0,50.1,ACCUMULATE,48.91,51.4,47.3705,92.21,RED,4,4,1,INSIDE,0,0,0,1,57,fails,0,G3 leader,F:2/3,,shadow-screen,,RED,
2026-08-31,WDC,0,459.45,HOLD,431.52,453.53,466.236,50.08,RED,3,65,1,BREAKOUT,0,0,0,0,59,fails,0,G4 basis,F:3/3,,shadow-screen,,NEUTRAL,
2026-08-31,WFC,0,86.69,ACCUMULATE,85.34,89.69,87.0812,72.24,RED,3,8,1,BREAKDOWN,0,0,0,0,52,fails,0,G3 leader;G4 basis,F:2/3,,shadow-screen,,NEUTRAL,
2026-08-31,WMT,0,103.09,CAUTION,100.68,105.82,114.745,9.25,WHITE,0,8,0,BREAKDOWN,1,1,0,1,13,fails,0,G2 trend;G3 leader;G4 basis,F:2/3,,shadow-screen,,YELLOW,
2026-08-31,XOM,0,156.71,ACCUMULATE,154.23,162.1,153.263,76.25,RED,4,7,1,BREAKOUT,0,0,0,1,58,fails,1,,F:—,,shadow-screen,,YELLOW,
2026-08-31,ZETA,0,30.54,HOLD,28.38,29.83,18.4446,99.65,RED,4,14,1,BREAKOUT,0,0,0,0,80,CONVICTION,1,,F:2/2,,owner-request,,NEUTRAL,
2026-08-31,ZS,0,184.23,CAUTION,181.92,191.2,146.806,84.09,WHITE,1,38,1,,0,0,0,1,45,fails,0,G2 trend;G3 leader,F:3/3,,owner-request,,NEUTRAL,
2026-09-01,0700,0,443,CAUTION,437.19,459.5,446.113,20.73,WHITE,0,29,0,BREAKDOWN,0,0,0,1,5,fails,0,G1 size;G2 trend;G3 leader;G4 basis,F:—,,owner-request,,YELLOW,
2026-09-01,1810,0,27.74,BOTTOMING,27.46,28.86,28.0161,37.12,WHITE,0,47,0,BREAKOUT,0,0,0,1,19,fails,0,G2 trend;G3 leader;G4 basis,F:—,,owner-request,,RED,
2026-09-01,3690,0,77.7,CAUTION,76.32,80.22,77.8804,15.82,WHITE,0,72,0,,1,1,0,1,9,fails,0,G2 trend;G3 leader;G4 basis,F:—,,owner-request,,YELLOW,
2026-09-01,9992,1,155.3,CAUTION,151.17,158.89,154.259,29.62,WHITE,0,27,0,INSIDE,1,1,0,1,23,fails,0,G2 trend;G3 leader,F:—,,holding,,RED,
2026-09-01,AAL,0,13.43,CAUTION,12.35,12.98,15.1365,28.51,WHITE,1,3,0,INSIDE,0,0,0,0,22,fails,0,G2 trend;G3 leader;G4 basis,F:2/3,,shadow-screen,,YELLOW,
2026-09-01,AAOI,0,107.69,PULLBACK,104.79,110.14,134.022,29.13,AMBER,2,2,1,INSIDE,0,0,0,1,48,fails,0,G2 trend;G4 basis,F:1/3,,owner-request,,YELLOW,
2026-09-01,AAPL,1,316.85,ACCUMULATE,304.38,319.91,310.592,87.17,RED,3,23,1,BREAKOUT,1,0,1,1,55,fails,0,G1 size;G3 leader,F:2/3,16,holding,2,RED,22
2026-09-01,ABBV,0,256.42,ACCUMULATE,249.56,262.29,249.255,88.1,RED,4,13,1,BREAKOUT,0,0,0,1,67,fails,0,G3 leader,F:2/3,,shadow-screen,,NEUTRAL,
2026-09-01,ABCL,0,11.48,HOLD,10.58,11.12,4.0517,92.46,RED,4,19,1,BREAKOUT,0,0,1,0,90,CONVICTION,1,,F:2/3,,owner-request,,NEUTRAL,
2026-09-01,ABT,0,110.36,HOLD,104.84,110.19,88.7909,76.06,RED,4,3,1,BREAKDOWN,0,0,0,0,47,fails,0,G3 leader,F:2/2,,shadow-screen,,YELLOW,
2026-09-01,ACN,0,189.76,CAUTION,173.21,182.05,126.877,72.09,WHITE,1,32,0,INSIDE,0,0,0,0,32,fails,0,G2 trend;G3 leader,F:1/2,,shadow-screen,,RED,
2026-09-01,ADBE,0,292.79,ACCUMULATE,284.08,298.58,251.675,85.88,RED,3,1,1,BREAKOUT,0,0,0,1,62,fails,0,G3 leader,F:3/3,31,owner-request,30,RED,31
2026-09-01,ADI,0,362.14,PULLBACK,343.86,361.41,376.915,32.71,AMBER,2,2,1,BREAKDOWN,0,0,0,0,37,fails,0,G2 trend;G4 basis,F:3/3,,shadow-screen,,YELLOW,
2026-09-01,AEHR,0,79.27,HOLD,74.72,78.53,97.4165,37.65,RED,3,62,1,BREAKDOWN,0,0,0,0,70,fails,0,G4 basis,F:1/3,,owner-request,,YELLOW,
2026-09-01,AFRM,0,74.45,HOLD,64.02,67.29,76.5321,62.56,RED,4,15,1,BREAKDOWN,0,1,0,0,55,fails,0,G3 leader;G4 basis,F:2/2,,owner-request,,YELLOW,
2026-09-01,ALAB,0,296.98,ACCUMULATE,283.3,297.75,123.076,57.4,RED,3,20,1,INSIDE,0,0,0,1,77,CONVICTION,1,,F:3/3,11,owner-request,12,RED,3
2026-09-01,AMAT,0,458.39,HOLD,432.78,454.86,541.891,44.53,RED,3,51,1,BREAKDOWN,0,0,0,0,59,fails,0,G4 basis,F:2/3,,owner-request,,YELLOW,
2026-09-01,AMD,1,470.72,ACCUMULATE,462.63,486.23,215.827,62.17,RED,3,25,1,INSIDE,0,0,0,1,75,fails,0,G1 size,F:3/3,4,holding,6,YELLOW,4
2026-09-01,AMZN,1,259.77,ACCUMULATE,248.69,261.38,262.336,72.13,RED,4,6,1,INSIDE,0,0,0,1,45,fails,0,G1 size;G3 leader;G4 basis,F:3/3,23,holding,22,YELLOW,19
2026-09-01,ANET,0,195.69,ACCUMULATE,189.25,198.9,143.099,91.97,RED,4,21,1,INSIDE,0,0,0,1,77,CONVICTION,1,,F:3/3,15,owner-request,16,NEUTRAL,10
2026-09-01,APH,0,158.55,ACCUMULATE,155.05,162.96,158.213,76.79,RED,3,15,1,BREAKDOWN,0,0,0,1,67,STARTER,1,,F:3/3,,shadow-screen,,YELLOW,
2026-09-01,APP,1,312.06,CAUTION,306.68,322.32,312.934,7.43,WHITE,0,8,0,INSIDE,0,0,0,1,18,fails,0,G2 trend;G3 leader;G4 basis,F:2/2,,holding,,NEUTRAL,
2026-09-01,ARM,1,241.91,PULLBACK,223.05,234.43,210.673,47.78,AMBER,2,1,1,INSIDE,0,0,0,0,62,fails,0,G2 trend,F:3/3,,holding,,YELLOW,
2026-09-01,ASML,0,1696.01,ACCUMULATE,1659.2,1743.85,1761.26,57.34,RED,3,55,1,BREAKDOWN,0,0,0,1,63,fails,0,G4 basis,F:1/1,5,owner-request,7,YELLOW,27
2026-09-01,ASTS,0,59.1,CAUTION,56.32,59.2,69.5636,14.02,WHITE,0,8,0,INSIDE,0,0,0,1,22,fails,0,G2 trend;G3 leader;G4 basis,F:0/2,,owner-request,,YELLOW,
2026-09-01,AVGO,0,370.34,PULLBACK,361.03,379.45,379.737,43.64,AMBER,2,3,1,BREAKOUT,0,0,0,1,25,fails,0,G1 size;G2 trend;G3 leader;G4 basis,F:3/3,,owner-request,,YELLOW,
2026-09-01,AXON,0,566.56,HOLD,536.85,564.24,393.819,66.04,RED,4,5,1,,0,0,0,0,47,fails,0,G3 leader,F:3/3,,owner-request,,YELLOW,
2026-09-01,AXP,0,330.17,PULLBACK,307.38,323.06,341.473,41.56,AMBER,2,1,1,INSIDE,0,0,0,0,32,fails,0,G2 trend;G3 leader;G4 basis,F:2/3,,shadow-screen,,YELLOW,
2026-09-01,AXTI,0,60.61,PULLBACK,52.72,55.41,64.4517,34.56,AMBER,2,2,1,INSIDE,0,0,0,0,57,fails,0,G2 trend;G4 basis,F:0/3,,owner-request,,YELLOW,
2026-09-01,AZO,0,2991.24,CAUTION,2710.1,2848.37,3077.93,12.85,WHITE,0,29,0,BREAKDOWN,0,0,0,0,17,fails,0,G2 trend;G3 leader;G4 basis,F:2/3,,shadow-screen,,YELLOW,
2026-09-01,BA,0,207.78,CAUTION,195.94,205.94,216.677,17.83,WHITE,0,3,0,BREAKDOWN,0,0,0,0,17,fails,0,G2 trend;G3 leader;G4 basis,F:2/3,,shadow-screen,,YELLOW,
2026-09-01,BAC,0,61.94,ACCUMULATE,60.8,63.9,62.042,82.28,RED,4,14,1,BREAKDOWN,0,0,0,1,53,fails,0,G3 leader;G4 basis,F:2/3,,shadow-screen,,YELLOW,
2026-09-01,BB,0,8.15,HOLD,6.08,6.39,8.9098,38.41,RED,3,20,1,BREAKOUT,0,0,0,0,75,fails,0,G4 basis,F:2/3,,owner-request,,NEUTRAL,
2026-09-01,BE,0,206.3,PULLBACK,202.85,213.2,215.561,41.79,AMBER,2,1,1,INSIDE,0,0,0,1,53,fails,0,G2 trend;G4 basis,F:0/1,,shadow-screen,,NEUTRAL,
2026-09-01,BKNG,0,199.09,ACCUMULATE,189.59,199.27,168.127,73.4,RED,4,5,1,BREAKDOWN,0,0,0,0,52,fails,0,G3 leader,F:2/3,,shadow-screen,,YELLOW,
2026-09-01,BSX,0,48.3,BOTTOMING,47.36,49.78,44.6055,36.39,WHITE,0,40,0,BREAKOUT,1,0,1,1,32,fails,0,G2 trend;G3 leader,F:3/3,,shadow-screen,,YELLOW,
2026-09-01,C,0,131.62,HOLD,122.14,128.37,132.864,58.22,RED,3,25,1,INSIDE,0,0,0,0,47,fails,0,G3 leader;G4 basis,F:2/3,,shadow-screen,,YELLOW,
2026-09-01,CAT,0,797.47,PULLBACK,750.06,788.33,887.084,34.16,AMBER,2,1,1,BREAKDOWN,0,0,0,0,38,fails,0,G2 trend;G4 basis,F:2/3,,shadow-screen,,YELLOW,
2026-09-01,CAVA,0,65.75,CAUTION,61.84,65,63.1027,28.85,WHITE,1,7,0,BREAKDOWN,0,0,0,0,30,fails,0,G2 trend;G3 leader,F:3/3,,owner-request,,YELLOW,
2026-09-01,CBRS,0,184.24,CAUTION,176.93,185.96,180.544,14.56,WHITE,0,17,0,INSIDE,1,0,1,1,28,fails,0,G2 trend;G3 leader;G5 data,F:—,,shadow-screen,,YELLOW,
2026-09-01,CDE,0,20.78,HOLD,18.48,19.42,16.2809,81.96,RED,3,2,1,BREAKOUT,0,0,0,0,67,STARTER,1,,F:2/3,,owner-request,,RED,
2026-09-01,CEG,0,274.77,CAUTION,265.21,278.75,270.626,50.22,WHITE,0,32,0,INSIDE,0,0,0,1,27,fails,0,G2 trend;G3 leader,F:2/3,,shadow-screen,,NEUTRAL,
2026-09-01,CIEN,0,382.8,PULLBACK,333.61,350.63,440.28,37.88,AMBER,2,3,1,INSIDE,0,0,0,0,52,fails,0,G2 trend;G4 basis,F:3/3,,shadow-screen,,YELLOW,
2026-09-01,CIFR,0,15.5,CAUTION,6.09,6.4,16.8729,20.17,WHITE,0,2,0,INSIDE,0,1,0,0,42,fails,0,G2 trend;G4 basis,F:2/3,,owner-request,,NEUTRAL,
2026-09-01,COHR,0,277.83,PULLBACK,260.58,273.87,283.135,36.09,AMBER,2,3,1,INSIDE,0,0,1,0,48,fails,0,G2 trend;G4 basis,F:2/3,,shadow-screen,,YELLOW,
2026-09-01,COIN,0,188.12,BOTTOMING,181.05,190.28,150.316,60.31,WHITE,1,40,0,BREAKOUT,0,0,0,1,33,fails,0,G2 trend;G3 leader,F:1/2,,owner-request,,RED,
2026-09-01,COST,0,943.89,CAUTION,863.26,907.3,949.877,28.61,WHITE,0,9,0,BREAKDOWN,0,0,0,0,13,fails,0,G2 trend;G3 leader;G4 basis,F:2/3,,owner-request,,YELLOW,
2026-09-01,CRCL,0,95.55,PULLBACK,88.57,93.09,63.3924,66.58,AMBER,2,2,1,INSIDE,0,0,0,0,47,fails,0,G2 trend;G3 leader,F:2/2,,shadow-screen,,RED,
2026-09-01,CRDO,0,226.19,HOLD,188.01,197.6,242.094,61.36,RED,3,20,1,INSIDE,0,0,0,0,72,fails,0,G4 basis,F:3/3,,owner-request,,YELLOW,
2026-09-01,CRM,0,257.54,ACCUMULATE,253.62,266.56,185.994,94.25,RED,4,2,1,BREAKOUT,0,0,0,1,59,fails,0,G3 leader,F:2/3,27,owner-request,26,RED,14
2026-09-01,CRWD,0,231,HOLD,185.3,194.75,102.998,99.75,RED,4,17,1,BREAKOUT,0,1,0,0,78,CONVICTION,1,,F:1/2,,owner-request,,RED,
2026-09-01,CRWV,0,84.89,CAUTION,82.36,86.56,89.1533,27.94,WHITE,0,3,0,INSIDE,0,0,0,1,23,fails,0,G2 trend;G3 leader;G4 basis,F:2/2,,owner-request,,YELLOW,
2026-09-01,CSCO,0,110.49,HOLD,89.92,94.5,112.398,43.72,RED,3,71,1,INSIDE,0,0,0,0,58,fails,0,G4 basis,F:2/3,,shadow-screen,,YELLOW,
2026-09-01,CSPX,1,828.7,ACCUMULATE,817.47,859.17,805.023,91.14,RED,4,22,1,BREAKDOWN,0,0,0,1,60,fails,0,G3 leader,F:—,22,holding,21,YELLOW,30
2026-09-01,CVX,0,206.14,ACCUMULATE,201.99,212.29,189.924,96.12,RED,4,8,1,INSIDE,0,0,0,1,58,fails,0,G3 leader,F:1/3,,shadow-screen,,NEUTRAL,
2026-09-01,CYPH,0,1.825,ACCUMULATE,1.74,1.83,0.7405,83.5,RED,4,2,1,BREAKOUT,0,0,0,1,80,CONVICTION,1,,F:1/3,2,owner-request,4,RED,1
2026-09-01,D05,0,76.77,ACCUMULATE,74.52,78.32,57.6073,97.05,RED,4,72,1,,0,0,0,1,75,CONVICTION,1,,F:—,9,owner-request,10,NEUTRAL,12
2026-09-01,DDOG,1,237.04,ACCUMULATE,229.23,240.93,125.934,65.61,RED,3,18,1,BREAKOUT,1,1,0,1,77,CONVICTION,1,,F:2/2,6,holding,1,NEUTRAL,7
2026-09-01,DELL,0,456.01,HOLD,431.03,453.03,119.097,90.59,RED,3,27,1,INSIDE,0,0,0,0,78,CONVICTION,1,,F:2/2,,owner-request,,YELLOW,
2026-09-01,DRAM,1,56.9,CAUTION,55.14,57.96,54.43,53.38,AMBER,2,7,0,INSIDE,1,0,1,1,48,fails,0,G2 trend;G5 data,F:—,,holding,,RED,
2026-09-01,DUOL,0,148.36,BOTTOMING,128.52,135.08,98.8507,82.1,AMBER,2,1,0,BREAKOUT,0,0,0,0,45,fails,0,G2 trend;G3 leader,F:2/2,,owner-request,,RED,
2026-09-01,ETHA,0,18.72,BOTTOMING,18.46,19.41,14.3238,74.82,WHITE,1,40,1,BREAKOUT,0,0,0,1,52,fails,0,G2 trend;G3 leader,F:1/2,,owner-request,,RED,
2026-09-01,ETN,0,401.88,HOLD,371.18,390.12,405.419,53.23,RED,3,26,1,BREAKDOWN,0,0,0,0,42,fails,0,G3 leader;G4 basis,F:3/3,,shadow-screen,,YELLOW,
2026-09-01,FCX,0,75.74,ACCUMULATE,74.33,78.13,61.991,93.03,RED,4,7,1,BREAKOUT,0,0,0,0,77,CONVICTION,1,,F:2/3,,shadow-screen,,RED,
2026-09-01,GE,0,335.71,HOLD,313.6,329.6,284.854,58.64,RED,3,15,1,BREAKDOWN,0,0,0,0,47,fails,0,G3 leader,F:3/3,,shadow-screen,,YELLOW,
2026-09-01,GEV,0,898.53,PULLBACK,876.29,921,1065.33,35.59,AMBER,2,1,1,BREAKDOWN,1,1,0,1,38,fails,0,G2 trend;G4 basis,F:2/3,,shadow-screen,,YELLOW,
2026-09-01,GLW,0,148.73,PULLBACK,140.52,147.69,157.764,34.01,AMBER,2,3,1,INSIDE,0,0,0,0,48,fails,0,G2 trend;G4 basis,F:1/1,,shadow-screen,,NEUTRAL,
2026-09-01,GOOG,1,335.41,PULLBACK,313.8,329.81,341.604,39.79,AMBER,2,1,1,BREAKDOWN,0,0,0,0,25,fails,0,G1 size;G2 trend;G4 basis,F:2/2,,holding,,YELLOW,
2026-09-01,GOOGL,0,339.35,HOLD,311.45,327.34,344.911,43.41,RED,3,6,1,BREAKDOWN,0,0,0,0,35,fails,0,G1 size;G4 basis,F:2/2,,owner-request,,YELLOW,
2026-09-01,GRAB,0,3.54,CAUTION,3.55,3.73,3.6237,31.2,WHITE,0,35,0,INSIDE,1,0,1,1,25,fails,0,G2 trend;G3 leader;G4 basis,F:2/2,,owner-request,,NEUTRAL,
2026-09-01,GS,0,1025.9,HOLD,912.68,959.24,1040.82,57.66,RED,3,23,1,BREAKDOWN,0,0,0,0,48,fails,0,G4 basis,F:2/2,,shadow-screen,,NEUTRAL,
2026-09-01,HD,0,327.83,CAUTION,321.34,337.73,336.64,23.96,WHITE,0,27,0,INSIDE,0,0,0,1,22,fails,0,G2 trend;G3 leader;G4 basis,F:2/3,,shadow-screen,,YELLOW,
2026-09-01,HIMS,0,29.58,CAUTION,28.77,30.24,29.3603,54.72,RED,3,3,0,BREAKDOWN,0,0,0,1,40,fails,0,G2 trend;G3 leader,F:2/2,,owner-request,,NEUTRAL,
2026-09-01,HON,0,213.53,CAUTION,209.42,220.1,224.045,11.89,WHITE,0,2,0,BREAKDOWN,0,0,0,1,17,fails,0,G2 trend;G3 leader;G4 basis,F:2/3,,shadow-screen,,YELLOW,
2026-09-01,HOOD,1,104.81,ACCUMULATE,103.35,108.62,76.046,72.29,RED,4,5,1,BREAKOUT,0,0,0,1,63,fails,0,G3 leader,F:2/2,28,holding,27,RED,15
2026-09-01,IBIT,0,44.67,BOTTOMING,43.74,45.98,36.3375,73.96,WHITE,1,42,1,BREAKOUT,0,0,0,1,48,fails,0,G2 trend;G3 leader,F:1/2,,owner-request,,RED,
2026-09-01,IBM,0,233.87,CAUTION,230.61,242.37,235.313,42.38,WHITE,0,8,0,INSIDE,0,0,0,1,22,fails,0,G2 trend;G3 leader;G4 basis,F:2/3,,shadow-screen,,NEUTRAL,
2026-09-01,ICE,0,160.7,HOLD,152.24,160.01,155.347,79.67,RED,3,1,1,BREAKOUT,0,0,0,0,57,fails,0,G3 leader,F:2/3,,owner-request,,RED,
2026-09-01,IGV,0,109.98,ACCUMULATE,107.23,112.7,92.8767,97.63,RED,4,5,1,BREAKOUT,0,0,0,1,67,fails,0,G3 leader,F:—,29,owner-request,28,RED,16
2026-09-01,INTC,0,89.51,HOLD,85.03,89.37,97.1535,40.63,RED,3,55,1,INSIDE,0,0,0,0,60,fails,0,G1 size;G4 basis,F:1/3,,owner-request,,YELLOW,
2026-09-01,INTU,0,359.3,CAUTION,355.42,373.56,311.263,64.04,WHITE,0,48,0,INSIDE,0,0,0,1,32,fails,0,G2 trend;G3 leader,F:3/3,,shadow-screen,,NEUTRAL,
2026-09-01,IONQ,0,39.31,BOTTOMING,34.63,36.4,40.78,24.72,WHITE,0,8,0,BREAKOUT,0,0,0,0,27,fails,0,G2 trend;G3 leader;G4 basis,F:1/3,,shadow-screen,,YELLOW,
2026-09-01,IOT,0,40.85,HOLD,38.61,40.58,37.1655,94.35,RED,4,6,1,INSIDE,0,0,0,0,60,fails,0,G3 leader,F:2/2,,owner-request,,NEUTRAL,
2026-09-01,IREN,0,37.115,CAUTION,36,37.83,41.1573,15.11,WHITE,0,8,0,BREAKDOWN,0,0,0,1,23,fails,0,G2 trend;G4 basis,F:2/2,,owner-request,,YELLOW,
2026-09-01,ISRG,0,376.86,CAUTION,363.37,381.91,403.484,25.56,WHITE,0,31,0,BREAKDOWN,0,0,0,1,17,fails,0,G2 trend;G3 leader;G4 basis,F:3/3,,shadow-screen,,YELLOW,
2026-09-01,IWM,0,293.93,ACCUMULATE,279.74,294.01,298.603,77.65,RED,3,23,1,BREAKDOWN,0,0,0,0,40,fails,0,G1 size;G3 leader;G4 basis,F:—,17,owner-request,33,YELLOW,29
2026-09-01,JNJ,0,265.85,ACCUMULATE,261.51,274.86,229.509,89.84,RED,4,60,1,INSIDE,0,0,0,1,68,STARTER,1,,F:2/3,,shadow-screen,,YELLOW,
2026-09-01,JPM,0,356.02,ACCUMULATE,349.42,367.25,310.141,89.2,RED,4,14,1,BREAKDOWN,0,0,0,1,53,fails,0,G3 leader,F:2/3,21,owner-request,20,YELLOW,23
2026-09-01,KLAC,0,175.45,PULLBACK,143.27,150.58,181.489,33.7,AMBER,2,3,1,INSIDE,0,0,0,0,43,fails,0,G2 trend;G4 basis,F:2/3,,owner-request,,YELLOW,
2026-09-01,KO,0,88.67,ACCUMULATE,85.46,89.82,81.4021,90.08,RED,4,35,1,BREAKOUT,0,0,0,1,67,fails,0,G3 leader,F:—,,shadow-screen,,YELLOW,
2026-09-01,LIN,0,489.58,PULLBACK,470.73,494.75,480.339,40.95,AMBER,2,6,1,INSIDE,0,0,0,1,37,fails,0,G2 trend;G3 leader,F:2/3,,shadow-screen,,RED,
2026-09-01,LITE,0,914.76,HOLD,853.81,897.37,871.238,82.54,RED,3,66,1,BREAKOUT,0,0,1,0,69,STARTER,1,,F:2/3,,owner-request,,RED,
2026-09-01,LLY,0,1156.73,ACCUMULATE,1139.8,1197.95,1163.06,69.08,RED,3,17,1,BREAKDOWN,0,0,0,1,54,fails,0,G4 basis,F:3/3,10,owner-request,11,YELLOW,32
2026-09-01,LMND,0,52.23,CAUTION,41.17,43.27,53.2151,22.68,WHITE,0,6,0,BREAKDOWN,0,0,0,0,20,fails,0,G2 trend;G3 leader;G4 basis,F:2/3,,owner-request,,NEUTRAL,
2026-09-01,LRCX,1,301.49,HOLD,257.9,271.06,314.235,51.67,RED,3,66,1,BREAKDOWN,0,0,0,0,63,fails,0,G4 basis,F:3/3,,holding,,YELLOW,
2026-09-01,MA,0,589.31,HOLD,556.57,584.96,494.824,94.34,RED,4,6,1,BREAKOUT,0,0,0,0,53,fails,0,G3 leader,F:3/3,,owner-request,,RED,
2026-09-01,MCD,0,263.54,CAUTION,,,268.859,2.45,WHITE,0,23,0,BREAKDOWN,0,0,0,0,17,fails,0,G2 trend;G3 leader;G4 basis,F:2/3,,shadow-screen,,YELLOW,
2026-09-01,MCHP,0,73.45,CAUTION,63.64,66.88,74.5063,23.7,WHITE,1,1,0,INSIDE,0,0,0,0,22,fails,0,G2 trend;G3 leader;G4 basis,F:2/3,,shadow-screen,,YELLOW,
2026-09-01,MDB,0,453.37,ACCUMULATE,438.9,461.3,322.776,98.01,RED,4,6,1,BREAKOUT,0,0,0,1,67,STARTER,1,,F:3/3,12,owner-request,13,NEUTRAL,13
2026-09-01,META,0,572.34,BOTTOMING,540.32,567.89,604.457,20.48,WHITE,0,43,0,BREAKOUT,0,0,0,0,15,fails,0,G1 size;G2 trend;G3 leader;G4 basis,F:2/2,,owner-request,,RED,
2026-09-01,MPWR,0,1267.77,PULLBACK,1143.45,1201.79,1319.8,28.26,AMBER,2,3,1,BREAKDOWN,0,0,0,0,37,fails,0,G2 trend;G4 basis,F:3/3,,shadow-screen,,YELLOW,
2026-09-01,MRK,0,147.76,HOLD,131.65,138.37,120.716,89.39,RED,4,44,1,,0,0,0,0,63,STARTER,1,,F:2/3,,shadow-screen,,RED,
2026-09-01,MRVL,0,211.66,HOLD,191.48,201.25,89.2744,46.68,RED,3,28,1,BREAKDOWN,0,0,0,0,60,fails,0,G1 size,F:3/3,,owner-request,,YELLOW,
2026-09-01,MS,0,213.32,HOLD,197.68,207.77,215.288,66.63,RED,3,23,1,INSIDE,0,0,0,0,67,fails,0,G4 basis,F:2/3,,shadow-screen,,YELLOW,
2026-09-01,MSFT,0,507.29,ACCUMULATE,498.25,523.67,394.416,94.76,RED,4,5,1,BREAKOUT,0,0,0,1,55,fails,0,G1 size;G3 leader,F:3/3,30,owner-request,29,NEUTRAL,18
2026-09-01,MSTR,0,132.94,CAUTION,123.31,129.6,94.9249,62.34,WHITE,0,48,0,BREAKDOWN,0,0,0,0,23,fails,0,G2 trend;G3 leader,F:0/2,,shadow-screen,,RED,
2026-09-01,MU,1,958.73,ACCUMULATE,919.51,966.42,938.275,77.57,RED,3,65,1,INSIDE,0,0,0,1,75,fails,0,G1 size,F:3/3,1,holding,3,RED,5
2026-09-01,NAK,0,1.68,CAUTION,1.62,1.7,1.9759,35.57,WHITE,0,9,0,BREAKDOWN,0,0,0,1,35,fails,0,G2 trend;G4 basis,F:1/1,,owner-request,,NEUTRAL,
2026-09-01,NBIS,1,206.32,ACCUMULATE,201.68,211.97,217.701,56.16,RED,3,31,1,INSIDE,0,0,0,1,70,fails,0,G1 size;G4 basis,F:2/2,3,holding,5,YELLOW,6
2026-09-01,NEE,0,82.34,CAUTION,80.13,84.22,86.065,13.19,WHITE,0,4,0,BREAKDOWN,0,0,0,1,17,fails,0,G2 trend;G3 leader;G4 basis,F:2/3,,shadow-screen,,YELLOW,
2026-09-01,NET,0,305.11,ACCUMULATE,295.48,310.55,198.309,92.5,RED,4,21,1,BREAKOUT,0,0,0,1,82,CONVICTION,1,,F:2/2,14,owner-request,15,NEUTRAL,9
2026-09-01,NFLX,0,81.05,CAUTION,79.94,84.02,73.72,48.11,WHITE,0,42,0,BREAKDOWN,0,0,0,1,18,fails,0,G2 trend;G3 leader,F:2/3,,owner-request,,RED,
2026-09-01,NKE,0,39.06,CAUTION,,,41.106,6.12,WHITE,0,48,0,BREAKDOWN,0,1,0,0,17,fails,0,G2 trend;G3 leader;G4 basis,F:2/3,,shadow-screen,,YELLOW,
2026-09-01,NOK,0,10.14,PULLBACK,9.22,9.69,10.3764,36.76,AMBER,2,3,1,INSIDE,0,0,0,0,57,fails,0,G2 trend;G4 basis,F:1/1,,owner-request,,NEUTRAL,
2026-09-01,NOW,0,147.99,HOLD,124.42,130.77,102.561,94.09,RED,4,2,1,BREAKOUT,0,0,0,0,58,fails,0,G3 leader,F:2/3,,owner-request,,RED,
2026-09-01,NTDOY,0,13.97,BOTTOMING,13.49,14.18,11.0218,78.83,WHITE,1,39,0,BREAKOUT,0,0,0,1,30,fails,0,G2 trend;G3 leader,F:—,,owner-request,,NEUTRAL,
2026-09-01,NVDA,1,220.78,ACCUMULATE,216.14,227.17,211.146,89.08,RED,4,10,1,INSIDE,0,0,0,1,50,fails,0,G1 size;G3 leader,F:3/3,20,holding,19,NEUTRAL,21
2026-09-01,NVO,0,45.33,CAUTION,40.42,42.48,46.894,41.12,WHITE,0,6,0,BREAKDOWN,0,0,0,0,22,fails,0,G2 trend;G3 leader;G4 basis,F:—,,owner-request,,NEUTRAL,
2026-09-01,NXPI,0,224.64,CAUTION,220.26,231.5,224.755,20.95,WHITE,0,3,0,INSIDE,0,0,0,1,22,fails,0,G2 trend;G3 leader;G4 basis,F:1/2,,shadow-screen,,NEUTRAL,
2026-09-01,ON,0,74.09,CAUTION,72.41,76.11,81.6815,31.64,WHITE,1,1,0,INSIDE,0,0,0,1,32,fails,0,G2 trend;G4 basis,F:2/3,,shadow-screen,,NEUTRAL,
2026-09-01,ONDS,0,7.655,CAUTION,7.58,7.97,8.8575,22.88,WHITE,0,9,0,BREAKDOWN,0,0,1,0,17,fails,0,G2 trend;G3 leader;G4 basis,F:1/3,,owner-request,,YELLOW,
2026-09-01,ONON,0,28.5,CAUTION,,,31.0357,0.29,WHITE,0,27,0,BREAKDOWN,0,1,0,0,20,fails,0,G2 trend;G3 leader;G4 basis,F:1/1,,owner-request,,YELLOW,
2026-09-01,ORCL,0,149.12,CAUTION,146.83,154.32,145.075,42.54,WHITE,0,11,0,INSIDE,0,0,0,1,19,fails,0,G2 trend;G3 leader,F:3/3,,owner-request,,RED,
2026-09-01,OSCR,0,29.96,HOLD,28.38,29.82,13.468,82.78,RED,3,18,1,,0,0,0,0,75,CONVICTION,1,,F:2/2,,owner-request,,YELLOW,
2026-09-01,OUST,0,34.44,PULLBACK,33.27,34.96,45.2517,38.31,AMBER,2,1,1,BREAKDOWN,0,0,0,1,35,fails,0,G2 trend;G3 leader;G4 basis,F:1/3,,owner-request,,YELLOW,
2026-09-01,P,0,92.95,ACCUMULATE,91.71,96.39,74.1427,79.9,RED,4,7,1,,0,0,0,1,70,STARTER,1,,F:3/3,13,owner-request,14,YELLOW,11
2026-09-01,PANW,0,382.13,HOLD,346.06,363.72,167.327,97.76,RED,4,17,1,,0,0,0,0,68,STARTER,1,,F:2/3,,owner-request,,NEUTRAL,
2026-09-01,PEP,0,140.34,CAUTION,134.95,141.83,142.322,28.91,WHITE,0,15,0,INSIDE,0,0,0,0,22,fails,0,G2 trend;G3 leader;G4 basis,F:2/3,,shadow-screen,,NEUTRAL,
2026-09-01,PFE,0,28.46,HOLD,24.67,25.92,25.169,98.28,RED,4,3,1,,0,0,0,0,47,fails,0,G3 leader,F:2/3,,shadow-screen,,RED,
2026-09-01,PG,0,145.12,BOTTOMING,140.91,148.09,143.781,36.36,WHITE,0,7,0,BREAKOUT,0,1,0,1,32,fails,0,G2 trend;G3 leader,F:2/3,,shadow-screen,,RED,
2026-09-01,PL,0,19.85,CAUTION,19.84,20.85,22.7495,15.44,WHITE,0,6,0,BREAKDOWN,0,0,0,1,40,fails,0,G2 trend;G4 basis,F:2/2,,owner-request,,YELLOW,
2026-09-01,PLTR,1,186.38,HOLD,171.26,180,134.44,96.47,RED,4,3,1,BREAKOUT,0,0,0,0,50,fails,0,G1 size;G3 leader,F:2/2,,holding,,RED,
2026-09-01,QCOM,0,170.48,BOTTOMING,160.91,169.12,164.19,44.8,WHITE,1,6,0,BREAKOUT,0,0,0,0,28,fails,0,G2 trend;G3 leader,F:3/3,,owner-request,,RED,
2026-09-01,QQQ,0,716.76,ACCUMULATE,703.4,739.28,717.751,75.72,RED,3,22,1,INSIDE,0,0,0,1,45,fails,0,G1 size;G3 leader;G4 basis,F:—,19,owner-request,18,NEUTRAL,26
2026-09-01,QQQM,1,295.18,ACCUMULATE,289.58,304.35,295.486,73.6,RED,3,22,1,BREAKDOWN,0,0,0,1,52,fails,0,G3 leader;G4 basis,F:—,18,holding,17,NEUTRAL,25
2026-09-01,RBLX,0,41.29,BOTTOMING,36.49,38.35,37.2302,29.96,WHITE,0,39,0,BREAKOUT,0,0,0,0,32,fails,0,G2 trend;G3 leader,F:2/2,,owner-request,,RED,
2026-09-01,RBRK,0,93.04,HOLD,85.28,89.63,71.1089,82.76,RED,4,14,1,BREAKOUT,0,0,0,0,75,fails,0,G3 leader,F:2/2,,owner-request,,YELLOW,
2026-09-01,RDDT,0,147.81,CAUTION,145.92,153.36,169.36,22.57,WHITE,0,6,0,BREAKDOWN,0,0,0,1,22,fails,0,G2 trend;G3 leader;G4 basis,F:2/2,,owner-request,,YELLOW,
2026-09-01,RKLB,0,63.92,CAUTION,46.17,48.53,68.0144,14.86,WHITE,0,4,0,INSIDE,0,0,0,0,22,fails,0,G2 trend;G3 leader;G4 basis,F:1/3,,owner-request,,YELLOW,
2026-09-01,RTX,0,207.73,HOLD,191.96,201.75,176.086,72.45,RED,4,12,1,BREAKDOWN,0,0,0,0,52,fails,0,G3 leader,F:2/3,,shadow-screen,,YELLOW,
2026-09-01,SATL,0,4.87,CAUTION,4.81,5.06,5.7825,33.63,WHITE,1,2,1,INSIDE,0,0,0,1,40,fails,0,G2 trend;G3 leader;G4 basis,F:1/2,,owner-request,,YELLOW,
2026-09-01,SCHW,0,109.82,ACCUMULATE,105.71,111.1,92.2225,93.91,RED,4,9,1,INSIDE,0,0,0,1,62,fails,0,G3 leader,F:3/3,,shadow-screen,,YELLOW,
2026-09-01,SE,0,113.48,ACCUMULATE,112.41,118.15,89.3319,62.48,RED,4,4,1,INSIDE,0,0,0,1,57,fails,0,G3 leader,F:2/2,33,owner-request,32,YELLOW,33
2026-09-01,SHOP,0,147.37,ACCUMULATE,145.53,152.95,119.427,80.32,RED,4,4,1,INSIDE,0,0,0,1,57,fails,0,G3 leader,F:2/2,26,owner-request,25,YELLOW,20
2026-09-01,SMCI,0,37.28,ACCUMULATE,36.03,37.87,30.7939,76.47,RED,4,3,1,BREAKOUT,1,0,1,1,48,fails,0,G3 leader,F:3/3,,shadow-screen,,NEUTRAL,
2026-09-01,SMH,0,556.63,HOLD,516.65,543.01,566.418,52.02,RED,3,65,1,BREAKDOWN,0,0,0,0,54,fails,0,G4 basis,F:—,,owner-request,,YELLOW,
2026-09-01,SNDK,1,1566.7,HOLD,1461.81,1536.39,638.592,73.05,RED,3,64,1,BREAKOUT,0,0,0,0,70,fails,0,G1 size,F:3/3,,holding,,RED,
2026-09-01,SNOW,0,331.43,ACCUMULATE,320.27,336.61,237.448,96.76,RED,4,13,1,INSIDE,0,0,0,1,77,CONVICTION,1,,F:3/3,8,owner-request,9,NEUTRAL,8
2026-09-01,SOFI,0,17.88,CAUTION,15.9,16.72,18.3663,47.73,WHITE,0,29,0,INSIDE,0,0,0,0,22,fails,0,G2 trend;G3 leader;G4 basis,F:3/3,,owner-request,,YELLOW,
2026-09-01,SPCX,0,143.69,CAUTION,137.76,144.79,140.57,60.51,WHITE,0,9,0,,0,0,0,0,20,fails,0,G1 size;G2 trend;G3 leader;G5 data,F:—,,owner-request,,RED,
2026-09-01,STX,0,828.38,ACCUMULATE,794.94,835.5,866.044,57.3,RED,3,68,1,,1,0,1,1,64,fails,0,G4 basis,F:3/3,,shadow-screen,,YELLOW,
2026-09-01,T,0,25.89,PULLBACK,24.32,25.56,23.3142,77.64,AMBER,2,3,1,INSIDE,0,0,0,0,42,fails,0,G2 trend;G3 leader,F:2/3,,shadow-screen,,RED,
2026-09-01,TE,0,4.45,CAUTION,4.49,4.72,5.9194,13.46,WHITE,0,6,0,INSIDE,0,0,0,1,45,fails,0,G2 trend;G4 basis,F:2/3,,owner-request,,NEUTRAL,
2026-09-01,TEAM,0,194.17,ACCUMULATE,185.7,195.17,86.2643,98.25,RED,4,4,1,BREAKOUT,0,0,0,1,67,fails,0,G3 leader,F:2/2,24,owner-request,23,RED,2
2026-09-01,TER,0,349.83,HOLD,310.95,326.81,359.509,44.44,RED,3,56,1,INSIDE,0,0,0,0,67,fails,0,G4 basis,F:2/3,,shadow-screen,,YELLOW,
2026-09-01,TMC,0,4.77,CAUTION,4.45,4.68,4.5407,37.93,WHITE,0,29,0,BREAKDOWN,0,0,0,0,25,fails,0,G2 trend;G3 leader,F:1/2,,owner-request,,RED,
2026-09-01,TMDX,0,84.87,CAUTION,78.83,82.85,74.8559,56.51,WHITE,0,24,0,BREAKDOWN,0,0,1,0,25,fails,0,G2 trend;G3 leader,F:3/3,,owner-request,,YELLOW,
2026-09-01,TMO,0,617.1,HOLD,566.35,595.25,472.719,92.34,RED,4,7,1,BREAKOUT,0,0,0,0,57,fails,0,G3 leader,F:2/3,,shadow-screen,,YELLOW,
2026-09-01,TMUS,0,180.44,CAUTION,137.35,144.36,182.438,21.37,WHITE,0,51,0,INSIDE,0,0,0,0,22,fails,0,G2 trend;G3 leader;G4 basis,F:2/3,,shadow-screen,,NEUTRAL,
2026-09-01,TOST,0,34.09,HOLD,32.28,33.93,28.1072,73.74,RED,4,5,1,BREAKDOWN,0,0,0,0,55,fails,0,G3 leader,F:2/2,,owner-request,,YELLOW,
2026-09-01,TSLA,1,367.95,BOTTOMING,344.57,362.15,397.921,34.25,WHITE,0,11,0,BREAKOUT,0,0,0,0,15,fails,0,G1 size;G2 trend;G3 leader;G4 basis,F:1/3,,holding,,RED,
2026-09-01,TSM,1,415.32,ACCUMULATE,409.46,430.35,417.813,63.46,RED,3,66,1,BREAKDOWN,0,0,0,1,59,fails,0,G4 basis,F:3/3,7,holding,8,NEUTRAL,28
2026-09-01,TXN,0,260.91,PULLBACK,256.65,269.74,279.718,34.86,AMBER,2,1,1,INSIDE,0,0,0,1,33,fails,0,G2 trend;G3 leader;G4 basis,F:3/3,,shadow-screen,,YELLOW,
2026-09-01,UBER,0,75.65,BOTTOMING,72.13,75.81,73.5988,60.19,WHITE,1,38,0,BREAKOUT,0,0,0,0,37,fails,0,G2 trend;G3 leader,F:3/3,,owner-request,,YELLOW,
2026-09-01,UNH,0,389.41,HOLD,360.93,379.34,401.305,59.64,RED,3,18,1,BREAKDOWN,0,0,0,0,43,fails,0,G3 leader;G4 basis,F:3/3,,shadow-screen,,YELLOW,
2026-09-01,V,0,379.37,ACCUMULATE,373.55,392.61,330.19,95.85,RED,4,10,1,BREAKOUT,0,0,0,1,63,fails,0,G3 leader,F:0/1,25,owner-request,24,RED,24
2026-09-01,VRT,0,258.72,PULLBACK,237.08,249.18,263.63,39.61,AMBER,2,3,1,BREAKDOWN,0,0,0,0,42,fails,0,G2 trend;G4 basis,F:3/3,,owner-request,,YELLOW,
2026-09-01,VZ,0,50.02,ACCUMULATE,49.12,51.62,47.3705,91.65,RED,4,5,1,INSIDE,0,0,0,1,57,fails,0,G3 leader,F:2/3,,shadow-screen,,RED,
2026-09-01,WDC,0,450.55,ACCUMULATE,431.52,453.53,459.758,48.06,RED,3,66,1,BREAKOUT,0,0,0,1,64,fails,0,G4 basis,F:3/3,,shadow-screen,,NEUTRAL,
2026-09-01,WFC,0,86.39,ACCUMULATE,82.79,87.01,87.0812,66.13,RED,3,9,1,BREAKDOWN,0,0,0,1,52,fails,0,G3 leader;G4 basis,F:2/3,,shadow-screen,,NEUTRAL,
2026-09-01,WMT,0,104.87,CAUTION,103.04,108.29,114.745,15.6,WHITE,0,9,0,BREAKDOWN,1,1,0,1,9,fails,0,G2 trend;G3 leader;G4 basis,F:2/3,,shadow-screen,,YELLOW,
2026-09-01,XOM,0,160.95,ACCUMULATE,154.23,162.1,153.263,87.62,RED,4,8,1,BREAKOUT,0,0,0,1,63,STARTER,1,,F:—,,shadow-screen,,NEUTRAL,
2026-09-01,ZETA,0,30.97,HOLD,28.38,29.83,18.4446,99.96,RED,4,15,1,BREAKOUT,0,0,0,0,80,CONVICTION,1,,F:2/2,,owner-request,,RED,
2026-09-01,ZS,0,188.385,ACCUMULATE,181.92,191.2,146.806,88.37,RED,3,1,1,,0,0,0,1,60,fails,0,G3 leader,F:3/3,32,owner-request,31,NEUTRAL,17
2026-09-02,0700,0,436.2,CAUTION,372.59,391.6,446.113,10.46,WHITE,0,29,0,BREAKDOWN,0,0,0,0,5,fails,0,G1 size;G2 trend;G3 leader;G4 basis,F:—,,owner-request,,YELLOW,
2026-09-02,1810,0,27.86,BOTTOMING,27.46,28.86,28.0161,37.31,WHITE,0,47,0,BREAKOUT,0,0,0,1,19,fails,0,G2 trend;G3 leader;G4 basis,F:—,,owner-request,,RED,
2026-09-02,3690,0,77.15,CAUTION,76.32,80.22,77.8804,16.18,WHITE,0,72,0,,1,1,0,1,9,fails,0,G2 trend;G3 leader;G4 basis,F:—,,owner-request,,YELLOW,
2026-09-02,9992,1,153.3,CAUTION,151.17,158.89,154.259,18.5,WHITE,0,27,0,BREAKDOWN,1,1,0,1,13,fails,0,G2 trend;G3 leader;G4 basis,F:—,,holding,,NEUTRAL,
2026-09-02,AAL,0,12.95,CAUTION,11.89,12.5,15.1365,22.15,WHITE,1,3,0,BREAKDOWN,0,0,0,0,17,fails,0,G2 trend;G3 leader;G4 basis,F:2/3,,shadow-screen,,YELLOW,
2026-09-02,AAOI,0,103.39,PULLBACK,101,106.16,134.022,26.19,AMBER,2,2,1,BREAKDOWN,0,0,0,1,47,fails,0,G2 trend;G4 basis,F:1/3,,owner-request,,YELLOW,
2026-09-02,AAPL,1,325.13,ACCUMULATE,313.38,329.37,310.592,91.07,RED,3,23,1,BREAKOUT,0,0,0,1,70,fails,0,G1 size,F:2/3,12,holding,11,RED,19
2026-09-02,ABBV,0,259.99,ACCUMULATE,249.56,262.29,249.255,91.41,RED,4,13,1,BREAKOUT,0,0,0,1,67,fails,0,G3 leader,F:2/3,,shadow-screen,,NEUTRAL,
2026-09-02,ABCL,0,11.28,ACCUMULATE,10.75,11.3,4.0517,90.9,RED,4,19,1,INSIDE,1,0,1,1,90,CONVICTION,1,,F:2/3,7,owner-request,3,YELLOW,1
2026-09-02,ABT,0,108.93,ACCUMULATE,104.84,110.19,88.7909,70.6,RED,3,3,1,BREAKDOWN,0,0,0,0,52,fails,0,G3 leader,F:2/2,,shadow-screen,,YELLOW,
2026-09-02,ACN,0,188.09,CAUTION,173.21,182.05,126.877,70.13,WHITE,1,32,0,INSIDE,0,0,0,0,32,fails,0,G2 trend;G3 leader,F:1/2,,shadow-screen,,RED,
2026-09-02,ADBE,0,286.08,PULLBACK,284.08,298.58,251.675,83.96,AMBER,2,1,1,BREAKOUT,0,0,0,1,47,fails,0,G2 trend;G3 leader,F:3/3,,owner-request,,RED,
2026-09-02,ADI,0,354.52,PULLBACK,343.86,361.41,376.915,30.27,AMBER,2,2,1,BREAKDOWN,0,0,0,1,37,fails,0,G2 trend;G4 basis,F:3/3,,shadow-screen,,YELLOW,
2026-09-02,AEHR,0,76.59,PULLBACK,74.72,78.53,97.4165,36.01,AMBER,2,1,1,BREAKDOWN,0,0,0,1,55,fails,0,G2 trend;G4 basis,F:1/3,,owner-request,,YELLOW,
2026-09-02,AFRM,0,69.94,PULLBACK,64.02,67.29,76.5321,45.43,AMBER,2,1,1,BREAKDOWN,0,1,0,0,35,fails,0,G2 trend;G3 leader;G4 basis,F:2/2,,owner-request,,YELLOW,
2026-09-02,ALAB,0,279.91,HOLD,188.71,198.34,123.076,50.17,RED,3,20,1,INSIDE,0,0,0,0,72,STARTER,1,,F:3/3,,owner-request,,NEUTRAL,
2026-09-02,AMAT,0,441.85,PULLBACK,438.24,460.59,541.891,40.79,AMBER,2,1,1,BREAKDOWN,0,0,0,1,39,fails,0,G2 trend;G4 basis,F:2/3,,owner-request,,YELLOW,
2026-09-02,AMD,1,459.61,HOLD,246.15,258.71,215.827,58.94,RED,3,25,1,INSIDE,0,0,0,0,65,fails,0,G1 size,F:3/3,,holding,,YELLOW,
2026-09-02,AMZN,1,254.92,ACCUMULATE,248.69,261.38,262.336,66.37,RED,4,6,1,BREAKDOWN,0,0,0,1,35,fails,0,G1 size;G3 leader;G4 basis,F:3/3,22,holding,18,YELLOW,21
2026-09-02,ANET,0,189.26,HOLD,170.28,178.96,143.099,84.86,RED,4,21,1,INSIDE,0,0,0,0,62,fails,0,G3 leader,F:3/3,,owner-request,,YELLOW,
2026-09-02,APH,0,151.2,ACCUMULATE,144.19,151.55,147.137,73.92,RED,4,8,1,INSIDE,0,0,0,0,72,STARTER,1,,F:3/3,,shadow-screen,,YELLOW,
2026-09-02,APP,1,311.74,CAUTION,306.68,322.32,312.934,7.55,WHITE,0,8,0,INSIDE,0,0,0,1,18,fails,0,G2 trend;G3 leader;G4 basis,F:2/2,,holding,,NEUTRAL,
2026-09-02,ARM,1,234.82,PULLBACK,226.36,237.91,210.673,45.29,AMBER,2,1,1,BREAKDOWN,0,0,0,1,52,fails,0,G2 trend,F:3/3,,holding,,YELLOW,
2026-09-02,ASML,0,1665.14,HOLD,1538.89,1617.41,1761.26,52.79,RED,3,55,1,BREAKDOWN,0,0,0,0,58,fails,0,G4 basis,F:1/1,,owner-request,,YELLOW,
2026-09-02,ASTS,0,55.8,CAUTION,,,69.5636,7.2,WHITE,0,8,0,BREAKDOWN,0,0,0,0,17,fails,0,G2 trend;G3 leader;G4 basis,F:0/2,,owner-request,,YELLOW,
2026-09-02,AVGO,0,369.68,PULLBACK,361.03,379.45,379.737,44.02,AMBER,2,3,1,BREAKOUT,0,0,0,1,25,fails,0,G1 size;G2 trend;G3 leader;G4 basis,F:3/3,,owner-request,,YELLOW,
2026-09-02,AXON,0,518.3,CAUTION,490.92,515.97,393.819,49.02,RED,3,5,0,,0,0,0,0,32,fails,0,G2 trend;G3 leader,F:3/3,,owner-request,,YELLOW,
2026-09-02,AXP,0,324.19,CAUTION,307.38,323.06,341.473,36.6,WHITE,1,1,0,INSIDE,0,0,0,0,22,fails,0,G2 trend;G3 leader;G4 basis,F:2/3,,shadow-screen,,YELLOW,
2026-09-02,AXTI,0,56.11,PULLBACK,55.04,57.85,64.4517,28.83,AMBER,2,2,1,BREAKDOWN,0,0,0,1,52,fails,0,G2 trend;G4 basis,F:0/3,,owner-request,,YELLOW,
2026-09-02,AZO,0,2965.83,CAUTION,2710.1,2848.37,3077.93,7.18,WHITE,0,29,0,BREAKDOWN,0,0,0,0,17,fails,0,G2 trend;G3 leader;G4 basis,F:2/3,,shadow-screen,,YELLOW,
2026-09-02,BA,0,205.66,CAUTION,195.94,205.94,216.677,14,WHITE,0,3,0,INSIDE,0,0,0,0,22,fails,0,G2 trend;G3 leader;G4 basis,F:2/3,,shadow-screen,,YELLOW,
2026-09-02,BAC,0,61.99,ACCUMULATE,60.8,63.9,62.042,81.73,RED,4,14,1,BREAKDOWN,0,0,0,1,53,fails,0,G3 leader;G4 basis,F:2/3,,shadow-screen,,YELLOW,
2026-09-02,BB,0,7.83,HOLD,6.08,6.39,8.9098,34.2,RED,3,20,1,INSIDE,0,0,0,0,70,fails,0,G4 basis,F:2/3,,owner-request,,YELLOW,
2026-09-02,BE,0,213.63,ACCUMULATE,211.25,222.03,215.561,50.53,RED,3,2,1,INSIDE,0,0,0,1,68,fails,0,G4 basis,F:0/1,,shadow-screen,,RED,
2026-09-02,BKNG,0,195.69,ACCUMULATE,189.59,199.27,168.127,70.69,RED,4,5,1,BREAKDOWN,0,0,0,0,52,fails,0,G3 leader,F:2/3,,shadow-screen,,YELLOW,
2026-09-02,BSX,0,48.08,BOTTOMING,47.36,49.78,44.6055,36.49,WHITE,0,40,0,BREAKOUT,1,0,1,1,32,fails,0,G2 trend;G3 leader,F:3/3,,shadow-screen,,YELLOW,
2026-09-02,C,0,132.54,ACCUMULATE,130.21,136.85,132.864,63.48,RED,3,25,1,BREAKOUT,0,0,0,1,72,fails,0,G4 basis,F:2/3,,shadow-screen,,YELLOW,
2026-09-02,CAT,0,779.16,PULLBACK,750.06,788.33,887.084,30.45,AMBER,2,1,1,BREAKDOWN,0,0,0,0,38,fails,0,G2 trend;G4 basis,F:2/3,,shadow-screen,,YELLOW,
2026-09-02,CAVA,0,61.08,CAUTION,51.3,53.92,63.1027,9.6,WHITE,1,7,0,BREAKDOWN,0,0,0,0,25,fails,0,G2 trend;G3 leader;G4 basis,F:3/3,,owner-request,,YELLOW,
2026-09-02,CBRS,0,172.62,CAUTION,,,180.544,2.76,WHITE,0,17,0,BREAKDOWN,0,0,0,0,18,fails,0,G2 trend;G3 leader;G4 basis;G5 data,F:—,,shadow-screen,,YELLOW,
2026-09-02,CDE,0,20.2,HOLD,18.48,19.42,16.2809,78.07,RED,3,2,1,BREAKOUT,0,0,0,0,67,STARTER,1,,F:2/3,,owner-request,,YELLOW,
2026-09-02,CEG,0,280.31,CAUTION,268.27,281.96,273.749,61.24,WHITE,0,32,0,INSIDE,0,0,0,1,32,fails,0,G2 trend;G3 leader,F:2/3,,shadow-screen,,RED,
2026-09-02,CIEN,0,360.33,CAUTION,333.61,350.63,440.28,32.1,AMBER,2,3,0,BREAKDOWN,0,0,0,0,37,fails,0,G2 trend;G4 basis,F:3/3,,shadow-screen,,YELLOW,
2026-09-02,CIFR,0,14.61,CAUTION,6.09,6.4,16.8729,12.37,WHITE,0,2,0,BREAKDOWN,0,1,0,0,32,fails,0,G2 trend;G4 basis,F:2/3,,owner-request,,YELLOW,
2026-09-02,COHR,0,272.03,PULLBACK,263.96,277.42,283.135,33.27,AMBER,2,3,1,INSIDE,0,0,0,1,48,fails,0,G2 trend;G4 basis,F:2/3,,shadow-screen,,YELLOW,
2026-09-02,COIN,0,176.82,BOTTOMING,167.55,176.1,150.316,46.88,WHITE,0,40,0,BREAKOUT,0,0,0,0,28,fails,0,G2 trend;G3 leader,F:1/2,,owner-request,,NEUTRAL,
2026-09-02,COST,0,939.96,CAUTION,863.26,907.3,949.877,28.56,WHITE,0,9,0,BREAKDOWN,0,0,0,0,13,fails,0,G2 trend;G3 leader;G4 basis,F:2/3,,owner-request,,YELLOW,
2026-09-02,CRCL,0,89.48,CAUTION,88.57,93.09,63.3924,56.39,AMBER,2,2,0,BREAKDOWN,0,0,0,1,27,fails,0,G2 trend;G3 leader,F:2/2,,shadow-screen,,RED,
2026-09-02,CRDO,0,206.63,HOLD,188.01,197.6,242.094,48.3,RED,3,20,1,BREAKDOWN,0,0,0,0,57,fails,0,G4 basis,F:3/3,,owner-request,,YELLOW,
2026-09-02,CRM,0,258.11,ACCUMULATE,253.62,266.56,185.994,93.42,RED,4,2,1,BREAKOUT,0,0,0,1,59,fails,0,G3 leader,F:2/3,26,owner-request,22,RED,17
2026-09-02,CRWD,0,215.07,HOLD,185.3,194.75,102.998,90.6,RED,4,17,1,INSIDE,0,1,0,0,73,STARTER,1,,F:1/2,,owner-request,,RED,
2026-09-02,CRWV,0,81.85,CAUTION,81.1,85.24,89.1533,23.12,WHITE,0,3,0,BREAKDOWN,0,0,0,1,18,fails,0,G2 trend;G3 leader;G4 basis,F:2/2,,owner-request,,YELLOW,
2026-09-02,CSCO,0,109.74,HOLD,89.92,94.5,112.398,42.07,RED,3,71,1,INSIDE,0,0,0,0,58,fails,0,G4 basis,F:2/3,,shadow-screen,,YELLOW,
2026-09-02,CSPX,1,824.96,ACCUMULATE,794.77,835.32,810.994,86.13,RED,3,22,1,BREAKDOWN,0,0,0,0,60,fails,0,G3 leader,F:—,19,holding,31,YELLOW,30
2026-09-02,CVX,0,211.05,ACCUMULATE,201.99,212.29,189.924,99.34,RED,4,8,1,BREAKOUT,0,0,0,1,63,fails,0,G3 leader,F:1/3,,shadow-screen,,RED,
2026-09-02,CYPH,0,1.71,ACCUMULATE,1.74,1.83,0.7405,66.9,RED,4,2,1,BREAKOUT,1,0,1,1,80,CONVICTION,1,,F:1/3,3,owner-request,2,RED,3
2026-09-02,D05,0,77.19,ACCUMULATE,74.52,78.32,57.6073,98.41,RED,4,72,1,,0,0,0,1,75,CONVICTION,1,,F:—,9,owner-request,8,NEUTRAL,12
2026-09-02,DDOG,1,223.84,ACCUMULATE,217.9,229.01,125.934,51.56,RED,3,18,1,INSIDE,0,0,0,1,72,STARTER,1,,F:2/2,11,holding,10,YELLOW,9
2026-09-02,DELL,0,425,ACCUMULATE,407.46,428.25,119.097,72.53,RED,3,27,1,BREAKDOWN,0,0,0,0,78,CONVICTION,1,,F:2/2,5,owner-request,28,YELLOW,2
2026-09-02,DRAM,1,55.06,CAUTION,53.34,56.06,54.43,41.61,AMBER,2,7,0,BREAKDOWN,1,0,1,1,43,fails,0,G2 trend;G5 data,F:—,,holding,,NEUTRAL,
2026-09-02,DUOL,0,158.77,PULLBACK,156.22,164.19,98.8507,83.12,AMBER,2,1,1,BREAKOUT,0,0,0,1,55,fails,0,G2 trend;G3 leader,F:2/2,,owner-request,,RED,
2026-09-02,ETHA,0,18.23,BOTTOMING,16.99,17.86,14.3238,69.66,WHITE,1,40,1,BREAKOUT,0,0,0,0,52,fails,0,G2 trend;G3 leader,F:1/2,,owner-request,,RED,
2026-09-02,ETN,0,390.71,PULLBACK,371.18,390.12,402.456,43.11,AMBER,2,1,1,BREAKDOWN,0,0,0,0,27,fails,0,G2 trend;G3 leader;G4 basis,F:3/3,,shadow-screen,,YELLOW,
2026-09-02,FCX,0,72.47,HOLD,68.45,71.94,61.991,91.24,RED,4,7,1,BREAKOUT,0,0,0,0,67,STARTER,1,,F:2/3,,shadow-screen,,NEUTRAL,
2026-09-02,GE,0,331.09,PULLBACK,313.6,329.6,284.854,56.72,AMBER,2,1,1,BREAKDOWN,0,0,0,0,32,fails,0,G2 trend;G3 leader,F:3/3,,shadow-screen,,YELLOW,
2026-09-02,GEV,0,898.53,PULLBACK,876.29,921,1065.33,36.08,AMBER,2,1,1,BREAKDOWN,1,1,0,1,38,fails,0,G2 trend;G4 basis,F:2/3,,shadow-screen,,YELLOW,
2026-09-02,GLW,0,145.56,CAUTION,128.44,134.99,157.764,32.53,AMBER,2,3,0,BREAKDOWN,0,0,0,0,28,fails,0,G2 trend;G4 basis,F:1/1,,shadow-screen,,YELLOW,
2026-09-02,GOOG,1,332.03,PULLBACK,313.8,329.81,341.604,37.54,AMBER,2,1,1,BREAKDOWN,0,0,0,0,25,fails,0,G1 size;G2 trend;G4 basis,F:2/2,,holding,,YELLOW,
2026-09-02,GOOGL,0,335.02,PULLBACK,311.45,327.34,344.911,40.83,AMBER,2,1,1,BREAKDOWN,0,0,0,0,25,fails,0,G1 size;G2 trend;G4 basis,F:2/2,,owner-request,,YELLOW,
2026-09-02,GRAB,0,3.46,CAUTION,,,3.6237,13.31,WHITE,0,35,0,INSIDE,0,0,1,0,25,fails,0,G2 trend;G3 leader;G4 basis,F:2/2,,owner-request,,YELLOW,
2026-09-02,GS,0,1002.56,HOLD,912.68,959.24,1040.82,48.7,RED,3,23,1,BREAKDOWN,0,0,0,0,38,fails,0,G3 leader;G4 basis,F:2/2,,shadow-screen,,YELLOW,
2026-09-02,HD,0,319.77,CAUTION,305.63,321.22,336.64,15.16,WHITE,0,27,0,BREAKDOWN,0,0,0,0,17,fails,0,G2 trend;G3 leader;G4 basis,F:2/3,,shadow-screen,,YELLOW,
2026-09-02,HIMS,0,28.44,CAUTION,25.9,27.23,29.3603,45.76,RED,3,3,0,BREAKDOWN,0,0,0,0,35,fails,0,G2 trend;G3 leader;G4 basis,F:2/2,,owner-request,,YELLOW,
2026-09-02,HON,0,209.98,CAUTION,202.39,212.72,224.045,9.34,WHITE,0,2,0,BREAKDOWN,0,0,0,0,17,fails,0,G2 trend;G3 leader;G4 basis,F:2/3,,shadow-screen,,YELLOW,
2026-09-02,HOOD,1,103.51,ACCUMULATE,98.54,103.57,76.046,69.37,RED,4,5,1,BREAKOUT,0,0,0,1,63,fails,0,G3 leader,F:2/2,28,holding,24,NEUTRAL,14
2026-09-02,IBIT,0,43.76,BOTTOMING,41.3,43.41,36.3375,63.13,WHITE,1,42,1,BREAKOUT,0,0,0,0,48,fails,0,G2 trend;G3 leader,F:1/2,,owner-request,,RED,
2026-09-02,IBM,0,231.4,CAUTION,218.15,229.28,235.313,35.5,WHITE,0,8,0,INSIDE,0,0,0,0,22,fails,0,G2 trend;G3 leader;G4 basis,F:2/3,,shadow-screen,,NEUTRAL,
2026-09-02,ICE,0,159.6,ACCUMULATE,152.24,160.01,155.347,77.09,RED,3,1,1,BREAKOUT,0,0,0,1,62,fails,0,G3 leader,F:2/3,32,owner-request,26,NEUTRAL,34
2026-09-02,IGV,0,106.18,HOLD,100.28,105.4,92.8767,92.5,RED,4,5,1,BREAKOUT,0,0,0,0,62,fails,0,G3 leader,F:—,,owner-request,,RED,
2026-09-02,INTC,0,88.97,ACCUMULATE,85.03,89.37,97.1535,41,RED,3,55,1,INSIDE,0,0,0,1,65,fails,0,G1 size;G4 basis,F:1/3,4,owner-request,6,YELLOW,8
2026-09-02,INTU,0,344.93,CAUTION,305.04,320.6,311.263,57.18,WHITE,0,48,0,BREAKDOWN,0,0,1,0,22,fails,0,G2 trend;G3 leader,F:3/3,,shadow-screen,,YELLOW,
2026-09-02,IONQ,0,37.78,BOTTOMING,36.63,38.5,40.78,22.29,WHITE,0,8,0,BREAKOUT,0,0,0,0,27,fails,0,G2 trend;G3 leader;G4 basis,F:1/3,,shadow-screen,,YELLOW,
2026-09-02,IOT,0,39.06,ACCUMULATE,38.61,40.58,39.3938,81.38,RED,4,6,1,INSIDE,0,0,0,1,60,fails,0,G3 leader;G4 basis,F:2/2,24,owner-request,20,YELLOW,15
2026-09-02,IREN,0,36.82,CAUTION,36,37.83,41.1573,15.79,WHITE,0,8,0,BREAKDOWN,0,0,0,1,13,fails,0,G2 trend;G3 leader;G4 basis,F:2/2,,owner-request,,YELLOW,
2026-09-02,ISRG,0,369.25,CAUTION,363.37,381.91,403.484,19.42,WHITE,0,31,0,BREAKDOWN,0,0,0,1,17,fails,0,G2 trend;G3 leader;G4 basis,F:3/3,,shadow-screen,,YELLOW,
2026-09-02,IWM,0,290.57,ACCUMULATE,285.6,300.17,298.603,67.65,RED,3,23,1,BREAKDOWN,0,0,0,0,40,fails,0,G1 size;G3 leader;G4 basis,F:—,17,owner-request,30,YELLOW,32
2026-09-02,JNJ,0,271.19,ACCUMULATE,261.51,274.86,229.509,96.35,RED,4,60,1,BREAKOUT,0,0,0,1,73,STARTER,1,,F:2/3,,shadow-screen,,NEUTRAL,
2026-09-02,JPM,0,354.95,ACCUMULATE,349.42,367.25,310.141,88.7,RED,4,14,1,BREAKDOWN,0,0,0,1,53,fails,0,G3 leader,F:2/3,18,owner-request,15,YELLOW,24
2026-09-02,KLAC,0,170.89,CAUTION,143.27,150.58,181.489,30.65,AMBER,2,3,0,BREAKDOWN,0,0,0,0,28,fails,0,G2 trend;G4 basis,F:2/3,,owner-request,,YELLOW,
2026-09-02,KO,0,88,ACCUMULATE,85.46,89.82,81.4021,87.31,RED,4,35,1,BREAKOUT,0,0,0,1,67,fails,0,G3 leader,F:—,,shadow-screen,,YELLOW,
2026-09-02,LIN,0,486.76,PULLBACK,445.06,467.77,489.863,37.39,AMBER,2,6,1,INSIDE,0,0,0,0,32,fails,0,G2 trend;G3 leader;G4 basis,F:2/3,,shadow-screen,,RED,
2026-09-02,LITE,0,868.95,ACCUMULATE,853.81,897.37,871.238,64.82,RED,3,66,1,BREAKOUT,1,0,1,1,64,fails,0,G4 basis,F:2/3,2,owner-request,1,NEUTRAL,31
2026-09-02,LLY,0,1160,ACCUMULATE,1139.8,1197.95,1163.06,68.53,RED,3,17,1,BREAKDOWN,0,0,0,1,54,fails,0,G4 basis,F:3/3,10,owner-request,9,YELLOW,28
2026-09-02,LMND,0,51.34,CAUTION,41.17,43.27,53.2151,18.75,WHITE,0,6,0,BREAKDOWN,0,0,0,0,20,fails,0,G2 trend;G3 leader;G4 basis,F:2/3,,owner-request,,NEUTRAL,
2026-09-02,LRCX,1,290.2,HOLD,257.9,271.06,314.235,45.53,RED,3,66,1,BREAKDOWN,0,0,0,0,63,fails,0,G4 basis,F:3/3,,holding,,YELLOW,
2026-09-02,MA,0,581.1,ACCUMULATE,556.57,584.96,494.824,90.98,RED,4,6,1,BREAKOUT,0,0,0,1,58,fails,0,G3 leader,F:3/3,29,owner-request,25,YELLOW,29
2026-09-02,MCD,0,261.11,CAUTION,,,268.859,0.65,WHITE,0,23,0,BREAKDOWN,0,0,0,0,17,fails,0,G2 trend;G3 leader;G4 basis,F:2/3,,shadow-screen,,YELLOW,
2026-09-02,MCHP,0,71.41,CAUTION,70.09,73.66,74.5063,19.04,WHITE,0,1,0,BREAKDOWN,0,0,0,1,17,fails,0,G2 trend;G3 leader;G4 basis,F:2/3,,shadow-screen,,YELLOW,
2026-09-02,MDB,0,434.21,ACCUMULATE,427.76,449.58,322.776,92.07,RED,4,6,1,BREAKOUT,0,0,0,1,57,fails,0,G3 leader,F:3/3,13,owner-request,12,NEUTRAL,16
2026-09-02,META,0,578.54,BOTTOMING,540.32,567.89,604.457,24.98,WHITE,0,43,0,BREAKOUT,0,0,0,0,15,fails,0,G1 size;G2 trend;G3 leader;G4 basis,F:2/2,,owner-request,,RED,
2026-09-02,MPWR,0,1225.96,CAUTION,1143.45,1201.79,1319.8,26.04,AMBER,2,3,0,BREAKDOWN,0,0,0,0,27,fails,0,G2 trend;G4 basis,F:3/3,,shadow-screen,,YELLOW,
2026-09-02,MRK,0,149.86,ACCUMULATE,147.11,154.61,120.716,91.28,RED,4,44,1,,0,0,0,0,73,STARTER,1,,F:2/3,,shadow-screen,,RED,
2026-09-02,MRVL,0,210.39,ACCUMULATE,205.99,216.5,89.2744,47.14,RED,3,28,1,BREAKDOWN,0,0,0,1,65,fails,0,G1 size,F:3/3,6,owner-request,7,YELLOW,4
2026-09-02,MS,0,211.04,HOLD,197.68,207.77,215.288,58.98,RED,3,23,1,BREAKDOWN,0,0,0,0,57,fails,0,G4 basis,F:2/3,,shadow-screen,,YELLOW,
2026-09-02,MSFT,0,501.02,ACCUMULATE,487.08,511.93,394.416,91.47,RED,4,5,1,BREAKOUT,0,0,0,1,55,fails,0,G1 size;G3 leader,F:3/3,27,owner-request,23,NEUTRAL,18
2026-09-02,MSTR,0,124.88,CAUTION,123.31,129.6,94.9249,48.27,WHITE,0,48,0,BREAKDOWN,0,0,0,1,18,fails,0,G2 trend;G3 leader,F:0/2,,shadow-screen,,RED,
2026-09-02,MU,1,933.44,ACCUMULATE,919.51,966.42,938.275,67.54,RED,3,65,1,INSIDE,0,0,0,1,70,fails,0,G1 size;G4 basis,F:3/3,1,holding,5,NEUTRAL,5
2026-09-02,NAK,0,1.56,CAUTION,1.44,1.51,1.9759,23.84,WHITE,0,9,0,BREAKDOWN,0,0,0,0,35,fails,0,G2 trend;G4 basis,F:1/1,,owner-request,,NEUTRAL,
2026-09-02,NBIS,1,199.54,HOLD,187.68,197.25,217.701,51.21,RED,3,31,1,BREAKDOWN,0,0,0,0,60,fails,0,G1 size;G4 basis,F:2/2,,holding,,YELLOW,
2026-09-02,NEE,0,82.93,CAUTION,80.97,85.1,86.065,14.58,WHITE,0,4,0,BREAKDOWN,0,0,0,1,17,fails,0,G2 trend;G3 leader;G4 basis,F:2/3,,shadow-screen,,YELLOW,
2026-09-02,NET,0,285.51,ACCUMULATE,278.62,292.84,198.309,81.36,RED,4,21,1,BREAKOUT,0,0,0,1,72,fails,0,G3 leader,F:2/2,14,owner-request,13,YELLOW,11
2026-09-02,NFLX,0,80.81,CAUTION,79.94,84.02,73.72,48.12,WHITE,0,42,0,BREAKDOWN,0,0,0,1,18,fails,0,G2 trend;G3 leader,F:2/3,,owner-request,,RED,
2026-09-02,NKE,0,38.12,CAUTION,,,42.0863,0,WHITE,0,48,0,BREAKDOWN,0,1,0,0,17,fails,0,G2 trend;G3 leader;G4 basis,F:2/3,,shadow-screen,,YELLOW,
2026-09-02,NOK,0,9.93,PULLBACK,9.22,9.69,10.3764,31.48,AMBER,2,3,1,BREAKDOWN,0,0,0,0,52,fails,0,G2 trend;G4 basis,F:1/1,,owner-request,,NEUTRAL,
2026-09-02,NOW,0,142.9,HOLD,124.42,130.77,102.561,91.9,RED,4,2,1,BREAKOUT,0,0,0,0,58,fails,0,G3 leader,F:2/3,,owner-request,,RED,
2026-09-02,NTDOY,0,13.99,BOTTOMING,13.49,14.18,11.0218,78.49,WHITE,1,39,0,BREAKOUT,0,0,0,1,30,fails,0,G2 trend;G3 leader,F:—,,owner-request,,NEUTRAL,
2026-09-02,NVDA,1,217.44,ACCUMULATE,214.3,225.23,211.146,81.49,RED,4,10,1,INSIDE,0,0,0,1,50,fails,0,G1 size;G3 leader,F:3/3,15,holding,14,YELLOW,23
2026-09-02,NVO,0,45.12,CAUTION,40.42,42.48,46.894,41.18,WHITE,0,6,0,BREAKDOWN,0,0,0,0,22,fails,0,G2 trend;G3 leader;G4 basis,F:—,,owner-request,,YELLOW,
2026-09-02,NXPI,0,222.4,CAUTION,189.7,199.38,224.755,18.5,WHITE,0,3,0,INSIDE,0,0,0,0,22,fails,0,G2 trend;G3 leader;G4 basis,F:1/2,,shadow-screen,,NEUTRAL,
2026-09-02,ON,0,72.65,CAUTION,70.72,74.32,81.6815,29.13,WHITE,1,1,0,INSIDE,0,0,0,1,32,fails,0,G2 trend;G4 basis,F:2/3,,shadow-screen,,NEUTRAL,
2026-09-02,ONDS,0,7.04,CAUTION,6.6,6.94,8.8575,11.36,WHITE,0,9,0,BREAKDOWN,0,0,1,0,17,fails,0,G2 trend;G3 leader;G4 basis,F:1/3,,owner-request,,YELLOW,
2026-09-02,ONON,0,27.73,CAUTION,,,31.0357,0.02,WHITE,0,27,0,BREAKDOWN,0,1,0,0,20,fails,0,G2 trend;G3 leader;G4 basis,F:1/1,,owner-request,,YELLOW,
2026-09-02,ORCL,0,141.32,CAUTION,128.21,134.75,145.075,24.04,WHITE,0,11,0,BREAKDOWN,0,0,0,0,9,fails,0,G2 trend;G3 leader;G4 basis,F:3/3,,owner-request,,NEUTRAL,
2026-09-02,OSCR,0,29.83,HOLD,28.38,29.82,13.468,82.64,RED,3,18,1,,0,0,0,0,75,CONVICTION,1,,F:2/2,,owner-request,,YELLOW,
2026-09-02,OUST,0,33.26,CAUTION,33.2,34.89,45.1525,35.91,AMBER,2,1,0,BREAKDOWN,0,0,0,1,25,fails,0,G2 trend;G3 leader;G4 basis,F:1/3,,owner-request,,YELLOW,
2026-09-02,P,0,93.78,ACCUMULATE,91.71,96.39,74.1427,80.76,RED,4,7,1,,0,0,0,1,60,fails,0,G3 leader,F:3/3,20,owner-request,16,YELLOW,13
2026-09-02,PANW,0,362.09,ACCUMULATE,348.78,366.57,167.327,89.97,RED,4,17,1,,1,0,1,1,73,STARTER,1,,F:2/3,8,owner-request,4,YELLOW,6
2026-09-02,PEP,0,139.79,CAUTION,134.95,141.83,142.322,25.11,WHITE,0,15,0,INSIDE,0,0,0,0,22,fails,0,G2 trend;G3 leader;G4 basis,F:2/3,,shadow-screen,,YELLOW,
2026-09-02,PFE,0,28.55,HOLD,24.67,25.92,25.169,97.17,RED,4,3,1,,0,0,0,0,47,fails,0,G3 leader,F:2/3,,shadow-screen,,RED,
2026-09-02,PG,0,146.21,BOTTOMING,140.91,148.09,143.781,51.2,WHITE,0,7,0,BREAKOUT,0,1,0,1,32,fails,0,G2 trend;G3 leader,F:2/3,,shadow-screen,,RED,
2026-09-02,PL,0,19.26,CAUTION,12.48,13.11,22.7495,13.21,WHITE,0,6,0,BREAKDOWN,0,0,0,0,40,fails,0,G2 trend;G4 basis,F:2/2,,owner-request,,YELLOW,
2026-09-02,PLTR,1,179.92,ACCUMULATE,171.26,180,134.44,91.91,RED,4,3,1,BREAKOUT,0,0,0,1,50,fails,0,G1 size;G3 leader,F:2/2,21,holding,17,NEUTRAL,20
2026-09-02,QCOM,0,166.61,CAUTION,160.91,169.12,164.19,39.75,WHITE,1,6,0,INSIDE,0,0,0,1,23,fails,0,G2 trend;G3 leader,F:3/3,,owner-request,,RED,
2026-09-02,QQQ,0,707.64,ACCUMULATE,679.17,713.82,717.751,63.23,RED,3,22,1,BREAKDOWN,0,0,0,0,40,fails,0,G1 size;G3 leader;G4 basis,F:—,16,owner-request,29,YELLOW,25
2026-09-02,QQQM,1,291.4,HOLD,271.29,285.13,295.486,60.23,RED,3,22,1,BREAKDOWN,0,0,0,0,47,fails,0,G3 leader;G4 basis,F:—,,holding,,YELLOW,
2026-09-02,RBLX,0,40.67,BOTTOMING,36.49,38.35,37.2302,30.61,WHITE,0,39,0,BREAKOUT,0,0,0,0,35,fails,0,G2 trend;G3 leader,F:2/2,,owner-request,,RED,
2026-09-02,RBRK,0,88.4,ACCUMULATE,85.93,90.32,71.1089,76.66,RED,4,14,1,BREAKOUT,0,0,0,0,80,fails,0,G3 leader,F:2/2,30,owner-request,32,YELLOW,10
2026-09-02,RDDT,0,144.64,CAUTION,121.85,128.06,169.36,15.5,WHITE,0,6,0,BREAKDOWN,0,0,0,0,22,fails,0,G2 trend;G3 leader;G4 basis,F:2/2,,owner-request,,YELLOW,
2026-09-02,RKLB,0,62.54,CAUTION,46.17,48.53,68.0144,13.14,WHITE,0,4,0,INSIDE,0,0,0,0,22,fails,0,G2 trend;G3 leader;G4 basis,F:1/3,,owner-request,,YELLOW,
2026-09-02,RTX,0,205.16,HOLD,191.96,201.75,176.086,70.85,RED,4,12,1,BREAKDOWN,0,0,0,0,52,fails,0,G3 leader,F:2/3,,shadow-screen,,YELLOW,
2026-09-02,SATL,0,4.6,CAUTION,4.43,4.66,5.7825,29.18,WHITE,1,2,0,BREAKDOWN,0,0,0,0,25,fails,0,G2 trend;G3 leader;G4 basis,F:1/2,,owner-request,,YELLOW,
2026-09-02,SCHW,0,108.28,ACCUMULATE,105.71,111.1,92.2225,89.38,RED,4,9,1,BREAKDOWN,0,0,0,1,57,fails,0,G3 leader,F:3/3,,shadow-screen,,YELLOW,
2026-09-02,SE,0,112.65,ACCUMULATE,112.41,118.15,89.3319,62.4,RED,3,4,1,BREAKDOWN,0,0,0,1,52,fails,0,G3 leader,F:2/2,34,owner-request,27,YELLOW,33
2026-09-02,SHOP,0,139.82,ACCUMULATE,133.87,140.7,119.427,71.12,RED,4,4,1,BREAKDOWN,0,0,0,0,52,fails,0,G3 leader,F:2/2,31,owner-request,33,YELLOW,26
2026-09-02,SMCI,0,36.71,ACCUMULATE,36.03,37.87,30.7939,71.62,RED,4,3,1,BREAKOUT,1,0,1,1,48,fails,0,G3 leader,F:3/3,,shadow-screen,,YELLOW,
2026-09-02,SMH,0,545.22,HOLD,516.65,543.01,566.418,41.95,RED,3,65,1,BREAKDOWN,0,0,0,0,54,fails,0,G4 basis,F:—,,owner-request,,YELLOW,
2026-09-02,SNDK,1,1536.87,HOLD,1461.81,1536.39,638.592,70.9,RED,3,64,1,,0,0,0,0,70,fails,0,G1 size,F:3/3,,holding,,RED,
2026-09-02,SNOW,0,319.8,HOLD,261.89,275.25,237.448,90.62,RED,4,13,1,INSIDE,0,0,1,0,62,fails,0,G3 leader,F:3/3,,owner-request,,YELLOW,
2026-09-02,SOFI,0,17.05,CAUTION,15.9,16.72,18.3663,32.1,WHITE,0,29,0,BREAKDOWN,0,0,0,0,17,fails,0,G2 trend;G3 leader;G4 basis,F:3/3,,owner-request,,YELLOW,
2026-09-02,SPCX,0,142.23,CAUTION,138.74,145.82,141.576,55.4,WHITE,0,9,0,,0,0,0,0,15,fails,0,G1 size;G2 trend;G3 leader;G5 data,F:—,,owner-request,,RED,
2026-09-02,STX,0,816.64,ACCUMULATE,794.94,835.5,866.044,54.13,RED,3,68,1,INSIDE,1,0,1,1,69,fails,0,G4 basis,F:3/3,,shadow-screen,,YELLOW,
2026-09-02,T,0,26,PULLBACK,25.52,26.82,23.3142,78.75,AMBER,2,3,1,INSIDE,0,0,0,1,42,fails,0,G2 trend;G3 leader,F:2/3,,shadow-screen,,RED,
2026-09-02,TE,0,4.28,CAUTION,3.97,4.17,5.9194,8.21,WHITE,0,6,0,INSIDE,0,0,0,0,45,fails,0,G2 trend;G4 basis,F:2/3,,owner-request,,NEUTRAL,
2026-09-02,TEAM,0,187.03,ACCUMULATE,185.7,195.17,86.2643,95.82,RED,4,4,1,BREAKOUT,0,0,0,1,67,fails,0,G3 leader,F:2/2,25,owner-request,21,RED,7
2026-09-02,TER,0,335.46,PULLBACK,310.95,326.81,359.509,36.31,AMBER,2,1,1,BREAKDOWN,0,0,0,0,47,fails,0,G2 trend;G4 basis,F:2/3,,shadow-screen,,YELLOW,
2026-09-02,TMC,0,4.455,CAUTION,4.45,4.68,4.5407,28.86,WHITE,0,29,0,BREAKDOWN,1,0,1,1,20,fails,0,G2 trend;G3 leader;G4 basis,F:1/2,,owner-request,,NEUTRAL,
2026-09-02,TMDX,0,82.24,CAUTION,78.83,82.85,74.8559,54.46,WHITE,0,24,0,BREAKDOWN,0,0,0,0,25,fails,0,G2 trend;G3 leader,F:3/3,,owner-request,,YELLOW,
2026-09-02,TMO,0,600.5,HOLD,566.35,595.25,472.719,87.19,RED,4,7,1,BREAKOUT,0,0,0,0,57,fails,0,G3 leader,F:2/3,,shadow-screen,,YELLOW,
2026-09-02,TMUS,0,182.16,CAUTION,178.79,187.91,182.438,28.08,WHITE,0,51,0,INSIDE,0,0,0,1,22,fails,0,G2 trend;G3 leader;G4 basis,F:2/3,,shadow-screen,,RED,
2026-09-02,TOST,0,33.59,ACCUMULATE,32.28,33.93,28.1072,71.19,RED,4,5,1,BREAKDOWN,0,0,0,0,55,fails,0,G3 leader,F:2/2,33,owner-request,34,YELLOW,22
2026-09-02,TSLA,1,356.09,BOTTOMING,344.57,362.15,397.921,30.19,WHITE,0,11,0,BREAKOUT,0,0,0,1,15,fails,0,G1 size;G2 trend;G3 leader;G4 basis,F:1/3,,holding,,RED,
2026-09-02,TSM,1,414,HOLD,361.49,379.93,417.813,58.28,RED,3,66,1,BREAKDOWN,0,0,0,0,49,fails,0,G4 basis,F:3/3,,holding,,YELLOW,
2026-09-02,TXN,0,253.34,PULLBACK,215.34,226.32,279.718,33.12,AMBER,2,1,1,BREAKDOWN,0,0,0,0,23,fails,0,G2 trend;G3 leader;G4 basis,F:3/3,,shadow-screen,,YELLOW,
2026-09-02,UBER,0,75.24,BOTTOMING,72.8,76.51,74.2829,60.12,WHITE,0,38,0,BREAKOUT,0,0,0,0,37,fails,0,G2 trend;G3 leader,F:3/3,,owner-request,,YELLOW,
2026-09-02,UNH,0,396.3,ACCUMULATE,386.81,406.54,394.702,65.5,RED,3,18,1,BREAKDOWN,0,0,0,1,58,fails,0,G3 leader,F:3/3,,shadow-screen,,RED,
2026-09-02,V,0,372.67,ACCUMULATE,354.6,372.69,330.19,94.1,RED,4,10,1,INSIDE,0,0,0,1,58,fails,0,G3 leader,F:0/1,23,owner-request,19,NEUTRAL,27
2026-09-02,VRT,0,255.97,PULLBACK,237.08,249.18,263.63,37.07,AMBER,2,3,1,BREAKDOWN,0,0,0,0,42,fails,0,G2 trend;G4 basis,F:3/3,,owner-request,,YELLOW,
2026-09-02,VZ,0,50.3,ACCUMULATE,49.32,51.84,47.3705,92.83,RED,4,5,1,INSIDE,0,0,0,1,57,fails,0,G3 leader,F:2/3,,shadow-screen,,RED,
2026-09-02,WDC,0,450.44,ACCUMULATE,431.52,453.53,459.758,48.08,RED,3,66,1,INSIDE,0,0,0,1,69,fails,0,G4 basis,F:3/3,,shadow-screen,,NEUTRAL,
2026-09-02,WFC,0,87.04,ACCUMULATE,85.34,89.69,87.0812,71.5,RED,3,9,1,BREAKDOWN,0,0,0,1,52,fails,0,G3 leader;G4 basis,F:2/3,,shadow-screen,,NEUTRAL,
2026-09-02,WMT,0,105.92,CAUTION,103.04,108.29,114.745,19.45,WHITE,0,9,0,BREAKDOWN,1,1,0,1,13,fails,0,G2 trend;G3 leader;G4 basis,F:2/3,,shadow-screen,,YELLOW,
2026-09-02,XOM,0,164.55,ACCUMULATE,161.29,169.52,153.263,92.89,RED,4,8,1,BREAKOUT,0,0,0,1,63,STARTER,1,,F:—,,shadow-screen,,NEUTRAL,
2026-09-02,ZETA,0,31.56,HOLD,28.38,29.83,18.4446,99.64,RED,4,15,1,BREAKOUT,0,0,0,0,80,CONVICTION,1,,F:2/2,,owner-request,,RED,
2026-09-02,ZS,0,178.37,CAUTION,174.78,183.7,146.806,79.59,WHITE,1,39,1,,0,0,0,1,40,fails,0,G2 trend;G3 leader,F:3/3,,owner-request,,YELLOW,
2026-09-03,0700,0,436.4,CAUTION,372.59,391.6,441.993,10.47,WHITE,0,29,0,BREAKDOWN,0,0,0,0,5,fails,0,G1 size;G2 trend;G3 leader;G4 basis,F:—,,owner-request,,YELLOW,
2026-09-03,1810,0,27.22,BOTTOMING,25.72,27.03,28.0161,30.82,WHITE,0,47,0,BREAKOUT,0,0,0,0,19,fails,0,G2 trend;G3 leader;G4 basis,F:—,,owner-request,,YELLOW,
2026-09-03,3690,0,77.55,CAUTION,76.32,80.22,77.8804,16.2,WHITE,0,72,0,,1,1,0,1,9,fails,0,G2 trend;G3 leader;G4 basis,F:—,,owner-request,,YELLOW,
2026-09-03,9992,1,153.4,CAUTION,151.17,158.89,154.259,18.61,WHITE,0,27,0,INSIDE,1,1,0,1,18,fails,0,G2 trend;G3 leader;G4 basis,F:—,,holding,,NEUTRAL,
2026-09-03,AAL,0,13.11,CAUTION,11.89,12.5,15.1365,23.46,WHITE,1,3,0,BREAKDOWN,0,0,0,0,17,fails,0,G2 trend;G3 leader;G4 basis,F:2/3,,shadow-screen,,YELLOW,
2026-09-03,AAOI,0,103.13,PULLBACK,101,106.16,134.022,26.43,AMBER,2,2,1,BREAKDOWN,0,0,0,1,47,fails,0,G2 trend;G4 basis,F:1/3,,owner-request,,YELLOW,
2026-09-03,AAPL,1,324.96,ACCUMULATE,313.38,329.37,310.592,90.48,RED,3,23,1,BREAKOUT,0,0,0,1,70,fails,0,G1 size,F:2/3,14,holding,15,RED,21
2026-09-03,ABBV,0,261.72,ACCUMULATE,257.49,270.63,249.255,94.56,RED,4,13,1,BREAKOUT,0,0,0,1,67,fails,0,G3 leader,F:2/3,,shadow-screen,,NEUTRAL,
2026-09-03,ABCL,0,11.36,HOLD,10.75,11.3,4.0517,92.4,RED,4,19,1,INSIDE,0,0,1,0,85,CONVICTION,1,,F:2/3,,owner-request,,YELLOW,
2026-09-03,ABT,0,110.47,ACCUMULATE,108.31,113.83,88.7909,75.3,RED,4,3,1,BREAKDOWN,0,0,0,1,52,fails,0,G3 leader,F:2/2,,shadow-screen,,YELLOW,
2026-09-03,ACN,0,187.68,CAUTION,182.99,192.32,126.877,70.16,WHITE,1,32,0,INSIDE,0,0,0,1,32,fails,0,G2 trend;G3 leader,F:1/2,,shadow-screen,,NEUTRAL,
2026-09-03,ADBE,0,279.79,BOTTOMING,263.28,276.72,251.675,80.94,WHITE,1,91,1,BREAKOUT,0,0,0,0,47,fails,0,G2 trend;G3 leader,F:3/3,,owner-request,,RED,
2026-09-03,ADI,0,355.71,PULLBACK,343.86,361.41,376.915,30.29,AMBER,2,2,1,BREAKDOWN,0,0,0,1,37,fails,0,G2 trend;G4 basis,F:3/3,,shadow-screen,,YELLOW,
2026-09-03,AEHR,0,80.24,HOLD,70.11,73.69,97.4165,40.57,RED,3,62,1,BREAKDOWN,0,1,0,0,70,fails,0,G4 basis,F:1/3,,owner-request,,YELLOW,
2026-09-03,AFRM,0,74.09,ACCUMULATE,72.26,75.94,76.5321,63.56,RED,4,15,1,BREAKDOWN,1,1,0,1,60,fails,0,G3 leader;G4 basis,F:2/2,31,owner-request,3,YELLOW,14
2026-09-03,ALAB,0,274.13,HOLD,188.71,198.34,123.076,49.72,RED,3,20,1,BREAKDOWN,0,0,0,0,67,STARTER,1,,F:3/3,,owner-request,,YELLOW,
2026-09-03,AMAT,0,438.46,PULLBACK,432.78,454.86,541.891,39.28,AMBER,2,1,1,BREAKDOWN,0,0,0,1,44,fails,0,G2 trend;G4 basis,F:2/3,,owner-request,,YELLOW,
2026-09-03,AMD,1,457.06,ACCUMULATE,449.64,472.58,215.827,57.47,RED,3,25,1,INSIDE,0,0,0,1,70,fails,0,G1 size,F:3/3,8,holding,9,YELLOW,6
2026-09-03,AMZN,1,254.98,ACCUMULATE,248.69,261.38,262.336,66.28,RED,4,6,1,BREAKDOWN,0,0,0,1,35,fails,0,G1 size;G3 leader;G4 basis,F:3/3,22,holding,20,YELLOW,26
2026-09-03,ANET,0,186.1,HOLD,170.28,178.96,143.099,81.63,RED,4,21,1,BREAKDOWN,0,0,0,0,57,fails,0,G3 leader,F:3/3,,owner-request,,YELLOW,
2026-09-03,APH,0,80.04,ACCUMULATE,77.52,81.48,79.1067,78.9,RED,3,15,1,INSIDE,0,0,0,1,72,STARTER,1,,F:3/3,,shadow-screen,,YELLOW,
2026-09-03,APP,1,319.05,CAUTION,306.68,322.32,312.934,13.28,WHITE,0,8,0,INSIDE,0,0,0,1,23,fails,0,G2 trend;G3 leader,F:2/2,,holding,,RED,
2026-09-03,ARM,1,234.86,PULLBACK,229.68,241.4,210.673,45.41,AMBER,2,1,1,BREAKDOWN,0,0,0,1,52,fails,0,G2 trend,F:3/3,,holding,,YELLOW,
2026-09-03,ASML,0,1682.3,ACCUMULATE,1645.83,1729.8,1761.26,56.14,RED,3,55,1,BREAKDOWN,0,0,0,1,68,fails,0,G4 basis,F:1/1,9,owner-request,10,YELLOW,20
2026-09-03,ASTS,0,62.4,BOTTOMING,56.32,59.2,69.5636,20.74,WHITE,0,8,0,BREAKOUT,0,0,0,0,27,fails,0,G2 trend;G3 leader;G4 basis,F:0/2,,owner-request,,NEUTRAL,
2026-09-03,AVGO,0,367.24,PULLBACK,361.03,379.45,368.4,39.09,AMBER,2,3,1,BREAKOUT,0,0,0,1,25,fails,0,G1 size;G2 trend;G3 leader;G4 basis,F:3/3,,owner-request,,YELLOW,
2026-09-03,AXON,0,506.98,CAUTION,490.92,515.97,393.819,45.13,RED,3,5,0,,0,0,0,1,32,fails,0,G2 trend;G3 leader,F:3/3,,owner-request,,YELLOW,
2026-09-03,AXP,0,329.98,PULLBACK,307.38,323.06,341.473,42.05,AMBER,2,1,1,INSIDE,0,0,0,0,32,fails,0,G2 trend;G3 leader;G4 basis,F:2/3,,shadow-screen,,YELLOW,
2026-09-03,AXTI,0,56.95,PULLBACK,55.04,57.85,64.4517,30.4,AMBER,2,2,1,BREAKDOWN,0,0,0,1,52,fails,0,G2 trend;G4 basis,F:0/3,,owner-request,,YELLOW,
2026-09-03,AZO,0,2934.52,CAUTION,2713.16,2851.59,3080.45,0.62,WHITE,0,29,0,BREAKDOWN,0,0,0,0,17,fails,0,G2 trend;G3 leader;G4 basis,F:2/3,,shadow-screen,,YELLOW,
2026-09-03,BA,0,208.87,CAUTION,195.94,205.94,216.677,18.9,WHITE,0,3,0,INSIDE,0,0,0,0,22,fails,0,G2 trend;G3 leader;G4 basis,F:2/3,,shadow-screen,,YELLOW,
2026-09-03,BAC,0,62.6,ACCUMULATE,60.8,63.9,62.042,89.58,RED,4,14,1,BREAKDOWN,0,0,0,1,58,fails,0,G3 leader,F:2/3,,shadow-screen,,NEUTRAL,
2026-09-03,BB,0,7.61,HOLD,6.08,6.39,8.9098,32.97,RED,3,20,1,BREAKDOWN,0,0,0,0,65,fails,0,G4 basis,F:2/3,,owner-request,,YELLOW,
2026-09-03,BE,0,217.28,ACCUMULATE,208.45,219.09,212.704,53.8,RED,3,2,1,INSIDE,0,0,0,1,73,STARTER,1,,F:0/1,,shadow-screen,,RED,
2026-09-03,BKNG,0,199.6,ACCUMULATE,195.11,205.06,168.127,74.52,RED,4,5,1,BREAKDOWN,0,0,0,1,52,fails,0,G3 leader,F:2/3,,shadow-screen,,YELLOW,
2026-09-03,BSX,0,48.37,BOTTOMING,47.36,49.78,44.6055,41.68,WHITE,0,40,0,BREAKOUT,0,0,0,1,32,fails,0,G2 trend;G3 leader,F:3/3,,shadow-screen,,YELLOW,
2026-09-03,C,0,134.34,ACCUMULATE,130.21,136.85,132.864,72.57,RED,3,25,1,BREAKOUT,0,0,0,1,82,CONVICTION,1,,F:2/3,,shadow-screen,,NEUTRAL,
2026-09-03,CAT,0,792.28,PULLBACK,772.43,811.84,887.084,33.82,AMBER,2,1,1,BREAKDOWN,0,0,0,1,38,fails,0,G2 trend;G4 basis,F:2/3,,shadow-screen,,YELLOW,
2026-09-03,CAVA,0,61.79,CAUTION,51.3,53.92,63.1027,9.91,WHITE,1,7,0,BREAKDOWN,0,0,0,0,25,fails,0,G2 trend;G3 leader;G4 basis,F:3/3,,owner-request,,YELLOW,
2026-09-03,CBRS,0,184.52,CAUTION,176.93,185.96,180.544,20.1,WHITE,0,17,0,INSIDE,1,0,1,1,28,fails,0,G2 trend;G3 leader;G5 data,F:—,,shadow-screen,,YELLOW,
2026-09-03,CDE,0,21.42,ACCUMULATE,20.59,21.64,16.2809,89,RED,3,2,1,BREAKOUT,0,0,0,1,72,STARTER,1,,F:2/3,13,owner-request,14,NEUTRAL,32
2026-09-03,CEG,0,290.04,BOTTOMING,268.27,281.96,273.749,70.74,WHITE,1,32,1,BREAKOUT,0,0,0,0,47,fails,0,G2 trend;G3 leader,F:2/3,,shadow-screen,,RED,
2026-09-03,CIEN,0,354.16,CAUTION,348.29,366.06,440.28,31.23,AMBER,2,3,0,BREAKDOWN,0,0,0,1,37,fails,0,G2 trend;G4 basis,F:3/3,,shadow-screen,,YELLOW,
2026-09-03,CIFR,0,15.18,CAUTION,6.09,6.4,16.8729,18.82,WHITE,0,2,0,INSIDE,0,1,0,0,37,fails,0,G2 trend;G4 basis,F:2/3,,owner-request,,NEUTRAL,
2026-09-03,COHR,0,268.64,PULLBACK,263.96,277.42,269.345,31.41,AMBER,2,3,1,INSIDE,0,0,0,1,48,fails,0,G2 trend;G4 basis,F:2/3,,shadow-screen,,YELLOW,
2026-09-03,COIN,0,174.96,BOTTOMING,167.55,176.1,150.316,47.07,WHITE,0,40,0,BREAKOUT,0,0,0,1,28,fails,0,G2 trend;G3 leader,F:1/2,,owner-request,,NEUTRAL,
2026-09-03,COST,0,928.48,CAUTION,863.26,907.3,949.877,18.66,WHITE,0,9,0,BREAKDOWN,0,0,0,0,13,fails,0,G2 trend;G3 leader;G4 basis,F:2/3,,owner-request,,YELLOW,
2026-09-03,CRCL,0,88.64,CAUTION,88.57,93.09,63.3924,56.53,AMBER,2,2,0,BREAKDOWN,0,0,0,1,27,fails,0,G2 trend;G3 leader,F:2/2,,shadow-screen,,RED,
2026-09-03,CRDO,0,165.22,CAUTION,158.47,166.55,242.094,30.83,AMBER,2,1,0,BREAKDOWN,0,0,0,1,22,fails,0,G2 trend;G3 leader;G4 basis,F:3/3,,owner-request,,YELLOW,
2026-09-03,CRM,0,256.93,ACCUMULATE,253.62,266.56,185.994,92.75,RED,4,2,1,BREAKOUT,0,0,0,1,59,fails,0,G3 leader,F:2/3,26,owner-request,23,RED,15
2026-09-03,CRWD,0,203.42,HOLD,185.3,194.75,102.998,84.24,RED,4,17,1,BREAKDOWN,0,1,0,0,68,STARTER,1,,F:1/2,,owner-request,,NEUTRAL,
2026-09-03,CRWV,0,80.93,CAUTION,76.09,79.97,89.1533,20.68,WHITE,0,3,0,BREAKDOWN,0,0,0,0,18,fails,0,G2 trend;G3 leader;G4 basis,F:2/2,,owner-request,,YELLOW,
2026-09-03,CSCO,0,109.46,HOLD,89.92,94.5,112.398,42.11,RED,3,71,1,INSIDE,0,0,0,0,58,fails,0,G4 basis,F:2/3,,shadow-screen,,YELLOW,
2026-09-03,CSPX,1,824.96,ACCUMULATE,788.92,829.17,805.023,85.82,RED,3,22,1,BREAKDOWN,0,0,0,0,60,fails,0,G3 leader,F:—,21,holding,30,YELLOW,30
2026-09-03,CVX,0,211.78,ACCUMULATE,201.99,212.29,189.924,99.38,RED,4,8,1,BREAKOUT,0,0,0,1,63,fails,0,G3 leader,F:1/3,,shadow-screen,,RED,
2026-09-03,CYPH,0,1.68,ACCUMULATE,1.74,1.83,0.7405,66.74,RED,4,2,1,BREAKOUT,1,0,1,1,80,CONVICTION,1,,F:1/3,4,owner-request,2,RED,5
2026-09-03,D05,0,78.48,HOLD,74.33,78.12,57.5956,100,RED,4,72,1,,0,0,0,0,70,STARTER,1,,F:—,,owner-request,,NEUTRAL,
2026-09-03,DDOG,1,209.23,HOLD,140.42,147.59,125.934,45.97,RED,3,18,1,BREAKDOWN,0,0,0,0,62,STARTER,1,,F:2/2,,holding,,YELLOW,
2026-09-03,DELL,0,492.2,HOLD,454.61,477.8,119.097,98.7,RED,4,27,1,BREAKOUT,0,0,0,0,79,CONVICTION,1,,F:2/2,,owner-request,,NEUTRAL,
2026-09-03,DRAM,1,56.21,CAUTION,55.14,57.96,54.43,47.24,AMBER,2,7,0,INSIDE,1,0,1,1,48,fails,0,G2 trend;G5 data,F:—,,holding,,RED,
2026-09-03,DUOL,0,157.85,PULLBACK,156.22,164.19,98.8507,82.82,AMBER,2,1,1,BREAKOUT,0,0,0,1,55,fails,0,G2 trend;G3 leader,F:2/2,,owner-request,,RED,
2026-09-03,ETHA,0,18.05,BOTTOMING,17.83,18.74,14.3238,67.67,WHITE,1,40,1,BREAKOUT,0,0,0,1,52,fails,0,G2 trend;G3 leader,F:1/2,,owner-request,,RED,
2026-09-03,ETN,0,390.85,PULLBACK,371.18,390.12,402.456,43.43,AMBER,2,1,1,BREAKDOWN,0,0,0,0,27,fails,0,G2 trend;G3 leader;G4 basis,F:3/3,,shadow-screen,,YELLOW,
2026-09-03,FCX,0,73.93,HOLD,68.45,71.94,61.991,91.12,RED,4,7,1,BREAKOUT,0,0,0,0,67,STARTER,1,,F:2/3,,shadow-screen,,NEUTRAL,
2026-09-03,GE,0,329.5,PULLBACK,313.6,329.6,284.854,56.5,AMBER,2,1,1,BREAKDOWN,0,0,0,0,32,fails,0,G2 trend;G3 leader,F:3/3,,shadow-screen,,YELLOW,
2026-09-03,GEV,0,921.94,PULLBACK,876.29,921,1065.33,40.64,AMBER,2,1,1,BREAKDOWN,0,1,0,0,38,fails,0,G2 trend;G4 basis,F:2/3,,shadow-screen,,YELLOW,
2026-09-03,GLW,0,144.13,CAUTION,142.53,149.8,157.764,30.34,AMBER,2,3,0,BREAKDOWN,0,0,0,1,32,fails,0,G2 trend;G4 basis,F:1/1,,shadow-screen,,YELLOW,
2026-09-03,GOOG,1,333.78,PULLBACK,313.8,329.81,341.604,40.65,AMBER,2,1,1,BREAKDOWN,0,0,0,0,25,fails,0,G1 size;G2 trend;G4 basis,F:2/2,,holding,,YELLOW,
2026-09-03,GOOGL,0,337.12,PULLBACK,311.45,327.34,344.911,44.18,AMBER,2,1,1,BREAKDOWN,0,0,0,0,25,fails,0,G1 size;G2 trend;G4 basis,F:2/2,,owner-request,,YELLOW,
2026-09-03,GRAB,0,3.53,CAUTION,3.55,3.73,3.6237,31.96,WHITE,0,35,0,INSIDE,1,0,1,1,25,fails,0,G2 trend;G3 leader;G4 basis,F:2/2,,owner-request,,YELLOW,
2026-09-03,GS,0,1004.42,HOLD,912.68,959.24,1040.82,50.61,RED,3,23,1,BREAKDOWN,0,0,0,0,38,fails,0,G3 leader;G4 basis,F:2/2,,shadow-screen,,YELLOW,
2026-09-03,HD,0,318.51,CAUTION,305.63,321.22,336.64,13.66,WHITE,0,27,0,BREAKDOWN,0,0,0,0,17,fails,0,G2 trend;G3 leader;G4 basis,F:2/3,,shadow-screen,,YELLOW,
2026-09-03,HIMS,0,28.68,CAUTION,25.9,27.23,29.3603,45.66,RED,3,3,0,BREAKDOWN,0,0,0,0,35,fails,0,G2 trend;G3 leader;G4 basis,F:2/2,,owner-request,,YELLOW,
2026-09-03,HON,0,206.07,CAUTION,202.39,212.72,224.045,5.43,WHITE,0,2,0,BREAKDOWN,0,0,0,1,17,fails,0,G2 trend;G3 leader;G4 basis,F:2/3,,shadow-screen,,YELLOW,
2026-09-03,HOOD,1,106.99,ACCUMULATE,103.35,108.62,76.046,77.5,RED,4,5,1,BREAKOUT,0,0,0,1,63,fails,0,G3 leader,F:2/2,25,holding,22,RED,16
2026-09-03,IBIT,0,43.79,BOTTOMING,42.93,45.12,36.3375,63.04,WHITE,1,42,1,BREAKOUT,0,0,0,1,48,fails,0,G2 trend;G3 leader,F:1/2,,owner-request,,RED,
2026-09-03,IBM,0,231.7,CAUTION,228.83,240.5,233.497,39.21,WHITE,0,8,0,INSIDE,0,0,0,1,22,fails,0,G2 trend;G3 leader;G4 basis,F:2/3,,shadow-screen,,NEUTRAL,
2026-09-03,ICE,0,157.85,PULLBACK,152.24,160.01,155.347,67.82,AMBER,2,1,1,BREAKOUT,0,0,0,0,47,fails,0,G2 trend;G3 leader,F:2/3,,owner-request,,YELLOW,
2026-09-03,IGV,0,103.42,ACCUMULATE,100.28,105.4,92.8767,85.12,RED,4,5,1,INSIDE,0,0,0,1,57,fails,0,G3 leader,F:—,30,owner-request,26,YELLOW,24
2026-09-03,INTC,0,90.05,ACCUMULATE,89.1,93.65,90.9195,43.08,RED,3,55,1,INSIDE,0,0,0,1,65,fails,0,G1 size;G4 basis,F:1/3,5,owner-request,6,YELLOW,10
2026-09-03,INTU,0,342.94,CAUTION,305.04,320.6,311.263,55.08,WHITE,0,48,0,BREAKDOWN,0,0,0,0,22,fails,0,G2 trend;G3 leader,F:3/3,,shadow-screen,,YELLOW,
2026-09-03,IONQ,0,37.64,BOTTOMING,36.63,38.5,40.78,22.64,WHITE,0,8,0,BREAKOUT,0,0,0,1,27,fails,0,G2 trend;G3 leader;G4 basis,F:1/3,,shadow-screen,,YELLOW,
2026-09-03,IOT,0,36.79,ACCUMULATE,36.42,38.28,39.3938,63.06,RED,4,6,1,BREAKDOWN,0,0,0,0,55,fails,0,G3 leader;G4 basis,F:2/2,27,owner-request,32,YELLOW,18
2026-09-03,IREN,0,39.6,CAUTION,36,37.83,41.1573,26.62,WHITE,0,8,0,BREAKDOWN,0,0,0,0,13,fails,0,G2 trend;G3 leader;G4 basis,F:2/2,,owner-request,,NEUTRAL,
2026-09-03,ISRG,0,371.88,CAUTION,363.37,381.91,403.484,23.11,WHITE,0,31,0,BREAKDOWN,0,0,0,1,17,fails,0,G2 trend;G3 leader;G4 basis,F:3/3,,shadow-screen,,YELLOW,
2026-09-03,IWM,0,294.01,ACCUMULATE,279.74,294.01,298.603,78.05,RED,3,23,1,BREAKDOWN,0,0,0,0,40,fails,0,G1 size;G3 leader;G4 basis,F:—,17,owner-request,28,YELLOW,29
2026-09-03,JNJ,0,275.21,HOLD,261.12,274.44,230.179,98.82,RED,4,60,1,BREAKOUT,0,0,0,0,68,STARTER,1,,F:2/3,,shadow-screen,,RED,
2026-09-03,JPM,0,356.22,ACCUMULATE,349.42,367.25,310.141,88.18,RED,4,14,1,BREAKDOWN,0,0,0,1,53,fails,0,G3 leader,F:2/3,20,owner-request,19,NEUTRAL,25
2026-09-03,KLAC,0,172.26,CAUTION,143.27,150.58,181.489,32.7,AMBER,2,3,0,BREAKDOWN,0,0,0,0,28,fails,0,G2 trend;G4 basis,F:2/3,,owner-request,,YELLOW,
2026-09-03,KO,0,88.24,ACCUMULATE,85.46,89.82,81.4021,87.85,RED,4,35,1,BREAKOUT,0,0,0,1,67,fails,0,G3 leader,F:—,,shadow-screen,,YELLOW,
2026-09-03,LIN,0,487.45,PULLBACK,480.07,504.56,489.863,37.3,AMBER,2,6,1,INSIDE,0,0,0,1,32,fails,0,G2 trend;G3 leader;G4 basis,F:2/3,,shadow-screen,,RED,
2026-09-03,LITE,0,870.58,ACCUMULATE,853.81,897.37,871.238,64.73,RED,3,66,1,BREAKOUT,1,0,1,1,69,fails,0,G4 basis,F:2/3,3,owner-request,1,YELLOW,19
2026-09-03,LLY,0,1160.08,HOLD,1096.01,1151.93,1172,68,RED,3,17,1,BREAKDOWN,0,0,0,0,49,fails,0,G4 basis,F:3/3,,owner-request,,YELLOW,
2026-09-03,LMND,0,53.14,CAUTION,52.15,54.81,53.2151,27.89,WHITE,0,6,0,INSIDE,0,0,0,1,25,fails,0,G2 trend;G3 leader;G4 basis,F:2/3,,owner-request,,RED,
2026-09-03,LRCX,1,288.32,HOLD,257.9,271.06,314.235,45.56,RED,3,66,1,BREAKDOWN,0,0,0,0,63,fails,0,G4 basis,F:3/3,,holding,,YELLOW,
2026-09-03,MA,0,588.14,HOLD,556.57,584.96,494.824,93.92,RED,4,6,1,BREAKOUT,0,0,0,0,53,fails,0,G3 leader,F:3/3,,owner-request,,NEUTRAL,
2026-09-03,MCD,0,260.95,CAUTION,256.39,269.47,268.859,0.96,WHITE,0,23,0,BREAKDOWN,0,0,0,1,17,fails,0,G2 trend;G3 leader;G4 basis,F:2/3,,shadow-screen,,YELLOW,
2026-09-03,MCHP,0,72.76,CAUTION,70.09,73.66,74.5063,22.59,WHITE,0,1,0,INSIDE,0,0,0,1,22,fails,0,G2 trend;G3 leader;G4 basis,F:2/3,,shadow-screen,,YELLOW,
2026-09-03,MDB,0,375.4,HOLD,346.04,363.69,322.776,70.99,RED,4,6,1,BREAKOUT,0,0,0,0,52,fails,0,G3 leader,F:3/3,,owner-request,,YELLOW,
2026-09-03,META,0,592.85,BOTTOMING,540.32,567.89,604.457,41.72,WHITE,0,43,0,BREAKOUT,0,0,0,0,15,fails,0,G1 size;G2 trend;G3 leader;G4 basis,F:2/2,,owner-request,,RED,
2026-09-03,MPWR,0,1219.36,CAUTION,1143.45,1201.79,1319.8,25.33,AMBER,2,3,0,BREAKDOWN,0,0,0,0,27,fails,0,G2 trend;G4 basis,F:3/3,,shadow-screen,,YELLOW,
2026-09-03,MRK,0,151.64,ACCUMULATE,147.81,155.35,120.716,96.46,RED,4,44,1,,0,0,0,0,73,STARTER,1,,F:2/3,,shadow-screen,,RED,
2026-09-03,MRVL,0,206.48,ACCUMULATE,201.15,211.42,89.2744,43.97,RED,3,28,1,BREAKDOWN,0,0,0,1,65,fails,0,G1 size,F:3/3,6,owner-request,7,YELLOW,1
2026-09-03,MS,0,211.82,HOLD,197.68,207.77,215.288,62.12,RED,3,23,1,BREAKDOWN,0,0,0,0,62,fails,0,G4 basis,F:2/3,,shadow-screen,,YELLOW,
2026-09-03,MSFT,0,496.82,ACCUMULATE,487.08,511.93,394.416,87.32,RED,4,5,1,BREAKOUT,0,0,0,1,55,fails,0,G1 size;G3 leader,F:3/3,29,owner-request,25,YELLOW,22
2026-09-03,MSTR,0,123.19,CAUTION,123.31,129.6,94.9249,48.29,WHITE,0,48,0,BREAKDOWN,0,0,0,1,18,fails,0,G2 trend;G3 leader,F:0/2,,shadow-screen,,RED,
2026-09-03,MU,1,956.08,ACCUMULATE,919.51,966.42,938.275,75.08,RED,3,65,1,INSIDE,0,0,0,1,75,fails,0,G1 size,F:3/3,2,holding,5,RED,4
2026-09-03,NAK,0,1.59,CAUTION,1.44,1.51,1.9759,27,WHITE,0,9,0,BREAKDOWN,0,0,0,0,35,fails,0,G2 trend;G4 basis,F:1/1,,owner-request,,YELLOW,
2026-09-03,NBIS,1,204.09,ACCUMULATE,197.01,207.06,217.701,54.92,RED,3,31,1,INSIDE,0,0,0,1,70,fails,0,G1 size;G4 basis,F:2/2,7,holding,8,YELLOW,9
2026-09-03,NEE,0,83.1,CAUTION,80.97,85.1,86.065,16.89,WHITE,0,4,0,BREAKDOWN,0,0,0,1,17,fails,0,G2 trend;G3 leader;G4 basis,F:2/3,,shadow-screen,,YELLOW,
2026-09-03,NET,0,272.74,ACCUMULATE,268.99,282.71,198.309,72.09,RED,4,21,1,BREAKOUT,0,0,0,1,72,fails,0,G3 leader,F:2/2,16,owner-request,17,YELLOW,13
2026-09-03,NFLX,0,82.73,CAUTION,79.94,84.02,73.72,55.5,WHITE,0,42,0,BREAKDOWN,0,0,0,1,18,fails,0,G2 trend;G3 leader,F:2/3,,owner-request,,RED,
2026-09-03,NKE,0,38.24,CAUTION,37.79,39.71,42.0863,0,WHITE,0,48,0,BREAKDOWN,1,1,0,1,17,fails,0,G2 trend;G3 leader;G4 basis,F:2/3,,shadow-screen,,YELLOW,
2026-09-03,NOK,0,9.84,PULLBACK,9.22,9.69,10.3764,28.97,AMBER,2,3,1,INSIDE,0,0,0,0,52,fails,0,G2 trend;G4 basis,F:1/1,,owner-request,,NEUTRAL,
2026-09-03,NOW,0,136.72,HOLD,124.42,130.77,102.561,88.32,RED,4,2,1,BREAKOUT,0,0,0,0,53,fails,0,G3 leader,F:2/3,,owner-request,,RED,
2026-09-03,NTDOY,0,13.83,BOTTOMING,13.49,14.18,11.0218,75.19,WHITE,1,39,0,BREAKOUT,0,0,0,1,30,fails,0,G2 trend;G3 leader,F:—,,owner-request,,NEUTRAL,
2026-09-03,NVDA,1,224.41,ACCUMULATE,216.14,227.17,211.146,94.84,RED,4,10,1,INSIDE,0,0,0,1,55,fails,0,G1 size;G3 leader,F:3/3,15,holding,16,NEUTRAL,23
2026-09-03,NVO,0,46.77,CAUTION,45.96,48.3,46.894,50.19,WHITE,0,6,0,BREAKDOWN,0,0,0,1,22,fails,0,G2 trend;G3 leader;G4 basis,F:—,,owner-request,,NEUTRAL,
2026-09-03,NXPI,0,228.5,CAUTION,220.26,231.5,224.755,32.07,WHITE,0,3,0,INSIDE,0,0,0,1,27,fails,0,G2 trend;G3 leader,F:1/2,,shadow-screen,,RED,
2026-09-03,ON,0,72.34,CAUTION,70.72,74.32,81.6815,29.3,WHITE,1,1,0,BREAKDOWN,0,0,0,1,27,fails,0,G2 trend;G4 basis,F:2/3,,shadow-screen,,NEUTRAL,
2026-09-03,ONDS,0,7.61,CAUTION,7.46,7.84,8.8575,21.55,WHITE,0,9,0,BREAKDOWN,0,0,1,0,17,fails,0,G2 trend;G3 leader;G4 basis,F:1/3,,owner-request,,YELLOW,
2026-09-03,ONON,0,27.8,CAUTION,27.24,28.63,31.0357,1.57,WHITE,0,27,0,INSIDE,1,1,0,1,25,fails,0,G2 trend;G3 leader;G4 basis,F:1/1,,owner-request,,YELLOW,
2026-09-03,ORCL,0,145.75,CAUTION,142.17,149.43,145.075,37.99,WHITE,0,11,0,BREAKDOWN,0,0,0,1,14,fails,0,G2 trend;G3 leader,F:3/3,,owner-request,,YELLOW,
2026-09-03,OSCR,0,30.33,ACCUMULATE,29.92,31.45,13.468,85.84,RED,3,18,1,,0,0,0,1,80,CONVICTION,1,,F:2/2,11,owner-request,12,YELLOW,7
2026-09-03,OUST,0,34.83,ACCUMULATE,33.38,35.09,45.1567,41.22,RED,3,19,1,BREAKDOWN,0,0,0,1,55,fails,0,G3 leader;G4 basis,F:1/3,19,owner-request,18,YELLOW,11
2026-09-03,P,0,92.43,HOLD,82.19,86.38,74.1427,78.65,RED,4,7,1,,0,0,0,0,55,fails,0,G3 leader,F:3/3,,owner-request,,YELLOW,
2026-09-03,PANW,0,328.48,ACCUMULATE,321.6,338.01,167.327,71.78,RED,4,17,1,,0,0,0,1,73,STARTER,1,,F:2/3,12,owner-request,13,YELLOW,8
2026-09-03,PEP,0,140.52,CAUTION,134.95,141.83,142.322,29.12,WHITE,0,15,0,INSIDE,0,0,0,0,22,fails,0,G2 trend;G3 leader;G4 basis,F:2/3,,shadow-screen,,YELLOW,
2026-09-03,PFE,0,29.02,HOLD,24.67,25.92,25.169,99.37,RED,4,3,1,,0,0,0,0,47,fails,0,G3 leader,F:2/3,,shadow-screen,,RED,
2026-09-03,PG,0,147.64,BOTTOMING,140.91,148.09,143.781,58.7,WHITE,0,7,0,BREAKOUT,0,1,0,1,32,fails,0,G2 trend;G3 leader,F:2/3,,shadow-screen,,RED,
2026-09-03,PL,0,19.99,CAUTION,19.84,20.85,22.7495,16.6,WHITE,0,6,0,BREAKDOWN,0,0,0,1,40,fails,0,G2 trend;G4 basis,F:2/2,,owner-request,,YELLOW,
2026-09-03,PLTR,1,169.46,ACCUMULATE,163.03,171.35,134.44,76.15,RED,4,3,1,BREAKDOWN,0,0,0,0,40,fails,0,G1 size;G3 leader,F:2/2,24,holding,31,YELLOW,31
2026-09-03,QCOM,0,169.96,BOTTOMING,160.91,169.12,164.19,45.44,WHITE,1,6,0,BREAKOUT,0,0,0,0,33,fails,0,G2 trend;G3 leader,F:3/3,,owner-request,,RED,
2026-09-03,QQQ,0,709.24,ACCUMULATE,679.17,713.82,717.751,63.15,RED,3,22,1,BREAKDOWN,0,0,0,0,40,fails,0,G1 size;G3 leader;G4 basis,F:—,18,owner-request,29,YELLOW,28
2026-09-03,QQQM,1,292.02,HOLD,271.29,285.13,295.486,60.17,RED,3,22,1,BREAKDOWN,0,0,0,0,47,fails,0,G3 leader;G4 basis,F:—,,holding,,YELLOW,
2026-09-03,RBLX,0,41.21,BOTTOMING,36.49,38.35,37.2302,30.92,WHITE,0,39,0,BREAKOUT,0,0,0,0,35,fails,0,G2 trend;G3 leader,F:2/2,,owner-request,,RED,
2026-09-03,RBRK,0,87.18,ACCUMULATE,85.93,90.32,71.1089,74.11,RED,4,14,1,BREAKOUT,0,0,0,1,80,fails,0,G3 leader,F:2/2,28,owner-request,24,YELLOW,12
2026-09-03,RDDT,0,158.1,CAUTION,151.93,159.68,155.033,42.39,WHITE,0,6,0,INSIDE,0,0,0,1,32,fails,0,G2 trend;G3 leader,F:2/2,,owner-request,,RED,
2026-09-03,RKLB,0,63.1,CAUTION,61.83,64.99,68.0144,16.04,WHITE,0,4,0,INSIDE,0,0,0,1,22,fails,0,G2 trend;G3 leader;G4 basis,F:1/3,,owner-request,,YELLOW,
2026-09-03,RTX,0,200.78,ACCUMULATE,191.96,201.75,176.086,62.79,RED,4,12,1,BREAKDOWN,0,0,0,0,57,fails,0,G3 leader,F:2/3,,shadow-screen,,YELLOW,
2026-09-03,SATL,0,4.73,CAUTION,4.62,4.86,5.7825,32.59,WHITE,1,2,0,INSIDE,0,0,0,1,30,fails,0,G2 trend;G3 leader;G4 basis,F:1/2,,owner-request,,YELLOW,
2026-09-03,SCHW,0,108.24,ACCUMULATE,106.28,111.7,92.2225,88.62,RED,4,9,1,BREAKDOWN,0,0,0,1,57,fails,0,G3 leader,F:3/3,,shadow-screen,,YELLOW,
2026-09-03,SE,0,112.81,ACCUMULATE,112.41,118.15,89.3319,62.54,RED,3,4,1,BREAKDOWN,0,0,0,1,57,fails,0,G3 leader,F:2/2,32,owner-request,27,YELLOW,17
2026-09-03,SHOP,0,141.87,HOLD,133.87,140.7,119.427,71.8,RED,4,4,1,BREAKDOWN,0,0,0,0,47,fails,0,G3 leader,F:2/2,,owner-request,,YELLOW,
2026-09-03,SMCI,0,37,ACCUMULATE,36.03,37.87,30.7939,76.64,RED,4,3,1,BREAKOUT,1,0,1,1,48,fails,0,G3 leader,F:3/3,,shadow-screen,,NEUTRAL,
2026-09-03,SMH,0,550.48,HOLD,516.65,543.01,566.418,45.12,RED,3,65,1,BREAKDOWN,0,0,0,0,54,fails,0,G4 basis,F:—,,owner-request,,YELLOW,
2026-09-03,SNDK,1,1553.4,ACCUMULATE,1480.81,1556.36,638.592,72.8,RED,3,64,1,,0,0,0,1,75,fails,0,G1 size,F:3/3,1,holding,4,RED,2
2026-09-03,SNOW,0,305.84,HOLD,261.89,275.25,237.448,84.65,RED,4,13,1,BREAKDOWN,0,0,0,0,57,fails,0,G3 leader,F:3/3,,owner-request,,YELLOW,
2026-09-03,SOFI,0,17.84,CAUTION,17.07,17.94,18.3663,48.4,WHITE,0,29,0,INSIDE,0,0,0,0,22,fails,0,G2 trend;G3 leader;G4 basis,F:3/3,,owner-request,,YELLOW,
2026-09-03,SPCX,0,140.71,CAUTION,138.74,145.82,141.576,52.34,WHITE,0,9,0,,0,0,0,0,10,fails,0,G1 size;G2 trend;G3 leader;G4 basis;G5 data,F:—,,owner-request,,RED,
2026-09-03,STX,0,808.54,ACCUMULATE,794.94,835.5,811.168,50.56,RED,3,68,1,INSIDE,1,0,1,1,69,fails,0,G4 basis,F:3/3,,shadow-screen,,YELLOW,
2026-09-03,T,0,25.95,PULLBACK,25.52,26.82,23.3142,78.22,AMBER,2,3,1,INSIDE,0,0,0,1,42,fails,0,G2 trend;G3 leader,F:2/3,,shadow-screen,,RED,
2026-09-03,TE,0,4.27,CAUTION,3.05,3.21,5.9194,8.63,WHITE,0,6,0,INSIDE,0,0,0,0,45,fails,0,G2 trend;G4 basis,F:2/3,,owner-request,,NEUTRAL,
2026-09-03,TEAM,0,186.44,ACCUMULATE,185.7,195.17,86.2643,95.25,RED,4,4,1,BREAKOUT,0,0,0,1,67,fails,0,G3 leader,F:2/2,23,owner-request,21,RED,3
2026-09-03,TER,0,341.62,ACCUMULATE,335.08,352.18,359.509,38.44,RED,3,56,1,BREAKDOWN,0,0,0,0,67,fails,0,G4 basis,F:2/3,,shadow-screen,,YELLOW,
2026-09-03,TMC,0,4.59,CAUTION,4.45,4.68,4.5407,34.47,WHITE,0,29,0,BREAKDOWN,1,0,1,1,25,fails,0,G2 trend;G3 leader,F:1/2,,owner-request,,NEUTRAL,
2026-09-03,TMDX,0,84.29,CAUTION,82.93,87.16,74.8559,55.5,WHITE,0,24,0,BREAKDOWN,0,0,0,1,25,fails,0,G2 trend;G3 leader,F:3/3,,owner-request,,YELLOW,
2026-09-03,TMO,0,608.54,HOLD,566.35,595.25,472.719,88.74,RED,4,7,1,BREAKOUT,0,0,0,0,57,fails,0,G3 leader,F:2/3,,shadow-screen,,YELLOW,
2026-09-03,TMUS,0,187.3,BOTTOMING,178.79,187.91,182.438,49.4,WHITE,0,51,0,BREAKOUT,0,0,0,1,32,fails,0,G2 trend;G3 leader,F:2/3,,shadow-screen,,RED,
2026-09-03,TOST,0,34.04,HOLD,27.55,28.95,28.1072,73.9,RED,4,5,1,BREAKDOWN,0,0,0,0,50,fails,0,G3 leader,F:2/2,,owner-request,,YELLOW,
2026-09-03,TSLA,1,357.01,BOTTOMING,344.57,362.15,397.921,30.46,WHITE,0,11,0,BREAKOUT,0,0,0,1,15,fails,0,G1 size;G2 trend;G3 leader;G4 basis,F:1/3,,holding,,RED,
2026-09-03,TSM,1,415.5,ACCUMULATE,409.46,430.35,417.813,63.64,RED,3,66,1,BREAKDOWN,0,0,0,1,59,fails,0,G4 basis,F:3/3,10,holding,11,YELLOW,27
2026-09-03,TXN,0,254.8,PULLBACK,215.34,226.32,279.718,33.59,AMBER,2,1,1,BREAKDOWN,0,0,0,0,28,fails,0,G2 trend;G3 leader;G4 basis,F:3/3,,shadow-screen,,YELLOW,
2026-09-03,UBER,0,76.45,BOTTOMING,72.8,76.51,74.2829,69.81,WHITE,1,38,1,BREAKOUT,0,0,0,0,47,fails,0,G2 trend;G3 leader,F:3/3,,owner-request,,YELLOW,
2026-09-03,UNH,0,399.66,ACCUMULATE,390.04,409.94,398.004,68.77,RED,3,18,1,INSIDE,0,0,0,1,63,fails,0,G3 leader,F:3/3,,shadow-screen,,RED,
2026-09-03,V,0,378.4,HOLD,354.6,372.69,330.19,95.58,RED,4,10,1,INSIDE,0,0,0,0,53,fails,0,G3 leader,F:0/1,,owner-request,,RED,
2026-09-03,VRT,0,256.7,PULLBACK,237.08,249.18,263.63,37.14,AMBER,2,3,1,BREAKDOWN,0,0,0,0,42,fails,0,G2 trend;G4 basis,F:3/3,,owner-request,,YELLOW,
2026-09-03,VZ,0,50.22,ACCUMULATE,49.32,51.84,47.3705,92.18,RED,4,5,1,INSIDE,0,0,0,1,57,fails,0,G3 leader,F:2/3,,shadow-screen,,RED,
2026-09-03,WDC,0,448.9,ACCUMULATE,431.52,453.53,459.758,48.09,RED,3,66,1,INSIDE,0,0,0,1,69,fails,0,G4 basis,F:3/3,,shadow-screen,,NEUTRAL,
2026-09-03,WFC,0,89.27,ACCUMULATE,85.34,89.69,87.0812,93.09,RED,3,9,1,INSIDE,0,0,0,1,62,fails,0,G3 leader,F:2/3,,shadow-screen,,RED,
2026-09-03,WMT,0,106.09,CAUTION,103.04,108.29,114.745,22.54,WHITE,0,9,0,INSIDE,1,1,0,1,18,fails,0,G2 trend;G3 leader;G4 basis,F:2/3,,shadow-screen,,YELLOW,
2026-09-03,XOM,0,164.15,ACCUMULATE,160.28,168.46,153.263,92.78,RED,4,8,1,BREAKOUT,0,0,0,1,63,STARTER,1,,F:—,,shadow-screen,,NEUTRAL,
2026-09-03,ZETA,0,30.44,HOLD,28.38,29.83,18.4446,96.62,RED,4,15,1,BREAKOUT,0,0,0,0,80,CONVICTION,1,,F:2/2,,owner-request,,RED,
2026-09-03,ZS,0,172.73,CAUTION,160.52,168.7,146.806,72.78,WHITE,1,39,0,,0,0,0,0,30,fails,0,G2 trend;G3 leader,F:3/3,,owner-request,,YELLOW,
2026-09-04,0700,0,445.4,CAUTION,433.15,455.25,441.993,22.11,WHITE,0,29,0,BREAKDOWN,0,0,0,1,10,fails,0,G1 size;G2 trend;G3 leader,F:—,,owner-request,,NEUTRAL,
2026-09-04,1810,0,28.3,BOTTOMING,27.46,28.86,28.0161,45.03,WHITE,0,47,0,BREAKOUT,0,0,0,1,24,fails,0,G2 trend;G3 leader,F:—,,owner-request,,RED,
2026-09-04,3690,0,81.2,CAUTION,76.32,80.22,77.8804,36.44,WHITE,0,72,0,,0,1,0,0,14,fails,0,G2 trend;G3 leader,F:—,,owner-request,,NEUTRAL,
2026-09-04,9992,1,155.6,CAUTION,151.17,158.89,154.259,30.21,WHITE,0,27,0,INSIDE,1,1,0,1,23,fails,0,G2 trend;G3 leader,F:—,,holding,,RED,
2026-09-04,AAL,0,13.11,CAUTION,11.89,12.5,15.1365,23.46,WHITE,1,3,0,BREAKDOWN,0,0,0,0,17,fails,0,G2 trend;G3 leader;G4 basis,F:2/3,,shadow-screen,,YELLOW,
2026-09-04,AAOI,0,103.13,PULLBACK,101,106.16,134.022,26.44,AMBER,2,2,1,BREAKDOWN,0,0,0,1,47,fails,0,G2 trend;G4 basis,F:1/3,,owner-request,,YELLOW,
2026-09-04,AAPL,1,324.96,ACCUMULATE,313.38,329.37,310.592,90.48,RED,3,23,1,BREAKOUT,0,0,0,1,70,fails,0,G1 size,F:2/3,13,holding,14,RED,19
2026-09-04,ABBV,0,261.72,ACCUMULATE,257.49,270.63,249.255,94.59,RED,4,13,1,BREAKOUT,0,0,0,1,67,fails,0,G3 leader,F:2/3,,shadow-screen,,NEUTRAL,
2026-09-04,ABCL,0,11.36,HOLD,10.75,11.3,4.0517,92.4,RED,4,19,1,INSIDE,0,0,1,0,85,CONVICTION,1,,F:2/3,,owner-request,,YELLOW,
2026-09-04,ABT,0,110.47,ACCUMULATE,106.82,112.27,88.7909,74.69,RED,4,3,1,BREAKDOWN,0,0,0,1,52,fails,0,G3 leader,F:2/2,,shadow-screen,,YELLOW,
2026-09-04,ACN,0,187.68,CAUTION,182.99,192.32,126.877,69.6,WHITE,1,32,0,INSIDE,0,0,0,1,32,fails,0,G2 trend;G3 leader,F:1/2,,shadow-screen,,NEUTRAL,
2026-09-04,ADBE,0,279.79,BOTTOMING,263.28,276.72,251.675,80.31,WHITE,1,91,1,BREAKOUT,0,0,0,0,47,fails,0,G2 trend;G3 leader,F:3/3,,owner-request,,NEUTRAL,
2026-09-04,ADI,0,355.71,PULLBACK,343.86,361.41,376.915,30.29,AMBER,2,2,1,BREAKDOWN,0,0,0,1,37,fails,0,G2 trend;G4 basis,F:3/3,,shadow-screen,,YELLOW,
2026-09-04,AEHR,0,80.24,HOLD,70.11,73.69,97.4165,40.15,RED,3,62,1,INSIDE,0,1,0,0,75,fails,0,G4 basis,F:1/3,,owner-request,,YELLOW,
2026-09-04,AFRM,0,74.09,ACCUMULATE,72.26,75.94,76.5321,63.56,RED,4,15,1,BREAKDOWN,1,1,0,1,60,fails,0,G3 leader;G4 basis,F:2/2,29,owner-request,3,YELLOW,13
2026-09-04,ALAB,0,274.13,HOLD,188.71,198.34,123.076,49.72,RED,3,20,1,BREAKDOWN,0,0,0,0,67,STARTER,1,,F:3/3,,owner-request,,YELLOW,
2026-09-04,AMAT,0,438.46,PULLBACK,432.78,454.86,541.891,38.92,AMBER,2,1,1,BREAKDOWN,0,0,0,1,44,fails,0,G2 trend;G4 basis,F:2/3,,owner-request,,YELLOW,
2026-09-04,AMD,1,457.06,ACCUMULATE,449.64,472.58,215.827,57.47,RED,3,25,1,INSIDE,0,0,0,1,70,fails,0,G1 size,F:3/3,8,holding,9,YELLOW,6
2026-09-04,AMZN,1,254.98,ACCUMULATE,248.69,261.38,262.336,66.28,RED,4,6,1,BREAKDOWN,0,0,0,1,35,fails,0,G1 size;G3 leader;G4 basis,F:3/3,20,holding,19,YELLOW,24
2026-09-04,ANET,0,186.1,HOLD,170.28,178.96,143.099,81.27,RED,4,21,1,BREAKDOWN,0,0,0,0,57,fails,0,G3 leader,F:3/3,,owner-request,,YELLOW,
2026-09-04,APH,0,82.07,HOLD,77.52,81.48,79.1067,86.78,RED,4,15,1,BREAKOUT,0,0,0,0,72,STARTER,1,,F:3/3,,shadow-screen,,RED,
2026-09-04,APP,1,319.05,CAUTION,306.68,322.32,312.934,13.26,WHITE,0,8,0,INSIDE,0,0,0,1,23,fails,0,G2 trend;G3 leader,F:2/2,,holding,,RED,
2026-09-04,ARM,1,234.86,PULLBACK,229.68,241.4,210.673,45.14,AMBER,2,3,1,BREAKDOWN,0,0,0,1,57,fails,0,G2 trend,F:3/3,,holding,,YELLOW,
2026-09-04,ASML,0,1682.3,HOLD,1538.89,1617.41,1761.26,55.68,RED,3,55,1,BREAKDOWN,0,0,0,0,58,fails,0,G4 basis,F:1/1,,owner-request,,YELLOW,
2026-09-04,ASTS,0,62.4,BOTTOMING,56.32,59.2,69.5636,20.74,WHITE,0,8,0,BREAKOUT,0,0,0,0,27,fails,0,G2 trend;G3 leader;G4 basis,F:0/2,,owner-request,,NEUTRAL,
2026-09-04,AVGO,0,367.24,PULLBACK,361.03,379.45,368.4,39.08,AMBER,2,3,1,BREAKOUT,0,0,0,1,25,fails,0,G1 size;G2 trend;G3 leader;G4 basis,F:3/3,,owner-request,,YELLOW,
2026-09-04,AXON,0,506.98,CAUTION,490.92,515.97,608.067,44.84,RED,3,5,0,BREAKDOWN,0,0,0,1,27,fails,0,G2 trend;G3 leader;G4 basis,F:3/3,,owner-request,,YELLOW,
2026-09-04,AXP,0,329.98,PULLBACK,307.38,323.06,341.473,41.75,AMBER,2,1,1,INSIDE,0,0,0,0,32,fails,0,G2 trend;G3 leader;G4 basis,F:2/3,,shadow-screen,,YELLOW,
2026-09-04,AXTI,0,56.95,PULLBACK,55.04,57.85,64.4517,30.4,AMBER,2,2,1,BREAKDOWN,0,0,0,1,52,fails,0,G2 trend;G4 basis,F:0/3,,owner-request,,YELLOW,
2026-09-04,AZO,0,2934.52,CAUTION,2719.86,2858.63,3085.97,1.56,WHITE,0,29,0,INSIDE,0,0,0,0,22,fails,0,G2 trend;G3 leader;G4 basis,F:2/3,,shadow-screen,,YELLOW,
2026-09-04,BA,0,208.87,CAUTION,195.94,205.94,216.677,18.95,WHITE,0,3,0,INSIDE,0,0,0,0,22,fails,0,G2 trend;G3 leader;G4 basis,F:2/3,,shadow-screen,,YELLOW,
2026-09-04,BAC,0,62.6,ACCUMULATE,60.8,63.9,62.042,89.58,RED,4,14,1,BREAKDOWN,0,0,0,1,58,fails,0,G3 leader,F:2/3,,shadow-screen,,NEUTRAL,
2026-09-04,BB,0,7.61,HOLD,6.08,6.39,8.9098,32.97,RED,3,20,1,BREAKDOWN,0,0,0,0,65,fails,0,G4 basis,F:2/3,,owner-request,,YELLOW,
2026-09-04,BE,0,217.28,ACCUMULATE,208.45,219.09,212.704,53.8,RED,3,2,1,INSIDE,0,0,0,1,73,STARTER,1,,F:0/1,,shadow-screen,,RED,
2026-09-04,BKNG,0,199.6,ACCUMULATE,195.11,205.06,168.127,74.1,RED,4,5,1,BREAKDOWN,0,0,0,1,52,fails,0,G3 leader,F:2/3,,shadow-screen,,YELLOW,
2026-09-04,BSX,0,48.37,BOTTOMING,47.36,49.78,44.6055,42.32,WHITE,0,40,0,BREAKOUT,0,0,0,1,32,fails,0,G2 trend;G3 leader,F:3/3,,shadow-screen,,YELLOW,
2026-09-04,C,0,134.34,ACCUMULATE,130.21,136.85,132.864,72.88,RED,3,25,1,BREAKOUT,0,0,0,1,77,CONVICTION,1,,F:2/3,,shadow-screen,,NEUTRAL,
2026-09-04,CAT,0,792.28,PULLBACK,772.43,811.84,887.084,33.61,AMBER,2,2,1,BREAKOUT,0,0,0,1,48,fails,0,G2 trend;G4 basis,F:2/3,,shadow-screen,,YELLOW,
2026-09-04,CAVA,0,61.79,CAUTION,51.3,53.92,63.1027,9.86,WHITE,1,7,0,BREAKDOWN,0,0,0,0,25,fails,0,G2 trend;G3 leader;G4 basis,F:3/3,,owner-request,,YELLOW,
2026-09-04,CBRS,0,184.52,CAUTION,176.93,185.96,180.544,20.11,WHITE,0,17,0,INSIDE,1,0,1,1,28,fails,0,G2 trend;G3 leader;G5 data,F:—,,shadow-screen,,YELLOW,
2026-09-04,CDE,0,21.42,ACCUMULATE,20.59,21.64,16.2809,89,RED,3,2,1,BREAKOUT,0,0,0,1,72,STARTER,1,,F:2/3,12,owner-request,13,NEUTRAL,30
2026-09-04,CEG,0,290.04,BOTTOMING,268.27,281.96,273.749,70.93,WHITE,1,32,1,BREAKOUT,0,0,0,0,47,fails,0,G2 trend;G3 leader,F:2/3,,shadow-screen,,RED,
2026-09-04,CIEN,0,354.16,CAUTION,348.29,366.06,440.28,31.04,AMBER,2,3,0,BREAKDOWN,0,0,0,1,37,fails,0,G2 trend;G4 basis,F:3/3,,shadow-screen,,YELLOW,
2026-09-04,CIFR,0,15.18,CAUTION,6.09,6.4,16.8729,18.83,WHITE,0,2,0,INSIDE,0,1,0,0,37,fails,0,G2 trend;G4 basis,F:2/3,,owner-request,,NEUTRAL,
2026-09-04,COHR,0,268.64,PULLBACK,263.96,277.42,269.345,31.41,AMBER,2,3,1,INSIDE,0,0,0,1,48,fails,0,G2 trend;G4 basis,F:2/3,,shadow-screen,,YELLOW,
2026-09-04,COIN,0,174.96,BOTTOMING,167.55,176.1,150.316,47.07,WHITE,0,40,0,BREAKOUT,0,0,0,1,28,fails,0,G2 trend;G3 leader,F:1/2,,owner-request,,NEUTRAL,
2026-09-04,COST,0,928.48,CAUTION,863.26,907.3,949.877,18.52,WHITE,0,9,0,BREAKDOWN,0,0,0,0,13,fails,0,G2 trend;G3 leader;G4 basis,F:2/3,,owner-request,,YELLOW,
2026-09-04,CRCL,0,88.64,CAUTION,88.57,93.09,63.3924,56.53,AMBER,2,2,0,BREAKDOWN,0,0,0,1,27,fails,0,G2 trend;G3 leader,F:2/2,,shadow-screen,,RED,
2026-09-04,CRDO,0,165.22,CAUTION,160.93,169.14,234.557,30.63,AMBER,2,1,0,BREAKDOWN,0,0,0,1,22,fails,0,G2 trend;G3 leader;G4 basis,F:3/3,,owner-request,,YELLOW,
2026-09-04,CRM,0,256.93,ACCUMULATE,253.62,266.56,185.994,92.75,RED,4,2,1,BREAKOUT,0,0,0,1,59,fails,0,G3 leader,F:2/3,25,owner-request,22,RED,14
2026-09-04,CRWD,0,203.42,HOLD,185.3,194.75,102.998,84.24,RED,4,17,1,BREAKDOWN,0,1,0,0,68,STARTER,1,,F:1/2,,owner-request,,NEUTRAL,
2026-09-04,CRWV,0,80.93,CAUTION,79.85,83.92,89.1533,20.68,WHITE,0,3,0,BREAKDOWN,0,0,0,1,18,fails,0,G2 trend;G3 leader;G4 basis,F:2/2,,owner-request,,YELLOW,
2026-09-04,CSCO,0,109.46,HOLD,89.92,94.5,112.398,41.9,RED,3,71,1,INSIDE,0,0,0,0,58,fails,0,G4 basis,F:2/3,,shadow-screen,,YELLOW,
2026-09-04,CSPX,1,827.55,ACCUMULATE,817.47,859.17,805.023,91.17,RED,4,22,1,BREAKDOWN,0,0,0,1,60,fails,0,G3 leader,F:—,19,holding,18,YELLOW,28
2026-09-04,CVX,0,211.78,ACCUMULATE,201.99,212.29,189.924,99.38,RED,4,8,1,BREAKOUT,0,0,0,1,63,fails,0,G3 leader,F:1/3,,shadow-screen,,RED,
2026-09-04,CYPH,0,1.68,ACCUMULATE,1.74,1.83,0.7405,66.74,RED,4,2,1,BREAKOUT,1,0,1,1,80,CONVICTION,1,,F:1/3,4,owner-request,2,RED,5
2026-09-04,D05,0,78.76,HOLD,74.53,78.34,57.2904,100,RED,4,72,1,,0,0,0,0,70,STARTER,1,,F:—,,owner-request,,RED,
2026-09-04,DDOG,1,209.23,HOLD,140.42,147.59,125.934,45.71,RED,3,18,1,BREAKDOWN,0,0,0,0,62,STARTER,1,,F:2/2,,holding,,YELLOW,
2026-09-04,DELL,0,492.2,HOLD,454.61,477.8,119.097,98.7,RED,4,27,1,BREAKOUT,0,0,0,0,79,CONVICTION,1,,F:2/2,,owner-request,,NEUTRAL,
2026-09-04,DRAM,1,56.21,CAUTION,55.14,57.96,54.43,47.24,AMBER,2,7,0,INSIDE,1,0,1,1,48,fails,0,G2 trend;G5 data,F:—,,holding,,RED,
2026-09-04,DUOL,0,157.85,PULLBACK,156.22,164.19,98.8507,82.89,AMBER,2,1,1,BREAKOUT,0,0,0,1,55,fails,0,G2 trend;G3 leader,F:2/2,,owner-request,,RED,
2026-09-04,ETHA,0,18.05,BOTTOMING,17.83,18.74,14.3238,67.67,WHITE,1,40,1,BREAKOUT,0,0,0,1,52,fails,0,G2 trend;G3 leader,F:1/2,,owner-request,,RED,
2026-09-04,ETN,0,390.85,PULLBACK,371.18,390.12,405.419,43.07,AMBER,2,1,1,BREAKDOWN,0,0,0,0,27,fails,0,G2 trend;G3 leader;G4 basis,F:3/3,,shadow-screen,,YELLOW,
2026-09-04,FCX,0,73.93,HOLD,68.45,71.94,61.991,89.94,RED,4,7,1,BREAKOUT,0,0,0,0,67,STARTER,1,,F:2/3,,shadow-screen,,YELLOW,
2026-09-04,GE,0,329.5,PULLBACK,313.6,329.6,284.854,56.16,AMBER,2,1,1,BREAKDOWN,0,0,0,0,32,fails,0,G2 trend;G3 leader,F:3/3,,shadow-screen,,YELLOW,
2026-09-04,GEV,0,921.94,PULLBACK,876.29,921,1065.33,40.6,AMBER,2,2,1,BREAKDOWN,0,1,0,0,38,fails,0,G2 trend;G4 basis,F:2/3,,shadow-screen,,YELLOW,
2026-09-04,GLW,0,144.13,CAUTION,142.53,149.8,157.764,30.16,AMBER,2,3,0,INSIDE,0,0,0,1,37,fails,0,G2 trend;G4 basis,F:1/1,,shadow-screen,,YELLOW,
2026-09-04,GOOG,1,333.78,PULLBACK,313.8,329.81,341.604,40.65,AMBER,2,1,1,BREAKDOWN,0,0,0,0,25,fails,0,G1 size;G2 trend;G4 basis,F:2/2,,holding,,YELLOW,
2026-09-04,GOOGL,0,337.12,PULLBACK,311.45,327.34,344.911,44.18,AMBER,2,1,1,BREAKDOWN,0,0,0,0,25,fails,0,G1 size;G2 trend;G4 basis,F:2/2,,owner-request,,YELLOW,
2026-09-04,GRAB,0,3.53,CAUTION,3.55,3.73,3.6237,31.96,WHITE,0,35,0,INSIDE,1,0,1,1,25,fails,0,G2 trend;G3 leader;G4 basis,F:2/2,,owner-request,,YELLOW,
2026-09-04,GS,0,1004.42,HOLD,912.68,959.24,1040.82,50.32,RED,3,23,1,BREAKDOWN,0,0,0,0,38,fails,0,G3 leader;G4 basis,F:2/2,,shadow-screen,,YELLOW,
2026-09-04,HD,0,318.51,CAUTION,305.63,321.22,336.64,13.54,WHITE,0,27,0,BREAKDOWN,0,0,0,0,17,fails,0,G2 trend;G3 leader;G4 basis,F:2/3,,shadow-screen,,YELLOW,
2026-09-04,HIMS,0,28.68,CAUTION,25.9,27.23,29.3603,45.66,RED,3,3,0,BREAKDOWN,0,0,0,0,35,fails,0,G2 trend;G3 leader;G4 basis,F:2/2,,owner-request,,YELLOW,
2026-09-04,HON,0,206.07,CAUTION,202.39,212.72,224.045,5.39,WHITE,0,2,0,BREAKDOWN,0,0,0,1,17,fails,0,G2 trend;G3 leader;G4 basis,F:2/3,,shadow-screen,,YELLOW,
2026-09-04,HOOD,1,106.99,ACCUMULATE,103.35,108.62,76.046,77.5,RED,4,5,1,BREAKOUT,0,0,0,1,63,fails,0,G3 leader,F:2/2,23,holding,21,RED,15
2026-09-04,IBIT,0,43.79,BOTTOMING,42.93,45.12,36.3375,63.04,WHITE,1,42,1,BREAKOUT,0,0,0,1,48,fails,0,G2 trend;G3 leader,F:1/2,,owner-request,,RED,
2026-09-04,IBM,0,231.7,CAUTION,218.15,229.28,235.313,38.99,WHITE,0,8,0,INSIDE,0,0,0,0,22,fails,0,G2 trend;G3 leader;G4 basis,F:2/3,,shadow-screen,,NEUTRAL,
2026-09-04,ICE,0,157.85,PULLBACK,152.24,160.01,155.347,67.22,AMBER,2,1,1,BREAKDOWN,0,0,0,0,37,fails,0,G2 trend;G3 leader,F:2/3,,owner-request,,YELLOW,
2026-09-04,IGV,0,103.42,ACCUMULATE,100.28,105.4,92.8767,85.11,RED,4,5,1,INSIDE,0,0,0,1,57,fails,0,G3 leader,F:—,28,owner-request,25,YELLOW,22
2026-09-04,INTC,0,90.05,ACCUMULATE,89.1,93.65,90.9195,43.08,RED,3,55,1,INSIDE,0,0,0,1,65,fails,0,G1 size;G4 basis,F:1/3,5,owner-request,6,YELLOW,10
2026-09-04,INTU,0,342.94,CAUTION,305.04,320.6,311.263,54.45,WHITE,0,48,0,BREAKDOWN,0,0,1,0,22,fails,0,G2 trend;G3 leader,F:3/3,,shadow-screen,,YELLOW,
2026-09-04,IONQ,0,37.64,BOTTOMING,36.63,38.5,40.78,22.64,WHITE,0,8,0,BREAKOUT,0,0,0,1,27,fails,0,G2 trend;G3 leader;G4 basis,F:1/3,,shadow-screen,,YELLOW,
2026-09-04,IOT,0,36.79,ACCUMULATE,36.42,38.28,39.3938,62.5,RED,4,6,1,BREAKDOWN,0,0,0,0,55,fails,0,G3 leader;G4 basis,F:2/2,24,owner-request,30,YELLOW,16
2026-09-04,IREN,0,39.6,CAUTION,36,37.83,41.1573,26.63,WHITE,0,8,0,BREAKDOWN,0,0,0,0,13,fails,0,G2 trend;G3 leader;G4 basis,F:2/2,,owner-request,,NEUTRAL,
2026-09-04,ISRG,0,371.88,CAUTION,363.37,381.91,403.484,23.55,WHITE,0,31,0,BREAKDOWN,0,0,0,1,17,fails,0,G2 trend;G3 leader;G4 basis,F:3/3,,shadow-screen,,YELLOW,
2026-09-04,IWM,0,294.01,ACCUMULATE,279.74,294.01,298.603,77.48,RED,3,23,1,BREAKDOWN,0,0,0,0,40,fails,0,G1 size;G3 leader;G4 basis,F:—,16,owner-request,27,YELLOW,27
2026-09-04,JNJ,0,275.21,HOLD,261.12,274.44,230.179,98.82,RED,4,60,1,BREAKOUT,0,0,0,0,68,STARTER,1,,F:2/3,,shadow-screen,,RED,
2026-09-04,JPM,0,356.22,ACCUMULATE,349.42,367.25,310.141,87.83,RED,4,14,1,INSIDE,0,0,0,1,58,fails,0,G3 leader,F:2/3,18,owner-request,17,YELLOW,23
2026-09-04,KLAC,0,172.26,CAUTION,143.27,150.58,181.489,32.7,AMBER,2,3,0,BREAKDOWN,0,0,0,0,28,fails,0,G2 trend;G4 basis,F:2/3,,owner-request,,YELLOW,
2026-09-04,KO,0,88.24,ACCUMULATE,85.46,89.82,81.4021,87.24,RED,4,35,1,BREAKOUT,0,0,0,1,67,fails,0,G3 leader,F:—,,shadow-screen,,YELLOW,
2026-09-04,LIN,0,487.45,PULLBACK,480.07,504.56,489.863,37.07,AMBER,2,6,1,INSIDE,0,0,0,1,32,fails,0,G2 trend;G3 leader;G4 basis,F:2/3,,shadow-screen,,RED,
2026-09-04,LITE,0,870.58,ACCUMULATE,853.81,897.37,871.238,64.24,RED,3,66,1,INSIDE,1,0,1,1,74,fails,0,G4 basis,F:2/3,3,owner-request,1,YELLOW,17
2026-09-04,LLY,0,1160.08,HOLD,1096.01,1151.93,1172,67.39,RED,3,17,1,INSIDE,0,0,0,0,54,fails,0,G4 basis,F:3/3,,owner-request,,YELLOW,
2026-09-04,LMND,0,53.14,CAUTION,52.15,54.81,53.2151,27.77,WHITE,0,6,0,INSIDE,0,0,0,1,25,fails,0,G2 trend;G3 leader;G4 basis,F:2/3,,owner-request,,RED,
2026-09-04,LRCX,1,288.32,HOLD,257.9,271.06,314.235,45.17,RED,3,66,1,BREAKDOWN,0,0,0,0,63,fails,0,G4 basis,F:3/3,,holding,,YELLOW,
2026-09-04,MA,0,588.14,HOLD,556.57,584.96,494.824,93.32,RED,4,6,1,BREAKDOWN,0,0,0,0,43,fails,0,G3 leader,F:3/3,,owner-request,,NEUTRAL,
2026-09-04,MCD,0,260.95,CAUTION,,,268.859,1.06,WHITE,0,23,0,BREAKDOWN,0,0,0,0,17,fails,0,G2 trend;G3 leader;G4 basis,F:2/3,,shadow-screen,,YELLOW,
2026-09-04,MCHP,0,72.76,CAUTION,70.09,73.66,74.5063,22.59,WHITE,0,1,0,INSIDE,0,0,0,1,22,fails,0,G2 trend;G3 leader;G4 basis,F:2/3,,shadow-screen,,YELLOW,
2026-09-04,MDB,0,375.4,HOLD,346.04,363.69,322.776,70.33,RED,4,6,1,BREAKOUT,0,0,0,0,52,fails,0,G3 leader,F:3/3,,owner-request,,YELLOW,
2026-09-04,META,0,592.85,BOTTOMING,540.32,567.89,604.457,41.72,WHITE,0,43,0,BREAKOUT,0,0,0,0,15,fails,0,G1 size;G2 trend;G3 leader;G4 basis,F:2/2,,owner-request,,RED,
2026-09-04,MPWR,0,1219.36,CAUTION,1143.45,1201.79,1319.8,25.07,AMBER,2,3,0,BREAKDOWN,0,0,0,0,27,fails,0,G2 trend;G4 basis,F:3/3,,shadow-screen,,YELLOW,
2026-09-04,MRK,0,151.64,ACCUMULATE,147.81,155.35,120.716,96.48,RED,4,44,1,,0,0,0,1,73,STARTER,1,,F:2/3,,shadow-screen,,RED,
2026-09-04,MRVL,0,206.48,ACCUMULATE,201.15,211.42,89.2744,43.97,RED,3,28,1,BREAKDOWN,0,0,0,1,65,fails,0,G1 size,F:3/3,6,owner-request,7,YELLOW,1
2026-09-04,MS,0,211.82,HOLD,197.68,207.77,215.288,61.65,RED,3,23,1,BREAKDOWN,0,0,0,0,62,fails,0,G4 basis,F:2/3,,shadow-screen,,YELLOW,
2026-09-04,MSFT,0,496.82,ACCUMULATE,487.08,511.93,394.416,87.32,RED,4,5,1,BREAKOUT,0,0,0,1,55,fails,0,G1 size;G3 leader,F:3/3,27,owner-request,24,YELLOW,20
2026-09-04,MSTR,0,123.19,CAUTION,123.31,129.6,94.9249,48.29,WHITE,0,48,0,BREAKDOWN,0,0,0,1,18,fails,0,G2 trend;G3 leader,F:0/2,,shadow-screen,,RED,
2026-09-04,MU,1,956.08,ACCUMULATE,919.51,966.42,938.275,75.08,RED,3,65,1,INSIDE,0,0,0,1,75,fails,0,G1 size,F:3/3,2,holding,5,RED,4
2026-09-04,NAK,0,1.59,CAUTION,1.44,1.51,1.9759,26.88,WHITE,0,9,0,BREAKDOWN,0,0,0,0,35,fails,0,G2 trend;G4 basis,F:1/1,,owner-request,,YELLOW,
2026-09-04,NBIS,1,204.09,ACCUMULATE,197.01,207.06,217.701,54.92,RED,3,31,1,INSIDE,0,0,0,1,70,fails,0,G1 size;G4 basis,F:2/2,7,holding,8,YELLOW,7
2026-09-04,NEE,0,83.1,CAUTION,80.97,85.1,86.065,18.12,WHITE,0,4,0,BREAKDOWN,0,0,0,1,17,fails,0,G2 trend;G3 leader;G4 basis,F:2/3,,shadow-screen,,YELLOW,
2026-09-04,NET,0,272.74,ACCUMULATE,268.99,282.71,198.309,71.53,RED,4,21,1,BREAKOUT,0,0,0,1,72,fails,0,G3 leader,F:2/2,15,owner-request,16,YELLOW,12
2026-09-04,NFLX,0,82.73,CAUTION,79.94,84.02,73.72,55.5,WHITE,0,42,0,BREAKDOWN,0,0,0,1,18,fails,0,G2 trend;G3 leader,F:2/3,,owner-request,,RED,
2026-09-04,NKE,0,38.24,CAUTION,37.79,39.71,42.0863,0,WHITE,0,48,0,BREAKDOWN,1,1,0,1,17,fails,0,G2 trend;G3 leader;G4 basis,F:2/3,,shadow-screen,,YELLOW,
2026-09-04,NOK,0,9.84,PULLBACK,9.22,9.69,10.3764,28.97,AMBER,2,3,1,INSIDE,0,0,0,0,52,fails,0,G2 trend;G4 basis,F:1/1,,owner-request,,NEUTRAL,
2026-09-04,NOW,0,136.72,HOLD,124.42,130.77,102.561,88.32,RED,4,2,1,BREAKOUT,0,0,0,0,53,fails,0,G3 leader,F:2/3,,owner-request,,RED,
2026-09-04,NTDOY,0,13.83,BOTTOMING,13.49,14.18,11.0218,74.73,WHITE,1,39,0,BREAKOUT,0,0,0,1,30,fails,0,G2 trend;G3 leader,F:—,,owner-request,,NEUTRAL,
2026-09-04,NVDA,1,224.41,ACCUMULATE,216.14,227.17,211.146,94.84,RED,4,10,1,INSIDE,0,0,0,1,55,fails,0,G1 size;G3 leader,F:3/3,14,holding,15,NEUTRAL,21
2026-09-04,NVO,0,46.77,CAUTION,45.96,48.3,46.894,50.52,WHITE,0,6,0,BREAKDOWN,0,0,0,1,22,fails,0,G2 trend;G3 leader;G4 basis,F:—,,owner-request,,NEUTRAL,
2026-09-04,NXPI,0,228.5,CAUTION,220.26,231.5,224.755,32.07,WHITE,0,3,0,INSIDE,0,0,0,1,27,fails,0,G2 trend;G3 leader,F:1/2,,shadow-screen,,RED,
2026-09-04,ON,0,72.34,CAUTION,70.72,74.32,81.6815,29.3,WHITE,1,1,0,BREAKDOWN,0,0,0,1,27,fails,0,G2 trend;G4 basis,F:2/3,,shadow-screen,,NEUTRAL,
2026-09-04,ONDS,0,7.61,CAUTION,7.46,7.84,8.8575,21.55,WHITE,0,9,0,BREAKDOWN,0,0,1,0,17,fails,0,G2 trend;G3 leader;G4 basis,F:1/3,,owner-request,,YELLOW,
2026-09-04,ONON,0,27.8,CAUTION,27.24,28.63,31.0357,1.57,WHITE,0,27,0,INSIDE,1,1,0,1,25,fails,0,G2 trend;G3 leader;G4 basis,F:1/1,,owner-request,,YELLOW,
2026-09-04,ORCL,0,145.75,CAUTION,142.17,149.43,145.075,37.99,WHITE,0,11,0,BREAKDOWN,0,0,0,1,14,fails,0,G2 trend;G3 leader,F:3/3,,owner-request,,YELLOW,
2026-09-04,OSCR,0,30.33,ACCUMULATE,29.92,31.45,13.468,85.58,RED,4,18,1,,0,0,0,1,80,CONVICTION,1,,F:2/2,9,owner-request,10,YELLOW,9
2026-09-04,OUST,0,34.83,HOLD,33.13,34.82,45.236,40.38,RED,3,19,1,INSIDE,0,0,0,0,55,fails,0,G3 leader;G4 basis,F:1/3,,owner-request,,YELLOW,
2026-09-04,P,0,92.43,HOLD,82.19,86.38,74.1427,77.76,RED,4,7,1,,0,0,0,0,55,fails,0,G3 leader,F:3/3,,owner-request,,YELLOW,
2026-09-04,PANW,0,328.48,ACCUMULATE,321.6,338.01,167.327,71.13,RED,4,17,1,,0,0,0,1,73,STARTER,1,,F:2/3,11,owner-request,12,YELLOW,8
2026-09-04,PEP,0,140.52,CAUTION,134.95,141.83,142.322,29.07,WHITE,0,15,0,INSIDE,0,0,0,0,22,fails,0,G2 trend;G3 leader;G4 basis,F:2/3,,shadow-screen,,YELLOW,
2026-09-04,PFE,0,29.02,HOLD,27.33,28.72,25.169,99.37,RED,4,3,1,BREAKOUT,0,0,0,0,57,fails,0,G3 leader,F:2/3,,shadow-screen,,RED,
2026-09-04,PG,0,147.64,BOTTOMING,140.91,148.09,143.781,59,WHITE,0,7,0,BREAKOUT,0,1,0,1,32,fails,0,G2 trend;G3 leader,F:2/3,,shadow-screen,,RED,
2026-09-04,PL,0,19.99,CAUTION,19.84,20.85,22.7495,16.6,WHITE,0,6,0,BREAKDOWN,0,0,0,1,40,fails,0,G2 trend;G4 basis,F:2/2,,owner-request,,YELLOW,
2026-09-04,PLTR,1,169.46,ACCUMULATE,163.03,171.35,134.44,76.15,RED,4,3,1,BREAKDOWN,0,0,0,0,40,fails,0,G1 size;G3 leader,F:2/2,22,holding,29,YELLOW,29
2026-09-04,QCOM,0,169.96,BOTTOMING,160.91,169.12,164.19,45.78,WHITE,1,6,0,BREAKOUT,0,0,0,0,37,fails,0,G2 trend;G3 leader,F:3/3,,owner-request,,RED,
2026-09-04,QQQ,0,709.24,ACCUMULATE,679.17,713.82,717.751,63.15,RED,3,22,1,BREAKDOWN,0,0,0,0,40,fails,0,G1 size;G3 leader;G4 basis,F:—,17,owner-request,28,YELLOW,26
2026-09-04,QQQM,1,292.02,HOLD,271.29,285.13,295.486,59.7,RED,3,22,1,BREAKDOWN,0,0,0,0,42,fails,0,G3 leader;G4 basis,F:—,,holding,,YELLOW,
2026-09-04,RBLX,0,41.21,BOTTOMING,36.49,38.35,37.2302,31.47,WHITE,0,39,0,BREAKOUT,0,0,0,0,35,fails,0,G2 trend;G3 leader,F:2/2,,owner-request,,RED,
2026-09-04,RBRK,0,87.18,ACCUMULATE,85.93,90.32,71.1089,74.11,RED,4,14,1,BREAKOUT,0,0,0,1,80,fails,0,G3 leader,F:2/2,26,owner-request,23,YELLOW,11
2026-09-04,RDDT,0,158.1,CAUTION,151.93,159.68,155.033,42.63,WHITE,0,6,0,INSIDE,0,0,0,1,32,fails,0,G2 trend;G3 leader,F:2/2,,owner-request,,RED,
2026-09-04,RKLB,0,63.1,CAUTION,61.83,64.99,68.0144,16.05,WHITE,0,4,0,INSIDE,0,0,0,1,22,fails,0,G2 trend;G3 leader;G4 basis,F:1/3,,owner-request,,YELLOW,
2026-09-04,RTX,0,200.78,ACCUMULATE,191.96,201.75,176.086,62.46,RED,4,12,1,BREAKDOWN,0,0,0,0,57,fails,0,G3 leader,F:2/3,,shadow-screen,,YELLOW,
2026-09-04,SATL,0,4.73,CAUTION,4.62,4.86,5.7825,32.59,WHITE,1,2,0,INSIDE,0,0,0,1,30,fails,0,G2 trend;G3 leader;G4 basis,F:1/2,,owner-request,,YELLOW,
2026-09-04,SCHW,0,108.24,ACCUMULATE,106.28,111.7,92.2225,87.4,RED,4,9,1,BREAKDOWN,0,1,0,1,57,fails,0,G3 leader,F:3/3,,shadow-screen,,YELLOW,
2026-09-04,SE,0,112.81,ACCUMULATE,112.41,118.15,89.3319,61.77,RED,4,4,1,BREAKDOWN,0,0,0,1,57,fails,0,G3 leader,F:2/2,30,owner-request,26,YELLOW,18
2026-09-04,SHOP,0,141.87,HOLD,133.87,140.7,119.427,71.37,RED,4,4,1,BREAKDOWN,0,0,0,0,47,fails,0,G3 leader,F:2/2,,owner-request,,YELLOW,
2026-09-04,SMCI,0,37,ACCUMULATE,36.03,37.87,30.7939,76.64,RED,4,3,1,BREAKOUT,1,0,1,1,48,fails,0,G3 leader,F:3/3,,shadow-screen,,NEUTRAL,
2026-09-04,SMH,0,550.48,HOLD,516.65,543.01,566.418,44.79,RED,3,65,1,BREAKDOWN,0,0,0,0,54,fails,0,G4 basis,F:—,,owner-request,,YELLOW,
2026-09-04,SNDK,1,1553.4,ACCUMULATE,1480.81,1556.36,638.592,72.8,RED,3,64,1,,0,0,0,1,75,fails,0,G1 size,F:3/3,1,holding,4,RED,2
2026-09-04,SNOW,0,305.84,HOLD,261.89,275.25,237.448,84.1,RED,4,13,1,BREAKDOWN,0,0,0,0,57,fails,0,G3 leader,F:3/3,,owner-request,,YELLOW,
2026-09-04,SOFI,0,17.84,CAUTION,17.07,17.94,18.3663,48.4,WHITE,0,29,0,INSIDE,0,0,0,0,22,fails,0,G2 trend;G3 leader;G4 basis,F:3/3,,owner-request,,YELLOW,
2026-09-04,SPCX,0,140.71,CAUTION,138.74,145.82,141.576,52.34,WHITE,0,9,0,,0,0,0,0,10,fails,0,G1 size;G2 trend;G3 leader;G4 basis;G5 data,F:—,,owner-request,,RED,
2026-09-04,STX,0,808.54,ACCUMULATE,794.94,835.5,811.168,50.19,RED,3,68,1,INSIDE,1,0,1,1,69,fails,0,G4 basis,F:3/3,,shadow-screen,,YELLOW,
2026-09-04,T,0,25.95,PULLBACK,25.52,26.82,23.3142,78.26,AMBER,2,3,1,INSIDE,0,0,0,1,42,fails,0,G2 trend;G3 leader,F:2/3,,shadow-screen,,RED,
2026-09-04,TE,0,4.27,CAUTION,3.05,3.21,5.9194,8.63,WHITE,0,6,0,INSIDE,0,0,0,0,45,fails,0,G2 trend;G4 basis,F:2/3,,owner-request,,NEUTRAL,
2026-09-04,TEAM,0,186.44,ACCUMULATE,185.7,195.17,86.2643,95.25,RED,4,4,1,BREAKOUT,0,0,0,1,67,fails,0,G3 leader,F:2/2,21,owner-request,20,RED,3
2026-09-04,TER,0,341.62,ACCUMULATE,335.08,352.18,359.509,38.44,RED,3,56,1,BREAKDOWN,0,0,0,0,67,fails,0,G4 basis,F:2/3,,shadow-screen,,YELLOW,
2026-09-04,TMC,0,4.59,CAUTION,4.45,4.68,4.5407,33.97,WHITE,0,29,0,BREAKDOWN,0,0,0,1,25,fails,0,G2 trend;G3 leader,F:1/2,,owner-request,,NEUTRAL,
2026-09-04,TMDX,0,84.29,CAUTION,82.93,87.16,74.8559,55.12,WHITE,0,24,0,BREAKDOWN,0,0,0,1,25,fails,0,G2 trend;G3 leader,F:3/3,,owner-request,,YELLOW,
2026-09-04,TMO,0,608.54,HOLD,566.35,595.25,472.719,88.26,RED,4,7,1,BREAKOUT,0,0,0,0,57,fails,0,G3 leader,F:2/3,,shadow-screen,,YELLOW,
2026-09-04,TMUS,0,187.3,BOTTOMING,178.79,187.91,182.438,49.75,WHITE,0,51,0,BREAKOUT,0,0,0,1,32,fails,0,G2 trend;G3 leader,F:2/3,,shadow-screen,,RED,
2026-09-04,TOST,0,34.04,HOLD,27.55,28.95,28.1072,73.14,RED,4,5,1,BREAKDOWN,0,0,0,0,50,fails,0,G3 leader,F:2/2,,owner-request,,YELLOW,
2026-09-04,TSLA,1,357.01,BOTTOMING,344.57,362.15,397.921,30.46,WHITE,0,11,0,BREAKOUT,0,0,0,1,15,fails,0,G1 size;G2 trend;G3 leader;G4 basis,F:1/3,,holding,,RED,
2026-09-04,TSM,1,415.5,ACCUMULATE,409.46,430.35,417.813,63.64,RED,3,66,1,BREAKDOWN,0,0,0,1,59,fails,0,G4 basis,F:3/3,10,holding,11,YELLOW,25
2026-09-04,TXN,0,254.8,PULLBACK,215.34,226.32,279.718,33.31,AMBER,2,2,1,BREAKDOWN,0,0,0,0,28,fails,0,G2 trend;G3 leader;G4 basis,F:3/3,,shadow-screen,,YELLOW,
2026-09-04,UBER,0,76.45,BOTTOMING,72.8,76.51,74.2829,69.37,WHITE,1,38,1,BREAKOUT,0,0,0,0,47,fails,0,G2 trend;G3 leader,F:3/3,,owner-request,,YELLOW,
2026-09-04,UNH,0,399.66,ACCUMULATE,386.81,406.54,394.702,68.9,RED,3,18,1,BREAKOUT,0,0,0,1,68,fails,0,G3 leader,F:3/3,,shadow-screen,,RED,
2026-09-04,V,0,378.4,HOLD,354.6,372.69,330.19,94.91,RED,4,10,1,BREAKDOWN,0,0,0,0,48,fails,0,G3 leader,F:0/1,,owner-request,,NEUTRAL,
2026-09-04,VRT,0,256.7,PULLBACK,237.08,249.18,263.63,36.95,AMBER,2,3,1,BREAKDOWN,0,0,0,0,42,fails,0,G2 trend;G4 basis,F:3/3,,owner-request,,YELLOW,
2026-09-04,VZ,0,50.22,ACCUMULATE,49.32,51.84,47.3705,92.14,RED,4,5,1,INSIDE,0,0,0,1,57,fails,0,G3 leader,F:2/3,,shadow-screen,,RED,
2026-09-04,WDC,0,448.9,ACCUMULATE,431.52,453.53,459.758,47.81,RED,3,66,1,INSIDE,0,0,0,1,69,fails,0,G4 basis,F:3/3,,shadow-screen,,NEUTRAL,
2026-09-04,WFC,0,89.27,ACCUMULATE,85.34,89.69,87.0812,93.15,RED,3,9,1,INSIDE,0,0,0,1,62,fails,0,G3 leader,F:2/3,,shadow-screen,,RED,
2026-09-04,WMT,0,106.09,CAUTION,103.04,108.29,114.745,22.54,WHITE,0,9,0,INSIDE,1,1,0,1,18,fails,0,G2 trend;G3 leader;G4 basis,F:2/3,,shadow-screen,,YELLOW,
2026-09-04,XOM,0,164.15,ACCUMULATE,160.28,168.46,153.263,92.83,RED,4,8,1,BREAKOUT,0,0,0,1,63,STARTER,1,,F:—,,shadow-screen,,NEUTRAL,
2026-09-04,ZETA,0,30.44,HOLD,28.38,29.83,18.4446,96.33,RED,4,15,1,BREAKOUT,0,0,0,0,80,CONVICTION,1,,F:2/2,,owner-request,,RED,
2026-09-04,ZS,0,172.73,CAUTION,160.52,168.7,146.806,72.25,WHITE,1,39,0,,0,0,0,0,30,fails,0,G2 trend;G3 leader,F:3/3,,owner-request,,YELLOW,
